investigating_agency,roadway_number,building_number,roadway_name,roadway_suffix,roadway_direction,milepoint,intersection_roadway_number,intersection_roadway_name,between_street_number_1,between_street_name_1,between_street_number_2,between_street_name_2,units_involved,motor_vehicles_involved,weather,roadway_condition,hit_and_run_indicator,roadway_type,directional_analysis,manner_of_collision,roadway_character,light_condition,secondary_collision_indicator,date,latitude,longitude,injury_indicator,fatality_indicator,day_of_week,accident_id,year,month,day,hour,minute,lighted_signal_indicator
LOUISVILLE METRO POLICE DEPT,,,KENWOOD,WAY,W,0.2,,,,1ST,,KENWOOD,2,1,CLEAR,DRY,False,NONE OF THE ABOVE,COLLISION WITH BICYCLIST,SINGLE VEHICLE,STRAIGHT & LEVEL,DAYLIGHT,False,2011-06-02 13:50:00-04:00,38.1791326,-85.7631176,False,False,THURSDAY,217,2011,6,2,13,50,False
LOUISVILLE METRO POLICE DEPT,,,26TH,ST,N,0.0,,MAIN,,,,,2,1,CLEAR,DRY,False,LOCAL STREET,COLLISION WITH BICYCLE,SINGLE VEHICLE,STRAIGHT & LEVEL,DARK-HWY LIGHTED/ON,False,2011-06-05 00:45:00-04:00,38.2607303,-85.7935655,True,False,SUNDAY,218,2011,6,5,0,45,False
LOUISVILLE METRO POLICE DEPT,KY1865,,NEW CUT,RD,,1.753,,,,ANGELETTA,,HARPERS FERRY,2,1,CLEAR,DRY,False,STATE,COLLISION WITH BICYCLIST,SINGLE VEHICLE,CURVE & LEVEL,DAYLIGHT,False,2011-06-05 19:12:00-04:00,38.1326905,-85.7723993,False,False,SUNDAY,219,2011,6,5,19,12,False
LOUISVILLE METRO POLICE DEPT,,,MUHAMMAD ALI,BLVD,W,0.78,,,,VILLAGE WEST,,PLACE VERT,2,1,CLEAR,DRY,False,LOCAL STREET,COLLISION WITH BICYCLIST,SINGLE VEHICLE,STRAIGHT & LEVEL,DAYLIGHT,False,2011-06-07 14:30:00-04:00,38.2521542,-85.7667197,False,False,TUESDAY,220,2011,6,7,14,30,False
LOUISVILLE METRO POLICE DEPT,,,21ST,ST,N,0.119,,,,,,,2,1,CLEAR,DRY,False,LOCAL STREET,COLLISION WITH BICYCLIST,SINGLE VEHICLE,STRAIGHT & LEVEL,DAYLIGHT,False,2011-06-08 17:50:00-04:00,38.264406,-85.7833661,True,False,WEDNESDAY,221,2011,6,8,17,50,False
LOUISVILLE METRO POLICE DEPT,KY2052,,SHEPHERDSVILLE,RD,,2.716,,,,BUECHEL BANK,,ARMSMERE,2,1,CLEAR,DRY,False,STATE,COLLISION WITH BICYCLIST,SINGLE VEHICLE,STRAIGHT & LEVEL,DAYLIGHT,False,2011-06-09 12:20:00-04:00,38.1779791,-85.6593554,True,False,THURSDAY,222,2011,6,9,12,20,False
LOUISVILLE METRO POLICE DEPT,KY0864,,POPLAR LEVEL,RD,,9.886,,,,PRODUCE,,HUNTINGTON PARK,2,1,CLEAR,DRY,False,STATE,COLLISION WITH BICYCLIST,SINGLE VEHICLE,STRAIGHT & LEVEL,DARK-HWY LIGHTED/ON,False,2011-06-10 22:29:00-04:00,38.1793096,-85.6922339,True,False,FRIDAY,223,2011,6,10,22,29,False
LOUISVILLE METRO POLICE DEPT,,,APPLEGATE,LN,,1.218,,SHERRY LYNN,,,,,2,1,CLEAR,DRY,False,LOCAL STREET,COLLISION WITH BICYCLE,SINGLE VEHICLE,STRAIGHT & LEVEL,DAYLIGHT,False,2011-06-11 20:01:00-04:00,38.1304513,-85.6374084,True,False,SATURDAY,224,2011,6,11,20,1,False
ST. MATTHEWS POLICE DEPARTMENT,US0060,,SHELBYVILLE,RD,,4.563,,,,FAIRMEADE,,MCARTHUR,2,1,CLEAR,DRY,False,FEDERAL,COLLISION WITH BICYCLIST,SINGLE VEHICLE,STRAIGHT & LEVEL,DAYLIGHT,False,2011-06-12 18:41:00-04:00,38.2514189,-85.6371451,True,False,SUNDAY,225,2011,6,12,18,41,False
LOUISVILLE METRO POLICE DEPT,KY0061,,PRESTON,ST,S,12.2,,ROSELANE,,,,,2,1,CLEAR,DRY,False,STATE,COLLISION WITH BICYCLE,SINGLE VEHICLE,STRAIGHT & LEVEL,DAYLIGHT,False,2011-06-15 20:10:00-04:00,38.2428808,-85.7479501,True,False,WEDNESDAY,226,2011,6,15,20,10,False
INDIAN HILLS POLICE DEPARTMENT,US0042,,BROWNSBORO,RD,,3.763,,PENNINGTON,,,,,2,1,CLEAR,DRY,False,FEDERAL,COLLISION WITH BICYCLE,SINGLE VEHICLE,STRAIGHT & LEVEL,DARK-HWY LIGHTED/OFF,False,2011-06-15 21:33:00-04:00,38.2652489,-85.6681032,True,False,WEDNESDAY,227,2011,6,15,21,33,False
LOUISVILLE METRO POLICE DEPT,,,STORY,AVE,,,,WEBSTER,,,,,2,1,CLEAR,DRY,False,LOCAL STREET,COLLISION WITH BICYCLE,ANGLE,STRAIGHT & LEVEL,DAYLIGHT,False,2011-06-17 20:12:00-04:00,38.254,-85.722533333,True,False,FRIDAY,228,2011,6,17,20,12,False
LOUISVILLE METRO POLICE DEPT,,,VERMONT,AVE,,0.241,,32ND,,,,,2,1,CLEAR,DRY,True,LOCAL STREET,COLLISION WITH BICYCLE,SINGLE VEHICLE,STRAIGHT & LEVEL,DAYLIGHT,False,2011-06-19 18:30:00-04:00,38.2553001,-85.8051155,True,False,SUNDAY,229,2011,6,19,18,30,False
LOUISVILLE METRO POLICE DEPT,US0031E,,BUECHEL,BYP,,10.974,KY2052,HIKES,,,,,2,1,CLEAR,DRY,False,FEDERAL,COLLISION WITH BICYCLE,SINGLE VEHICLE,STRAIGHT & LEVEL,DAYLIGHT,False,2011-06-22 15:13:00-04:00,38.1983666,-85.6610276,True,False,WEDNESDAY,230,2011,6,22,15,13,True
LOUISVILLE METRO POLICE DEPT,,,CHESTNUT,ST,W,0.348,,26TH,,,,,2,1,CLOUDY,DRY,False,LOCAL STREET,COLLISION WITH BICYCLE,SINGLE VEHICLE,STRAIGHT & LEVEL,DAYLIGHT,False,2011-06-22 18:10:00-04:00,38.2530886,-85.7945619,False,False,WEDNESDAY,231,2011,6,22,18,10,True
LOUISVILLE METRO POLICE DEPT,KY1020,,3RD,ST,S,12.517,,,,MUHAMMAD ALI,,POST OFFICE,2,1,CLEAR,DRY,True,STATE,COLLISION WITH BICYCLIST,SINGLE VEHICLE,STRAIGHT & LEVEL,DAYLIGHT,False,2011-06-23 10:30:00-04:00,38.2519707,-85.7556941,False,False,THURSDAY,232,2011,6,23,10,30,False
LOUISVILLE METRO POLICE DEPT,KY0864,,SHELBY,ST,S,15.437,US0150,BROADWAY,,,,,2,1,CLOUDY,DRY,False,STATE,COLLISION WITH BICYCLE,SINGLE VEHICLE,STRAIGHT & LEVEL,DAYLIGHT,False,2011-06-23 15:30:00-04:00,38.2439846,-85.739709,True,False,THURSDAY,233,2011,6,23,15,30,False
LOUISVILLE METRO POLICE DEPT,,,VINE,ST,,0.096,,SWAN,,,,,2,1,CLEAR,DRY,False,LOCAL STREET,COLLISION WITH BICYCLE,SINGLE VEHICLE,STRAIGHT & HILLCREST,DAYLIGHT,False,2011-06-24 00:00:00-04:00,38.2424589,-85.7351532,True,False,FRIDAY,234,2011,6,24,0,0,False
LOUISVILLE METRO POLICE DEPT,,,BLEVINS GAP,RD,,6.221,,GREYLING,,,,,2,1,CLEAR,DRY,False,LOCAL STREET,COLLISION WITH BICYCLE,SINGLE VEHICLE,CURVE & LEVEL,DAYLIGHT,False,2011-06-24 11:30:00-04:00,38.1071015,-85.804713,True,False,FRIDAY,235,2011,6,24,11,30,False
ST. MATTHEWS POLICE DEPARTMENT,,100.0,TEN PIN,LN,,0.014,,,,,,,2,1,CLEAR,DRY,False,LOCAL STREET,COLLISION WITH BICYCLIST,SINGLE VEHICLE,STRAIGHT & LEVEL,DAYLIGHT,False,2011-06-25 20:05:00-04:00,38.2503829,-85.6236494,True,False,SATURDAY,236,2011,6,25,20,5,False
LOUISVILLE METRO POLICE DEPT,,,4TH,ST,S,0.953,,,,YORK,,BRECKINRIDGE,2,1,CLEAR,DRY,False,LOCAL STREET,COLLISION WITH BICYCLIST,SINGLE VEHICLE,STRAIGHT & LEVEL,DAYLIGHT,False,2011-06-29 12:12:00-04:00,38.2429428,-85.7590099,True,False,WEDNESDAY,237,2011,6,29,12,12,False
LOUISVILLE METRO POLICE DEPT,,,MUHAMMAD ALI,BLVD,W,2.649,,30TH,,,,,2,1,CLOUDY,DRY,False,LOCAL STREET,COLLISION WITH BICYCLE,SINGLE VEHICLE,STRAIGHT & LEVEL,DAYLIGHT,False,2011-06-29 20:39:00-04:00,38.2559852,-85.8007244,True,False,WEDNESDAY,238,2011,6,29,20,39,False
LOUISVILLE METRO POLICE DEPT,US0060A,,EASTERN,PKWY,,4.641,,,,,,,2,1,CLEAR,DRY,False,FEDERAL,COLLISION WITH BICYCLIST,SINGLE VEHICLE,STRAIGHT & LEVEL,DAYLIGHT,False,2011-07-02 13:00:00-04:00,38.2153033,-85.7417304,True,False,SATURDAY,239,2011,7,2,13,0,False
LOUISVILLE METRO POLICE DEPT,KY2054,,ALGONQUIN,PKWY,,3.258,,,,RODMAN,,COMPTON,2,1,CLEAR,DRY,False,STATE,COLLISION WITH BICYCLIST,SINGLE VEHICLE,STRAIGHT & LEVEL,DAWN,False,2011-07-02 15:15:00-04:00,38.2113326,-85.7696208,True,False,SATURDAY,240,2011,7,2,15,15,False
LOUISVILLE METRO POLICE DEPT,,,DUNCAN,ST,,2.369,,LONGWORTH,,,,,2,1,CLOUDY,WET,True,LOCAL STREET,COLLISION WITH BICYCLE,SINGLE VEHICLE,STRAIGHT & LEVEL,DARK-HWY LIGHTED/ON,False,2011-07-03 23:01:00-04:00,38.2679738,-85.8229483,True,False,SUNDAY,241,2011,7,3,23,1,False
LOUISVILLE METRO POLICE DEPT,,,NORWICH,BLVD,,0.001,KY1931,GREENWOOD,,,,,2,1,CLEAR,DRY,False,LOCAL STREET,COLLISION WITH BICYCLE,SINGLE VEHICLE,STRAIGHT & LEVEL,DAYLIGHT,False,2011-07-04 19:50:00-04:00,38.1448206,-85.8761506,False,False,MONDAY,242,2011,7,4,19,50,False
LOUISVILLE METRO POLICE DEPT,,,DOUP,AVE,,,,EASTVIEW,,,,,2,1,CLOUDY,DRY,False,LOCAL STREET,COLLISION WITH BICYCLE,ANGLE,STRAIGHT & LEVEL,DAYLIGHT,False,2011-07-05 10:00:00-04:00,38.2226,-85.681233333,True,False,TUESDAY,243,2011,7,5,10,0,False
LOUISVILLE METRO POLICE DEPT,,,JEANINE,DR,,0.894,,INDIAN,,,,,2,1,CLEAR,DRY,False,COUNTY ROAD,COLLISION WITH BICYCLE,SINGLE VEHICLE,STRAIGHT & LEVEL,DAYLIGHT,False,2011-07-05 14:00:00-04:00,38.1707166,-85.6886504,True,False,TUESDAY,244,2011,7,5,14,0,False
LOUISVILLE METRO POLICE DEPT,,,SOUTHERN,PKWY,,0.517,,,,FORUM,,KINGSTON,2,1,RAINING,WET,True,LOCAL STREET,COLLISION WITH BICYCLIST,SINGLE VEHICLE,CURVE & LEVEL,DAYLIGHT,False,2011-07-08 08:29:00-04:00,38.1764275,-85.7724905,True,False,FRIDAY,245,2011,7,8,8,29,False
LOUISVILLE METRO POLICE DEPT,US0031W,,MARKET,ST,W,21.759,,5TH,,,,,2,1,CLEAR,DRY,False,FEDERAL,COLLISION WITH BICYCLE,SINGLE VEHICLE,STRAIGHT & LEVEL,DAYLIGHT,False,2011-07-08 13:13:00-04:00,38.2554345,-85.7584296,True,False,FRIDAY,246,2011,7,8,13,13,False
LOUISVILLE METRO POLICE DEPT,,,WHITNEY,AVE,W,1.108,,,,2ND,,1ST,2,1,CLEAR,DRY,False,LOCAL STREET,COLLISION WITH BICYCLIST,SINGLE VEHICLE,STRAIGHT & LEVEL,DAYLIGHT,False,2011-07-11 19:20:00-04:00,38.1939964,-85.7627847,True,False,MONDAY,247,2011,7,11,19,20,False
LOUISVILLE METRO POLICE DEPT,,,DUMESNIL,ST,,1.301,,26TH,,,,,2,2,CLEAR,DRY,False,LOCAL STREET,COLLISION WITH BICYCLE,ANGLE,STRAIGHT & LEVEL,DAYLIGHT,False,2011-07-13 15:10:00-04:00,38.2364014,-85.7964194,True,False,WEDNESDAY,248,2011,7,13,15,10,True
LOUISVILLE METRO POLICE DEPT,KY1865,,TAYLOR,BLVD,,6.043,,CARLISLE,,,,,2,1,CLEAR,DRY,False,STATE,COLLISION WITH BICYCLE,SINGLE VEHICLE,STRAIGHT & LEVEL,DAYLIGHT,False,2011-07-14 20:06:00-04:00,38.1940665,-85.7831566,True,False,THURSDAY,249,2011,7,14,20,6,False
LOUISVILLE METRO POLICE DEPT,,,BARRET,AVE,,0.143,,,,RUBEL,US0150,BROADWAY,2,1,CLEAR,DRY,False,LOCAL STREET,COLLISION WITH BICYCLIST,SINGLE VEHICLE,STRAIGHT & LEVEL,DAYLIGHT,False,2011-07-15 10:07:00-04:00,38.246218,-85.7318591,False,False,FRIDAY,250,2011,7,15,10,7,False
LOUISVILLE METRO POLICE DEPT,,1121.0,BEECHER,ST,,0.158,,,,,,,2,1,CLEAR,DRY,False,LOCAL STREET,COLLISION WITH BICYCLIST,SINGLE VEHICLE,STRAIGHT & LEVEL,DAYLIGHT,False,2011-07-15 18:32:00-04:00,38.1916769,-85.7803677,True,False,FRIDAY,251,2011,7,15,18,32,False
LOUISVILLE METRO POLICE DEPT,,,LAKE FOREST,PKWY,,0.702,,,,ASHMONT,,WOODLAKE,2,1,CLEAR,DRY,False,LOCAL STREET,COLLISION WITH BICYCLIST,SINGLE VEHICLE,STRAIGHT & GRADE,DAYLIGHT,False,2011-07-17 16:00:00-04:00,38.247868,-85.4869571,False,False,SUNDAY,252,2011,7,17,16,0,False
SHIVELY POLICE DEPARTMENT,,,HILLSIDE,DR,,0.003,,,,,,,2,1,CLEAR,DRY,True,,COLLISION WITH BICYCLIST,SINGLE VEHICLE,STRAIGHT & GRADE,DAYLIGHT,False,2011-07-19 17:00:00-04:00,38.1754838,-85.8259329,False,False,TUESDAY,253,2011,7,19,17,0,False
LOUISVILLE METRO POLICE DEPT,,,BLUEGRASS PARK,DR,,0.115,,CROSSLAND,,,,,2,1,CLEAR,DRY,False,LOCAL STREET,COLLISION WITH BICYCLE,SINGLE VEHICLE,STRAIGHT & LEVEL,DAYLIGHT,False,2011-07-19 17:52:00-04:00,38.1912049,-85.6759888,True,False,TUESDAY,254,2011,7,19,17,52,False
LOUISVILLE METRO POLICE DEPT,,,GRIFFITHS,AVE,,0.421,,23RD,,,,,2,1,CLEAR,DRY,True,LOCAL STREET,COLLISION WITH BICYCLE,SINGLE VEHICLE,STRAIGHT & LEVEL,DAYLIGHT,False,2011-07-21 15:30:00-04:00,38.2649012,-85.7864926,True,False,THURSDAY,255,2011,7,21,15,30,False
LOUISVILLE METRO POLICE DEPT,US0031,,CLARK MEMORIAL BRIDGE,,,0.548,,,,,,,2,1,CLEAR,DRY,False,FEDERAL,COLLISION WITH BICYCLIST,SINGLE VEHICLE,STRAIGHT & LEVEL,DAYLIGHT,False,2011-07-21 16:45:00-04:00,38.2640921,-85.7516079,False,False,THURSDAY,256,2011,7,21,16,45,False
LOUISVILLE METRO POLICE DEPT,,,41ST,ST,S,0.355,,FORDSON,,,,,2,1,CLEAR,DRY,False,LOCAL STREET,COLLISION WITH BICYCLE,SINGLE VEHICLE,STRAIGHT & LEVEL,DARK-HWY LIGHTED/ON,False,2011-07-21 21:27:00-04:00,38.2380818,-85.8210519,True,False,THURSDAY,257,2011,7,21,21,27,False
LOUISVILLE METRO POLICE DEPT,,,SKY BLUE,AVE,,0.007,,,,,,,2,1,CLEAR,DRY,False,COUNTY ROAD,COLLISION WITH BICYCLIST,SINGLE VEHICLE,STRAIGHT & LEVEL,DAYLIGHT,False,2011-07-22 13:06:00-04:00,38.1441344,-85.8519788,True,False,FRIDAY,258,2011,7,22,13,6,False
LOUISVILLE METRO POLICE DEPT,,,CLAY,ST,S,0.372,,,,,,,2,1,CLEAR,DRY,True,LOCAL STREET,COLLISION WITH BICYCLIST,SINGLE VEHICLE,STRAIGHT & LEVEL,DARK-HWY LIGHTED/ON,False,2011-07-23 00:30:00-04:00,38.249443,-85.7407698,True,False,SATURDAY,259,2011,7,23,0,30,False
LOUISVILLE METRO POLICE DEPT,KY1020,,KENWOOD,WAY,W,7.66,,,,3RD,,BURKLEY,2,1,CLEAR,DRY,False,STATE,COLLISION WITH BICYCLIST,SINGLE VEHICLE,CURVE & LEVEL,DAYLIGHT,False,2011-07-23 16:20:00-04:00,38.1795781,-85.7672473,True,False,SATURDAY,260,2011,7,23,16,20,False
LOUISVILLE METRO POLICE DEPT,,,7TH,ST,,,,9TH,,,,,2,1,CLEAR,DRY,False,LOCAL STREET,COLLISION WITH BICYCLE,ANGLE,CURVE & HILLCREST,DAYLIGHT,False,2011-07-29 15:30:00-04:00,38.224683333,-85.767116667,True,False,FRIDAY,261,2011,7,29,15,30,False
LOUISVILLE METRO POLICE DEPT,KY1932,,BRECKENRIDGE,LN,,2.564,,,,HIKES,,CHURCHILL PARK,2,1,CLOUDY,DRY,False,STATE,COLLISION WITH BICYCLIST,SINGLE VEHICLE,STRAIGHT & LEVEL,DAYLIGHT,False,2011-08-01 10:45:00-04:00,38.2165406,-85.6274084,True,False,MONDAY,262,2011,8,1,10,45,False
LOUISVILLE METRO POLICE DEPT,,,WILKIE,RD,,0.312,,MARY ROSE,,,,,2,1,CLEAR,DRY,False,LOCAL STREET,COLLISION WITH BICYCLE,SINGLE VEHICLE,STRAIGHT & LEVEL,DAYLIGHT,False,2011-08-01 15:06:00-04:00,38.176073,-85.8559005,True,False,MONDAY,263,2011,8,1,15,6,False
LOUISVILLE METRO POLICE DEPT,KY1747,,FERN VALLEY,RD,,2.161,,,,JEANINE,KY0061,PRESTON,2,1,CLEAR,DRY,False,STATE,COLLISION WITH BICYCLIST,SINGLE VEHICLE,STRAIGHT & LEVEL,DAYLIGHT,False,2011-08-02 15:40:00-04:00,38.1580294,-85.6930531,True,False,TUESDAY,264,2011,8,2,15,40,False
LOUISVILLE METRO POLICE DEPT,,,BANK,ST,,0.001,US0150,22ND,,,,,2,1,CLOUDY,DRY,False,LOCAL STREET,COLLISION WITH BICYCLE,SINGLE VEHICLE,STRAIGHT & LEVEL,DAYLIGHT,False,2011-08-03 08:35:00-04:00,38.2665561,-85.783538,True,False,WEDNESDAY,265,2011,8,3,8,35,True
LOUISVILLE METRO POLICE DEPT,,3706.0,WYNBROOKE,CIR,,0.254,,,,,,,2,1,CLEAR,DRY,False,COUNTY ROAD,COLLISION WITH BICYCLIST,SINGLE VEHICLE,CURVE & GRADE,DAYLIGHT,False,2011-08-04 07:49:00-04:00,38.2952156,-85.5654367,True,False,THURSDAY,266,2011,8,4,7,49,False
JEFFERSONTOWN POLICE DEPT,KY0155,,TAYLORSVILLE,RD,,9.586,,,,JEFFERSON,,SPROWL,2,1,CLEAR,DRY,False,STATE,COLLISION WITH BICYCLIST,SINGLE VEHICLE,STRAIGHT & LEVEL,DUSK,False,2011-08-04 21:50:00-04:00,38.1969034,-85.5682004,True,False,THURSDAY,267,2011,8,4,21,50,False
LOUISVILLE METRO POLICE DEPT,,,7TH,ST,S,2.793,,,,,,,2,1,CLEAR,DRY,False,LOCAL STREET,COLLISION WITH BICYCLIST,SINGLE VEHICLE,STRAIGHT & LEVEL,DARK-HWY LIGHTED/ON,False,2011-08-06 22:20:00-04:00,38.2569703,-85.7615695,False,False,SATURDAY,268,2011,8,6,22,20,False
LOUISVILLE METRO POLICE DEPT,KY0864,,SHELBY,ST,S,15.016,,,,,,,2,1,CLEAR,DRY,False,STATE,COLLISION WITH BICYCLIST,SINGLE VEHICLE,STRAIGHT & LEVEL,DAYLIGHT,False,2011-08-09 16:53:00-04:00,38.237877,-85.7406586,True,False,TUESDAY,269,2011,8,9,16,53,False
LOUISVILLE METRO POLICE DEPT,,,OAK,ST,W,0.273,,4TH,,,,,2,1,CLEAR,DRY,False,LOCAL STREET,COLLISION WITH BICYCLE,SINGLE VEHICLE,STRAIGHT & LEVEL,DAYLIGHT,False,2011-08-10 13:00:00-04:00,38.2350184,-85.7603181,True,False,WEDNESDAY,270,2011,8,10,13,0,False
LOUISVILLE METRO POLICE DEPT,,,26TH,ST,N,0.187,,DUNCAN,,,,,2,1,CLEAR,DRY,True,LOCAL STREET,COLLISION WITH BICYCLE,SINGLE VEHICLE,STRAIGHT & LEVEL,DAYLIGHT,False,2011-08-13 20:29:00-04:00,38.2634196,-85.7932449,True,False,SATURDAY,271,2011,8,13,20,29,False
LOUISVILLE METRO POLICE DEPT,,,COGAN,BLVD,,0.001,,,,ZACHARY,KY1865,NEW CUT,2,1,CLOUDY,DRY,False,LOCAL STREET,COLLISION WITH BICYCLIST,SINGLE VEHICLE,STRAIGHT & LEVEL,DAYLIGHT,False,2011-08-15 11:57:00-04:00,38.1421448,-85.7743904,True,False,MONDAY,272,2011,8,15,11,57,False
LOUISVILLE METRO POLICE DEPT,,,BARRET,AVE,,1.005,,,,WINTER,,OAK,2,1,CLEAR,DRY,False,LOCAL STREET,COLLISION WITH BICYCLIST,SINGLE VEHICLE,STRAIGHT & LEVEL,DAYLIGHT,False,2011-08-16 12:57:00-04:00,38.2357745,-85.7277478,True,False,TUESDAY,273,2011,8,16,12,57,False
LOUISVILLE METRO POLICE DEPT,US0031E,,MAIN,ST,E,17.587,,FLOYD,,,,,2,1,CLEAR,DRY,False,FEDERAL,COLLISION WITH BICYCLE,SINGLE VEHICLE,STRAIGHT & LEVEL,DAYLIGHT,False,2011-08-17 14:30:00-04:00,38.2556715,-85.7478894,True,False,WEDNESDAY,274,2011,8,17,14,30,False
ANCHORAGE POLICE DEPARTMENT,KY0146,12100.0,PARK,RD,,4.571,,,,,,,2,1,CLEAR,DRY,True,STATE,COLLISION WITH BICYCLIST,SINGLE VEHICLE,STRAIGHT & HILLCREST,DARK-HWY NOT LIGHTED,False,2011-08-19 05:55:00-04:00,38.2674385,-85.5449474,True,False,FRIDAY,275,2011,8,19,5,55,False
LOUISVILLE METRO POLICE DEPT,KY0864,,SHELBY,ST,S,15.156,,BRECKINRIDGE,,,,,2,1,CLEAR,DRY,False,STATE,COLLISION WITH BICYCLE,SINGLE VEHICLE,STRAIGHT & LEVEL,DAYLIGHT,False,2011-08-19 10:35:00-04:00,38.2398952,-85.7403311,True,False,FRIDAY,276,2011,8,19,10,35,False
LOUISVILLE METRO POLICE DEPT,,,AQUA,LN,,0.046,,INGLEWOOD,,,,,2,1,CLEAR,DRY,False,LOCAL STREET,COLLISION WITH BICYCLE,SINGLE VEHICLE,STRAIGHT & LEVEL,DAYLIGHT,False,2011-08-20 17:00:00-04:00,38.1117548,-85.7704354,False,False,SATURDAY,277,2011,8,20,17,0,False
LOUISVILLE METRO POLICE DEPT,KY0061,,JACKSON,ST,S,12.167,,JACOB,,,,,2,1,CLEAR,DRY,False,STATE,COLLISION WITH BICYCLE,SINGLE VEHICLE,STRAIGHT & LEVEL,DAYLIGHT,False,2011-08-20 20:47:00-04:00,38.2433954,-85.7458943,True,False,SATURDAY,278,2011,8,20,20,47,False
LOUISVILLE METRO POLICE DEPT,,,UPPER HUNTERS,TRCE,,1.351,,MARIAN,,,,,2,1,CLEAR,DRY,False,LOCAL STREET,COLLISION WITH BICYCLE,SINGLE VEHICLE,CURVE & LEVEL,DAYLIGHT,False,2011-08-24 15:53:00-04:00,38.1589396,-85.846547,False,False,WEDNESDAY,279,2011,8,24,15,53,False
LOUISVILLE METRO POLICE DEPT,US0031E,,BAXTER,AVE,,15.901,US0150,BROADWAY,,,,,2,1,CLEAR,DRY,False,FEDERAL,COLLISION WITH BICYCLE,SINGLE VEHICLE,STRAIGHT & LEVEL,DUSK,False,2011-08-28 23:23:00-04:00,38.2437317,-85.7269965,False,False,SUNDAY,280,2011,8,28,23,23,True
LOUISVILLE METRO POLICE DEPT,,,15TH,ST,S,0.777,,OAK,,,,,2,1,CLEAR,DRY,False,LOCAL STREET,COLLISION WITH BICYCLE,SINGLE VEHICLE,STRAIGHT & LEVEL,DAYLIGHT,False,2011-08-29 13:28:00-04:00,38.2365947,-85.7783632,True,False,MONDAY,281,2011,8,29,13,28,True
LOUISVILLE METRO POLICE DEPT,,,PHILLIPS,LN,,1.259,,,KY0061  ,PRESTON,,MONARCH,2,1,CLEAR,DRY,False,LOCAL STREET,COLLISION WITH BICYCLIST,SINGLE VEHICLE,STRAIGHT & LEVEL,DAYLIGHT,False,2011-08-29 14:21:00-04:00,38.197499,-85.7319606,True,False,MONDAY,282,2011,8,29,14,21,False
LOUISVILLE METRO POLICE DEPT,KY1727,,TERRY,RD,,1.478,,TEAROSE,,,,,2,1,CLEAR,DRY,False,STATE,COLLISION WITH BICYCLE,SINGLE VEHICLE,STRAIGHT & LEVEL,DAYLIGHT,False,2011-09-01 09:15:00-04:00,38.1430731,-85.872148,True,False,THURSDAY,283,2011,9,1,9,15,False
LOUISVILLE METRO POLICE DEPT,,,LOTUS,AVE,,0.217,,VERA,,,,,2,1,CLEAR,DRY,True,NONE OF THE ABOVE,COLLISION WITH BICYCLE,SINGLE VEHICLE,STRAIGHT & LEVEL,DARK-HWY LIGHTED/ON,False,2011-09-01 21:35:00-04:00,38.1708148,-85.7171567,True,False,THURSDAY,284,2011,9,1,21,35,False
SHIVELY POLICE DEPARTMENT,US0031W,,DIXIE,HWY,,15.716,,NOBEL,,,,,2,1,CLEAR,DRY,True,FEDERAL,COLLISION WITH BICYCLE,SINGLE VEHICLE,STRAIGHT & LEVEL,DAYLIGHT,False,2011-09-03 12:58:00-04:00,38.1969229,-85.8048239,True,False,SATURDAY,285,2011,9,3,12,58,True
LOUISVILLE METRO POLICE DEPT,KY1020,,SOUTHSIDE,DR,,6.644,,,,ALGER,,NAVY,2,1,RAINING,WET,True,STATE,COLLISION WITH BICYCLIST,SINGLE VEHICLE,STRAIGHT & LEVEL,DARK-HWY NOT LIGHTED,False,2011-09-07 00:10:00-04:00,38.1664829,-85.7647933,True,False,WEDNESDAY,286,2011,9,7,0,10,False
LOUISVILLE METRO POLICE DEPT,,,FLOYD,ST,S,2.279,,LEE,,,,,2,1,CLOUDY,WET,False,LOCAL STREET,COLLISION WITH BICYCLE,SINGLE VEHICLE,STRAIGHT & LEVEL,DUSK,False,2011-09-07 10:00:00-04:00,38.2224452,-85.7537105,True,False,WEDNESDAY,287,2011,9,7,10,0,False
LOUISVILLE METRO POLICE DEPT,,,FLOYD,ST,S,0.663,,,,GRAY,,PIN,2,1,CLOUDY,DRY,False,LOCAL STREET,COLLISION WITH BICYCLIST,SINGLE VEHICLE,STRAIGHT & LEVEL,DAYLIGHT,False,2011-09-07 14:20:00-04:00,38.2461715,-85.749671,False,False,WEDNESDAY,288,2011,9,7,14,20,False
LOUISVILLE METRO POLICE DEPT,US0060,,FRANKFORT,AVE,,1.527,,BAYLY,,,,,2,1,CLEAR,DRY,False,FEDERAL,COLLISION WITH BICYCLE,SINGLE VEHICLE,STRAIGHT & LEVEL,DAYLIGHT,False,2011-09-11 12:15:00-04:00,38.2549708,-85.6919903,True,False,SUNDAY,289,2011,9,11,12,15,False
LOUISVILLE METRO POLICE DEPT,KY0061,,PRESTON,HWY,,2.917,,MILES,,,,,2,1,CLEAR,DRY,False,STATE,COLLISION WITH BICYCLE,SINGLE VEHICLE,STRAIGHT & GRADE,DAYLIGHT,False,2011-09-12 11:50:00-04:00,38.1244205,-85.6792937,True,False,MONDAY,290,2011,9,12,11,50,False