investigating_agency,roadway_number,building_number,roadway_name,roadway_suffix,roadway_direction,milepoint,intersection_roadway_number,intersection_roadway_name,between_street_number_1,between_street_name_1,between_street_number_2,between_street_name_2,units_involved,motor_vehicles_involved,weather,roadway_condition,hit_and_run_indicator,roadway_type,directional_analysis,manner_of_collision,roadway_character,light_condition,secondary_collision_indicator,date,latitude,longitude,injury_indicator,fatality_indicator,day_of_week,accident_id,year,month,day,hour,minute,lighted_signal_indicator
LOUISVILLE METRO POLICE DEPT,,,WHIPPS MILL,RD,,0.313,,WOOD,,,,,2,1,CLEAR,DRY,False,LOCAL STREET,COLLISION WITH BICYCLE,SINGLE VEHICLE,STRAIGHT & LEVEL,DAYLIGHT,False,2011-09-12 16:09:00-04:00,38.2511441,-85.5982402,False,False,MONDAY,291,2011,9,12,16,9,False
LOUISVILLE METRO POLICE DEPT,,,5TH,ST,S,3.166,,MUHAMMAD ALI,,,,,2,1,CLOUDY,DRY,False,LOCAL STREET,COLLISION WITH BICYCLE,SINGLE VEHICLE,STRAIGHT & LEVEL,DAYLIGHT,False,2011-09-13 10:00:00-04:00,38.2514232,-85.7592557,False,False,TUESDAY,292,2011,9,13,10,0,True
LOUISVILLE METRO POLICE DEPT,,,RANGELAND,RD,,0.042,,,,LAGOONA,KY0864,POPLAR LEVEL,2,1,CLEAR,DRY,True,COUNTY ROAD,COLLISION WITH BICYCLIST,SINGLE VEHICLE,STRAIGHT & LEVEL,DAYLIGHT,False,2011-09-24 18:40:00-04:00,38.1673084,-85.6809606,True,False,SATURDAY,293,2011,9,24,18,40,False
LOUISVILLE METRO POLICE DEPT,US0060,,FRANKFORT,AVE,,0.778,,CLIFTON,,,,,2,1,CLEAR,DRY,True,FEDERAL,COLLISION WITH BICYCLE,SINGLE VEHICLE,STRAIGHT & LEVEL,DAYLIGHT,False,2011-09-25 08:23:00-04:00,38.2536116,-85.7061316,True,False,SUNDAY,294,2011,9,25,8,23,False
LOUISVILLE METRO POLICE DEPT,KY3064,,PORTLAND,AVE,,0.573,,,,,,,2,1,CLOUDY,DRY,False,STATE,COLLISION WITH BICYCLIST,SINGLE VEHICLE,STRAIGHT & LEVEL,DAYLIGHT,False,2011-09-25 14:56:00-04:00,38.271804,-85.7921323,False,False,SUNDAY,295,2011,9,25,14,56,False
LOUISVILLE METRO POLICE DEPT,,,15TH,ST,S,2.021,,CEDAR,,,,,2,1,CLEAR,DRY,False,LOCAL STREET,COLLISION WITH BICYCLE,SINGLE VEHICLE,STRAIGHT & LEVEL,DAYLIGHT,False,2011-09-25 16:32:00-04:00,38.2544764,-85.7754514,True,False,SUNDAY,296,2011,9,25,16,32,False
LOUISVILLE METRO POLICE DEPT,US0031E,,MARKET,ST,E,17.383,KY0061,PRESTON,,,,,2,1,CLEAR,DRY,False,FEDERAL,COLLISION WITH BICYCLE,SINGLE VEHICLE,STRAIGHT & LEVEL,DAWN,False,2011-09-27 08:38:00-04:00,38.2541348,-85.7462308,True,False,TUESDAY,297,2011,9,27,8,38,True
LOUISVILLE METRO POLICE DEPT,,,FACTORY,LN,,0.016,,,,,,,2,1,CLOUDY,DRY,True,COUNTY ROAD,COLLISION WITH BICYCLIST,SINGLE VEHICLE,STRAIGHT & LEVEL,DAYLIGHT,False,2011-09-27 10:15:00-04:00,38.2893316,-85.5120607,False,False,TUESDAY,298,2011,9,27,10,15,False
LOUISVILLE METRO POLICE DEPT,KY1020,,2ND,ST,S,12.193,,,,CHESTNUT,US0150,BROADWAY,2,1,CLOUDY,DRY,False,STATE,COLLISION WITH BICYCLIST,SINGLE VEHICLE,STRAIGHT & LEVEL,DAYLIGHT,False,2011-09-30 17:00:00-04:00,38.247226,-85.7548395,True,False,FRIDAY,299,2011,9,30,17,0,False
LOUISVILLE METRO POLICE DEPT,US0150,,BROADWAY,,W,1.094,,18TH,,,,,2,1,CLEAR,DRY,False,FEDERAL,COLLISION WITH BICYCLE,SINGLE VEHICLE,STRAIGHT & LEVEL,DAYLIGHT,False,2011-10-05 13:00:00-04:00,38.2489317,-85.7815245,False,False,WEDNESDAY,300,2011,10,5,13,0,True
LOUISVILLE METRO POLICE DEPT,KY1020,,2ND,ST,S,12.098,US0150,BROADWAY,,,,,2,1,CLEAR,DRY,False,STATE,COLLISION WITH BICYCLE,SINGLE VEHICLE,STRAIGHT & LEVEL,DAYLIGHT,False,2011-10-05 17:00:00-04:00,38.2458563,-85.7550178,False,False,WEDNESDAY,301,2011,10,5,17,0,False
LOUISVILLE METRO POLICE DEPT,,,FERN CREEK,RD,,0.539,,,,,,,2,1,CLEAR,DRY,False,COUNTY ROAD,COLLISION WITH BICYCLIST,SINGLE VEHICLE,STRAIGHT & LEVEL,DAYLIGHT,False,2011-10-07 15:29:00-04:00,38.1547494,-85.5922186,False,False,FRIDAY,302,2011,10,7,15,29,False
LOUISVILLE METRO POLICE DEPT,,,WELLINGTON,AVE,W,0.276,,2ND,,,,,2,1,CLEAR,DRY,False,LOCAL STREET,COLLISION WITH BICYCLE,SINGLE VEHICLE,STRAIGHT & LEVEL,DAYLIGHT,False,2011-10-07 15:56:00-04:00,38.1835521,-85.7625777,True,False,FRIDAY,303,2011,10,7,15,56,False
ST. MATTHEWS POLICE DEPARTMENT,,4100.0,OECHSLI,AVE,,0.08,,,,,,,2,1,CLEAR,DRY,False,LOCAL STREET,COLLISION WITH BICYCLIST,SINGLE VEHICLE,STRAIGHT & LEVEL,DAYLIGHT,False,2011-10-08 12:00:00-04:00,38.2543961,-85.6462471,False,False,SATURDAY,304,2011,10,8,12,0,False
LOUISVILLE METRO POLICE DEPT,KY2049,,CRUMS,LN,,0.024,,,,,,,3,2,CLEAR,DRY,True,STATE,COLLISION WITH BICYCLIST,REAR END,STRAIGHT & LEVEL,DARK-HWY LIGHTED/ON,True,2011-10-09 05:30:00-04:00,38.1991711,-85.8369648,True,False,SUNDAY,305,2011,10,9,5,30,False
LOUISVILLE METRO POLICE DEPT,KY1931,,ST ANDREWS CHURCH,RD,,4.521,,,,BLANTON,,BROOKVIEW,2,1,CLEAR,DRY,False,STATE,COLLISION WITH BICYCLIST,SINGLE VEHICLE,STRAIGHT & LEVEL,DARK-HWY LIGHTED/ON,False,2011-10-09 19:51:00-04:00,38.152634,-85.8178661,True,False,SUNDAY,306,2011,10,9,19,51,False
LOUISVILLE METRO POLICE DEPT,US0031W,,MARKET,ST,W,21.797,,,,5TH,,4TH,2,1,CLOUDY,DRY,False,FEDERAL,COLLISION WITH BICYCLIST,SINGLE VEHICLE,STRAIGHT & LEVEL,DAYLIGHT,False,2011-10-11 17:10:00-04:00,38.2553905,-85.7578176,True,False,TUESDAY,307,2011,10,11,17,10,False
LOUISVILLE METRO POLICE DEPT,,,BANK,ST,,0.019,US0150,22ND,,,,,2,1,CLEAR,DRY,False,LOCAL STREET,COLLISION WITH BICYCLE,SINGLE VEHICLE,STRAIGHT & LEVEL,DAYLIGHT,False,2011-10-21 15:45:00-04:00,38.2663431,-85.783328,True,False,FRIDAY,308,2011,10,21,15,45,True
LOUISVILLE METRO POLICE DEPT,US0060,,FRANKFORT,AVE,,0.778,,CLIFTON,,,,,2,1,CLEAR,DRY,False,FEDERAL,COLLISION WITH BICYCLE,SINGLE VEHICLE,STRAIGHT & HILLCREST,DAYLIGHT,False,2011-10-24 10:00:00-04:00,38.2536077,-85.7061282,True,False,MONDAY,309,2011,10,24,10,0,False
LOUISVILLE METRO POLICE DEPT,,,SENECA PARK,RD,,0.764,,,,,,,2,1,CLEAR,DRY,False,LOCAL STREET,COLLISION WITH BICYCLIST,SINGLE VEHICLE,CURVE & LEVEL,DAYLIGHT,False,2011-10-24 16:10:00-04:00,38.2343971,-85.6771366,False,False,MONDAY,310,2011,10,24,16,10,False
LOUISVILLE METRO POLICE DEPT,,,GOLDSMITH,LN,,1.001,,,,TRAFALGAR,US0031E,BARDSTOWN,2,1,CLEAR,DRY,False,LOCAL STREET,COLLISION WITH BICYCLIST,SINGLE VEHICLE,STRAIGHT & LEVEL,DAYLIGHT,False,2011-10-25 18:17:00-04:00,38.2079448,-85.6697516,True,False,TUESDAY,311,2011,10,25,18,17,False
LOUISVILLE METRO POLICE DEPT,,,HANCOCK,ST,S,1.452,,CAMP,,,,,2,1,CLEAR,DRY,False,LOCAL STREET,COLLISION WITH BICYCLE,SINGLE VEHICLE,STRAIGHT & LEVEL,DARK-HWY LIGHTED/ON,False,2011-10-25 19:23:00-04:00,38.2315207,-85.7458835,True,False,TUESDAY,312,2011,10,25,19,23,False
LOUISVILLE METRO POLICE DEPT,,,SCOTTSDALE,BLVD,,0.0,KY1865,NEW CUT,,,,,2,1,CLEAR,DRY,True,LOCAL STREET,COLLISION WITH BICYCLE,SINGLE VEHICLE,STRAIGHT & GRADE,DAYLIGHT,False,2011-10-29 16:00:00-04:00,38.1391771,-85.7738041,False,False,SATURDAY,313,2011,10,29,16,0,False
JEFFERSONTOWN POLICE DEPT,,,STONY BROOK,DR,,0.747,KY1747,HURSTBOURNE,,,,,2,1,CLEAR,DRY,False,LOCAL STREET,COLLISION WITH BICYCLE,SINGLE VEHICLE,STRAIGHT & LEVEL,DAYLIGHT,False,2011-11-01 09:27:00-04:00,38.2109004,-85.5975865,False,False,TUESDAY,314,2011,11,1,9,27,True
LOUISVILLE METRO POLICE DEPT,US0150,,BROADWAY,,E,2.688,,,,,,,2,1,CLEAR,DRY,False,FEDERAL,COLLISION WITH BICYCLIST,SINGLE VEHICLE,STRAIGHT & LEVEL,DAYLIGHT,False,2011-11-01 12:21:00-04:00,38.2456618,-85.7526504,False,False,TUESDAY,315,2011,11,1,12,21,False
LOUISVILLE METRO POLICE DEPT,US0031W,,MARKET,ST,W,21.891,,,,4TH,US0031E,3RD,2,1,CLOUDY,DRY,False,FEDERAL,COLLISION WITH BICYCLIST,SINGLE VEHICLE,STRAIGHT & LEVEL,DAYLIGHT,False,2011-11-01 17:30:00-04:00,38.2551272,-85.7561813,True,False,TUESDAY,316,2011,11,1,17,30,False
LOUISVILLE METRO POLICE DEPT,,,VIRGINIA,AVE,,0.002,,26TH,,,,,2,1,CLEAR,DRY,False,LOCAL STREET,COLLISION WITH BICYCLE,SINGLE VEHICLE,STRAIGHT & LEVEL,DARK-HWY LIGHTED/ON,False,2011-11-01 20:05:00-04:00,38.237757,-85.7962691,True,False,TUESDAY,317,2011,11,1,20,5,False
LOUISVILLE METRO POLICE DEPT,US0031E,,BUECHEL,BYP,,10.068,,,,PLAZA,,BUECHEL BANK,2,1,RAINING,WET,False,FEDERAL,COLLISION WITH BICYCLIST,SINGLE VEHICLE,STRAIGHT & LEVEL,DARK-HWY LIGHTED/OFF,False,2011-11-03 20:00:00-04:00,38.190769,-85.6482377,True,False,THURSDAY,318,2011,11,3,20,0,False
LOUISVILLE METRO POLICE DEPT,,,LIBERTY,ST,W,0.476,,ARMORY,,,,,2,1,CLEAR,DRY,False,LOCAL STREET,COLLISION WITH BICYCLE,SINGLE VEHICLE,STRAIGHT & LEVEL,DAYLIGHT,False,2011-11-07 13:30:00-05:00,38.2533279,-85.7595586,False,False,MONDAY,319,2011,11,7,13,30,False
LOUISVILLE METRO POLICE DEPT,US0060,,FRANKFORT,AVE,,2.495,,MCCREADY,,,,,2,1,CLEAR,DRY,False,FEDERAL,COLLISION WITH BICYCLE,SINGLE VEHICLE,STRAIGHT & LEVEL,DAYLIGHT,False,2011-11-07 14:50:00-05:00,38.2543229,-85.6748288,True,False,MONDAY,320,2011,11,7,14,50,False
LOUISVILLE METRO POLICE DEPT,,,CHRISTY,AVE,,0.303,,,,BARRET,,EDWARD,2,1,CLEAR,DRY,False,LOCAL STREET,COLLISION WITH BICYCLIST,SINGLE VEHICLE,STRAIGHT & LEVEL,DUSK,False,2011-11-07 19:56:00-05:00,38.239749,-85.7304727,False,False,MONDAY,321,2011,11,7,19,56,False
LOUISVILLE METRO POLICE DEPT,,,BROADWAY,,W,0.363,,26TH,,,,,2,1,CLEAR,DRY,False,LOCAL STREET,COLLISION WITH BICYCLE,SINGLE VEHICLE,STRAIGHT & LEVEL,DAYLIGHT,False,2011-11-08 06:59:00-05:00,38.2494484,-85.7948788,True,False,TUESDAY,322,2011,11,8,6,59,True
LOUISVILLE METRO POLICE DEPT,US0031,,MAIN,ST,,,,PRESTON,,,,,2,1,CLEAR,DRY,False,FEDERAL,COLLISION WITH BICYCLE,SIDESWIPE-SAME DIRECTION,STRAIGHT & LEVEL,DAYLIGHT,False,2011-11-08 14:57:00-05:00,38.253333333,-85.740666667,False,False,TUESDAY,323,2011,11,8,14,57,True
LOUISVILLE METRO POLICE DEPT,US0060A,,7TH STREET,RD,,0.481,,,,,,,2,1,CLEAR,DRY,True,FEDERAL,COLLISION WITH BICYCLIST,SINGLE VEHICLE,STRAIGHT & LEVEL,DAYLIGHT,False,2011-11-10 07:40:00-05:00,38.1962723,-85.8008298,False,False,THURSDAY,324,2011,11,10,7,40,False
LOUISVILLE METRO POLICE DEPT,,,BROADWAY,,W,0.506,,,,,,,2,1,CLEAR,DRY,False,LOCAL STREET,COLLISION WITH BICYCLIST,SINGLE VEHICLE,STRAIGHT & LEVEL,DAYLIGHT,False,2011-11-10 15:50:00-05:00,38.2495518,-85.7974962,False,False,THURSDAY,325,2011,11,10,15,50,False
LOUISVILLE METRO POLICE DEPT,,,LINDELL,AVE,,0.008,,BROADWAY,,,,,2,1,CLEAR,DRY,True,LOCAL STREET,COLLISION WITH BICYCLE,SINGLE VEHICLE,STRAIGHT & LEVEL,DAYLIGHT,False,2011-11-13 13:08:00-05:00,38.2501458,-85.8122386,False,False,SUNDAY,326,2011,11,13,13,8,False
LOUISVILLE METRO POLICE DEPT,US0031E,,MAIN,ST,E,17.326,KY0061,JACKSON,,,,,2,1,CLOUDY,DRY,True,FEDERAL,COLLISION WITH BICYCLE,SINGLE VEHICLE,STRAIGHT & LEVEL,DARK-HWY LIGHTED/ON,False,2011-11-13 18:56:00-05:00,38.2552455,-85.743516,True,False,SUNDAY,327,2011,11,13,18,56,False
LOUISVILLE METRO POLICE DEPT,,,MONTGOMERY,ST,,,,25TH,,,,,2,1,CLEAR,DRY,True,LOCAL STREET,COLLISION WITH BICYCLE,REAR END,STRAIGHT & LEVEL,DAYLIGHT,False,2011-11-14 15:30:00-05:00,38.27195,-85.788166667,True,False,MONDAY,328,2011,11,14,15,30,False
LOUISVILLE METRO POLICE DEPT,,,LIBERTY,ST,E,0.409,,,KY0061  ,PRESTON,KY0061,JACKSON,2,1,RAINING,WET,False,LOCAL STREET,COLLISION WITH BICYCLIST,SINGLE VEHICLE,STRAIGHT & LEVEL,DAYLIGHT,False,2011-11-15 13:42:00-05:00,38.2516617,-85.745072,True,False,TUESDAY,329,2011,11,15,13,42,False
LOUISVILLE METRO POLICE DEPT,US0060,,LEXINGTON,RD,,10.55,,WALLACE,,,,,2,1,CLOUDY,DRY,False,FEDERAL,COLLISION WITH BICYCLE,OPPOSING LEFT TURN,STRAIGHT & LEVEL,DAYLIGHT,False,2011-11-19 16:30:00-05:00,38.251633333,-85.6547,True,False,SATURDAY,330,2011,11,19,16,30,False
LOUISVILLE METRO POLICE DEPT,,,GARFIELD,AVE,,0.634,,,,,,,2,1,CLOUDY,WET,True,LOCAL STREET,COLLISION WITH BICYCLIST,SINGLE VEHICLE,STRAIGHT & LEVEL,DAYLIGHT,False,2011-11-20 13:30:00-05:00,38.2684021,-85.8110417,True,False,SUNDAY,331,2011,11,20,13,30,False
LOUISVILLE METRO POLICE DEPT,,,LOWER RIVER,RD,,,,JOHNSONTOWN,,,,,2,1,CLEAR,DRY,False,LOCAL STREET,COLLISION WITH BICYCLE,ANGLE,STRAIGHT & LEVEL,DARK-HWY LIGHTED/ON,False,2011-11-24 00:51:00-05:00,38.1097,-85.889566667,False,False,THURSDAY,332,2011,11,24,0,51,False
LOUISVILLE METRO POLICE DEPT,US0031E,,BUECHEL,BYP,,11.019,,,KY2251  ,BARDSTOWN,,HIKES,2,1,CLEAR,DRY,True,FEDERAL,COLLISION WITH BICYCLIST,SINGLE VEHICLE,STRAIGHT & LEVEL,DAYLIGHT,False,2011-11-24 16:50:00-05:00,38.1987968,-85.6614391,False,False,THURSDAY,333,2011,11,24,16,50,False
LOUISVILLE METRO POLICE DEPT,,,4TH,ST,S,1.343,,ST CATHERINE,,,,,2,1,CLEAR,DRY,False,LOCAL STREET,COLLISION WITH BICYCLE,SINGLE VEHICLE,STRAIGHT & LEVEL,DAYLIGHT,False,2011-12-08 00:00:00-05:00,38.2373318,-85.7598697,True,False,THURSDAY,334,2011,12,8,0,0,True
LOUISVILLE METRO POLICE DEPT,KY1020,,2ND,ST,S,11.69,,,,KENTUCKY,,BRECKINRIDGE,2,1,CLEAR,DRY,False,STATE,COLLISION WITH BICYCLIST,SINGLE VEHICLE,STRAIGHT & LEVEL,DAYLIGHT,False,2011-12-08 11:59:00-05:00,38.239941,-85.7561199,True,False,THURSDAY,335,2011,12,8,11,59,False
LOUISVILLE METRO POLICE DEPT,,,DOUGLASS,BLVD,,0.418,,,,BOULEVARD NAPOLEON,,SEWANEE,2,1,CLEAR,DRY,False,LOCAL STREET,COLLISION WITH BICYCLIST,SINGLE VEHICLE,STRAIGHT & LEVEL,DUSK,False,2011-12-08 18:28:00-05:00,38.2234387,-85.6962597,True,False,THURSDAY,336,2011,12,8,18,28,False
LOUISVILLE METRO POLICE DEPT,,,3RD,ST,,,,FLORENCE,,,,,2,1,CLOUDY,DRY,False,LOCAL STREET,COLLISION WITH BICYCLE,ANGLE,STRAIGHT & LEVEL,DAYLIGHT,False,2011-12-09 16:00:00-05:00,38.191066667,-85.765016667,True,False,FRIDAY,337,2011,12,9,16,0,False
LOUISVILLE METRO POLICE DEPT,US0060,,FRANKFORT,AVE,,,,BLACKBURN,,,,,2,1,CLOUDY,DRY,True,FEDERAL,COLLISION WITH BICYCLE,REAR END,STRAIGHT & LEVEL,DARK-HWY LIGHTED/ON,False,2011-12-10 18:40:00-05:00,38.252516667,-85.671816667,False,False,SATURDAY,338,2011,12,10,18,40,False
LOUISVILLE METRO POLICE DEPT,KY1703,,BAXTER,AVE,,5.326,,LUCIA,,,,,2,1,CLEAR,DRY,True,STATE,COLLISION WITH BICYCLE,SINGLE VEHICLE,STRAIGHT & LEVEL,DAYLIGHT,False,2011-12-13 11:20:00-05:00,38.2358005,-85.7208108,True,False,TUESDAY,339,2011,12,13,11,20,False
LOUISVILLE METRO POLICE DEPT,KY0864,4901.0,POPLAR LEVEL,RD,,9.2,,,,,,,2,1,CLEAR,DRY,True,STATE,COLLISION WITH BICYCLIST,SINGLE VEHICLE,STRAIGHT & GRADE,DARK-HWY LIGHTED/ON,False,2011-12-16 10:00:00-05:00,38.1714031,-85.6847229,True,False,FRIDAY,340,2011,12,16,10,0,False
LOUISVILLE METRO POLICE DEPT,,,BRECKINRIDGE,ST,E,0.429,,VINE,,,,,2,1,CLOUDY,DRY,False,LOCAL STREET,COLLISION WITH BICYCLE,SINGLE VEHICLE,STRAIGHT & LEVEL,DAYLIGHT,False,2011-12-20 00:00:00-05:00,38.23942,-85.732906,True,False,TUESDAY,341,2011,12,20,0,0,False
LOUISVILLE METRO POLICE DEPT,,,HELCK,AVE,,0.0,,,,,,,2,1,RAINING,WET,False,LOCAL STREET,COLLISION WITH BICYCLIST,SINGLE VEHICLE,STRAIGHT & LEVEL,DAYLIGHT,False,2011-12-27 14:04:00-05:00,38.1772158,-85.7088083,False,False,TUESDAY,342,2011,12,27,14,4,False
LOUISVILLE METRO POLICE DEPT,KY0155,,TAYLORSVILLE,RD,,15.32,,CARSON,,,,,2,1,CLEAR,DRY,False,STATE,COLLISION WITH BICYCLE,SINGLE VEHICLE,STRAIGHT & LEVEL,DAYLIGHT,False,2011-12-29 10:20:00-05:00,38.2224294,-85.6623395,True,False,THURSDAY,343,2011,12,29,10,20,False
LOUISVILLE METRO POLICE DEPT,,,MINOR,LN,,0.478,,,,EDLIN,,ZIB,2,1,CLEAR,DRY,False,LOCAL STREET,COLLISION WITH BICYCLIST,SINGLE VEHICLE,STRAIGHT & LEVEL,DARK-HWY LIGHTED/ON,False,2012-01-05 19:08:00-05:00,38.1284087,-85.7112429,True,False,THURSDAY,344,2012,1,5,19,8,False
LOUISVILLE METRO POLICE DEPT,,,41ST,ST,N,0.398,,DUNCAN,,,,,2,1,CLEAR,DRY,False,LOCAL STREET,COLLISION WITH BICYCLE,SINGLE VEHICLE,STRAIGHT & LEVEL,DAYLIGHT,False,2012-01-06 17:01:00-05:00,38.2663042,-85.8156794,True,False,FRIDAY,345,2012,1,6,17,1,False
LOUISVILLE METRO POLICE DEPT,KY0841,,,,,0.258,KY1865,NEW CUT,,,,,3,1,CLOUDY,DRY,False,STATE,COLLISION WITH BICYCLE,SINGLE VEHICLE,CURVE & GRADE,DARK-HWY NOT LIGHTED,False,2012-01-10 19:36:00-05:00,38.1193407,-85.7772031,False,False,TUESDAY,346,2012,1,10,19,36,False
LOUISVILLE METRO POLICE DEPT,,,MUD,LN,,0.012,KY0061,PRESTON,,,,,2,1,SNOWING,DRY,True,COUNTY ROAD,COLLISION WITH BICYCLE,SINGLE VEHICLE,STRAIGHT & HILLCREST,DAYLIGHT,False,2012-01-13 14:08:00-05:00,38.0928635,-85.6693706,False,False,FRIDAY,347,2012,1,13,14,8,True
LOUISVILLE METRO POLICE DEPT,KY0907,,SOUTHSIDE,DR,,6.375,KY1865,NEW CUT,,,,,2,1,CLEAR,DRY,False,STATE,COLLISION WITH BICYCLE,SINGLE VEHICLE,STRAIGHT & LEVEL,DAYLIGHT,False,2012-01-20 10:00:00-05:00,38.1463129,-85.774281,True,False,FRIDAY,348,2012,1,20,10,0,False
LOUISVILLE METRO POLICE DEPT,,,FLOYD,ST,S,1.489,,OAK,,,,,2,1,CLOUDY,DRY,False,LOCAL STREET,COLLISION WITH BICYCLE,SINGLE VEHICLE,STRAIGHT & LEVEL,DAYLIGHT,False,2012-01-25 00:00:00-05:00,38.2342799,-85.7516731,False,False,WEDNESDAY,349,2012,1,25,0,0,True
LOUISVILLE METRO POLICE DEPT,,,BEECHER,ST,,0.332,,WARREN,,,,,2,1,CLEAR,DRY,True,LOCAL STREET,COLLISION WITH BICYCLE,SINGLE VEHICLE,STRAIGHT & LEVEL,DARK-HWY LIGHTED/OFF,False,2012-01-30 23:10:00-05:00,38.1917632,-85.7771726,True,False,MONDAY,350,2012,1,30,23,10,False
LOUISVILLE METRO POLICE DEPT,,,4TH,ST,S,2.302,,LEE,,,,,2,1,SNOWING,WET,True,LOCAL STREET,COLLISION WITH BICYCLE,SINGLE VEHICLE,STRAIGHT & LEVEL,DARK-HWY LIGHTED/ON,False,2012-02-08 06:37:00-05:00,38.2235666,-85.762372,True,False,WEDNESDAY,351,2012,2,8,6,37,True
LOUISVILLE METRO POLICE DEPT,KY0907,,3RD,ST,,,,MARKET,,,,,2,1,CLEAR,DRY,False,STATE,COLLISION WITH BICYCLE,HEAD ON,STRAIGHT & LEVEL,DAYLIGHT,False,2012-02-16 07:42:00-05:00,38.25495,-85.7551,False,False,THURSDAY,352,2012,2,16,7,42,False
LOUISVILLE METRO POLICE DEPT,US0060,,FRANKFORT,AVE,,3.46,US0060A,LEXINGTON,,,,,2,1,CLEAR,DRY,True,FEDERAL,COLLISION WITH BICYCLE,SINGLE VEHICLE,CURVE & LEVEL,DAYLIGHT,False,2012-02-18 10:05:00-05:00,38.2530212,-85.6570943,True,False,SATURDAY,353,2012,2,18,10,5,True
LOUISVILLE METRO POLICE DEPT,,,5TH,ST,S,1.295,,KENTON,,,,,2,1,CLOUDY,DRY,False,LOCAL STREET,COLLISION WITH BICYCLE,SINGLE VEHICLE,STRAIGHT & LEVEL,DAYLIGHT,False,2012-02-18 11:02:00-05:00,38.1981358,-85.7684375,True,False,SATURDAY,354,2012,2,18,11,2,False
LOUISVILLE METRO POLICE DEPT,US0031W,,DIXIE,HWY,,8.787,,ALANADALE,,,,,2,1,CLEAR,DRY,False,FEDERAL,COLLISION WITH BICYCLE,SINGLE VEHICLE,STRAIGHT & LEVEL,DARK-HWY LIGHTED/OFF,False,2012-02-26 21:06:00-05:00,38.1096068,-85.8654169,True,False,SUNDAY,355,2012,2,26,21,6,False
LOUISVILLE METRO POLICE DEPT,,8412.0,WATTERSON,TRL,,1.327,,,,,,,2,1,CLEAR,DRY,False,LOCAL STREET,COLLISION WITH BICYCLIST,SINGLE VEHICLE,STRAIGHT & GRADE,DAYLIGHT,False,2012-02-27 13:56:00-05:00,38.1839537,-85.6021637,True,False,MONDAY,356,2012,2,27,13,56,False
LOUISVILLE METRO POLICE DEPT,KY0061,,PRESTON,HWY,,4.933,,,,,,,2,1,CLEAR,DRY,False,STATE,COLLISION WITH BICYCLIST,SINGLE VEHICLE,STRAIGHT & LEVEL,DARK-HWY NOT LIGHTED,False,2012-03-02 22:05:00-05:00,38.1514685,-85.693968,True,False,FRIDAY,357,2012,3,2,22,5,False
LOUISVILLE METRO POLICE DEPT,,,SCENIC,LOOP,,1.858,,,,,,,2,1,CLEAR,DRY,False,LOCAL STREET,COLLISION WITH BICYCLIST,SINGLE VEHICLE,CURVE & LEVEL,DAYLIGHT,False,2012-03-03 16:00:00-05:00,38.2409676,-85.6968391,False,False,SATURDAY,358,2012,3,3,16,0,False
LOUISVILLE METRO POLICE DEPT,,,HILL,ST,W,0.094,,,,,,,3,2,CLEAR,DRY,False,LOCAL STREET,COLLISION WITH BICYCLIST,ANGLE,STRAIGHT & LEVEL,DAYLIGHT,False,2012-03-06 17:13:00-05:00,38.2256451,-85.7586431,True,False,TUESDAY,359,2012,3,6,17,13,False
LOUISVILLE METRO POLICE DEPT,KY1447,,WESTPORT,RD,,4.93,,,,,,,2,1,CLEAR,DRY,False,STATE,COLLISION WITH BICYCLIST,SINGLE VEHICLE,STRAIGHT & LEVEL,DARK-HWY LIGHTED/OFF,False,2012-03-07 06:07:00-05:00,38.2860264,-85.5777642,True,False,WEDNESDAY,360,2012,3,7,6,7,False
LOUISVILLE METRO POLICE DEPT,,,BROADWAY,,W,0.401,,,,,,,2,1,RAINING,WET,False,NONE OF THE ABOVE,COLLISION WITH BICYCLIST,SINGLE VEHICLE,STRAIGHT & LEVEL,DAYLIGHT,False,2012-03-08 12:03:00-05:00,38.2494775,-85.7955668,True,False,THURSDAY,361,2012,3,8,12,3,False
LOUISVILLE METRO POLICE DEPT,,,OAK,ST,E,0.528,,HANCOCK,,,,,2,1,CLEAR,DRY,False,COUNTY ROAD,COLLISION WITH BICYCLE,SINGLE VEHICLE,STRAIGHT & LEVEL,DARK-HWY LIGHTED/ON,False,2012-03-09 20:34:00-05:00,38.2341435,-85.7457715,True,False,FRIDAY,362,2012,3,9,20,34,False
SHIVELY POLICE DEPARTMENT,US0031W,,DIXIE,HWY,,15.719,,NOBEL,,,,,2,1,CLEAR,DRY,False,FEDERAL,COLLISION WITH BICYCLE,SINGLE VEHICLE,STRAIGHT & GRADE,DAYLIGHT,False,2012-03-13 18:54:00-04:00,38.1969718,-85.8048366,True,False,TUESDAY,363,2012,3,13,18,54,True