investigating_agency,roadway_number,building_number,roadway_name,roadway_suffix,roadway_direction,milepoint,intersection_roadway_number,intersection_roadway_name,between_street_number_1,between_street_name_1,between_street_number_2,between_street_name_2,units_involved,motor_vehicles_involved,weather,roadway_condition,hit_and_run_indicator,roadway_type,directional_analysis,manner_of_collision,roadway_character,light_condition,secondary_collision_indicator,date,latitude,longitude,injury_indicator,fatality_indicator,day_of_week,accident_id,year,month,day,hour,minute,lighted_signal_indicator
LOUISVILLE METRO POLICE DEPT,US0150,,BROADWAY,,E,3.567,,,,BRENT,KY0864,CAMPBELL,2,1,CLOUDY,WET,False,FEDERAL,COLLISION WITH BICYCLIST,SINGLE VEHICLE,STRAIGHT & LEVEL,DAYLIGHT,False,2012-03-16 08:50:00-04:00,38.2444627,-85.7365801,False,False,FRIDAY,364,2012,3,16,8,50,False
LOUISVILLE METRO POLICE DEPT,US0031,,DIXIE,HWY,,,,,,STANDARD,,WOODLAND,2,1,CLOUDY,DRY,False,FEDERAL,COLLISION WITH BICYCLIST,ANGLE,STRAIGHT & GRADE,DAYLIGHT,False,2012-03-16 11:40:00-04:00,38.230983333,-85.789416667,True,False,FRIDAY,365,2012,3,16,11,40,False
INDIAN HILLS POLICE DEPARTMENT,,,BLANKENBAKER,LN,,0.323,,APACHE,,,,,2,1,CLEAR,DRY,False,LOCAL STREET,COLLISION WITH BICYCLE,SINGLE VEHICLE,STRAIGHT & LEVEL,DAYLIGHT,False,2012-03-16 15:30:00-04:00,38.2781829,-85.6485848,True,False,FRIDAY,366,2012,3,16,15,30,False
SHIVELY POLICE DEPARTMENT,US0031W,,DIXIE,HWY,,15.352,,,,,,,2,1,CLEAR,DRY,False,FEDERAL,COLLISION WITH BICYCLIST,SINGLE VEHICLE,STRAIGHT & LEVEL,DAYLIGHT,False,2012-03-19 18:38:00-04:00,38.1921808,-85.8079622,True,False,MONDAY,367,2012,3,19,18,38,False
ST. MATTHEWS POLICE DEPARTMENT,KY1932,,CHENOWETH,LN,,6.103,,LELAND,,,,,2,1,CLEAR,DRY,False,STATE,COLLISION WITH BICYCLE,SINGLE VEHICLE,STRAIGHT & GRADE,DAYLIGHT,False,2012-03-21 16:55:00-04:00,38.2598627,-85.6611451,False,False,WEDNESDAY,368,2012,3,21,16,55,False
LOUISVILLE METRO POLICE DEPT,,,NAOMI,DR,,0.204,,,,NORENE,,LULA,2,1,CLEAR,DRY,False,LOCAL STREET,COLLISION WITH BICYCLIST,SINGLE VEHICLE,STRAIGHT & LEVEL,DARK-HWY LIGHTED/ON,False,2012-03-24 20:55:00-04:00,38.1644236,-85.6838494,True,False,SATURDAY,369,2012,3,24,20,55,False
LOUISVILLE METRO POLICE DEPT,US0150,,BROADWAY,,E,2.899,,,,,,,2,1,CLEAR,DRY,False,FEDERAL,COLLISION WITH BICYCLIST,SINGLE VEHICLE,STRAIGHT & LEVEL,DAYLIGHT,False,2012-03-26 09:00:00-04:00,38.2453637,-85.7487457,True,False,MONDAY,370,2012,3,26,9,0,False
LOUISVILLE METRO POLICE DEPT,US0150,,BROADWAY,,W,2.383,,4TH,,,,,2,1,CLEAR,DRY,False,FEDERAL,COLLISION WITH BICYCLE,SINGLE VEHICLE,STRAIGHT & LEVEL,DAYLIGHT,False,2012-03-28 11:35:00-04:00,38.2460774,-85.7583687,False,False,WEDNESDAY,371,2012,3,28,11,35,True
LOUISVILLE METRO POLICE DEPT,,,ALTA VISTA,RD,,0.309,,,,MAPLE,,BEALS BRANCH,2,1,CLEAR,DRY,False,LOCAL STREET,COLLISION WITH BICYCLIST,SINGLE VEHICLE,CURVE & GRADE,DAYLIGHT,False,2012-04-03 16:07:00-04:00,38.2409979,-85.6874386,True,False,TUESDAY,372,2012,4,3,16,7,False
LOUISVILLE METRO POLICE DEPT,US0031W,,2ND,ST,S,22.123,,,US0031E ,MAIN,US0031E,MARKET,2,1,RAINING,WET,False,FEDERAL,COLLISION WITH BICYCLIST,SINGLE VEHICLE,STRAIGHT & LEVEL,DARK-HWY LIGHTED/ON,False,2012-04-05 00:05:00-04:00,38.2561125,-85.7532983,False,False,THURSDAY,373,2012,4,5,0,5,False
LOUISVILLE METRO POLICE DEPT,,,HASKIN,AVE,,0.0,KY1865,TAYLOR,,,,,2,1,CLEAR,DRY,False,LOCAL STREET,COLLISION WITH BICYCLE,SINGLE VEHICLE,STRAIGHT & LEVEL,DAYLIGHT,False,2012-04-05 19:00:00-04:00,38.1725341,-85.7819755,False,False,THURSDAY,374,2012,4,5,19,0,False
LOUISVILLE METRO POLICE DEPT,,,6TH,ST,S,0.742,US0150,BROADWAY,,,,,2,1,CLEAR,DRY,False,LOCAL STREET,COLLISION WITH BICYCLE,SINGLE VEHICLE,STRAIGHT & LEVEL,DAYLIGHT,False,2012-04-06 10:00:00-04:00,38.2463243,-85.7617167,True,False,FRIDAY,375,2012,4,6,10,0,False
LOUISVILLE METRO POLICE DEPT,,,BARRET HILL,RD,,0.559,,PARK BOUNDARY,,,,,2,1,CLEAR,DRY,False,LOCAL STREET,COLLISION WITH BICYCLE,SINGLE VEHICLE,STRAIGHT & GRADE,DAYLIGHT,False,2012-04-07 16:00:00-04:00,38.2373022,-85.6901282,False,False,SATURDAY,376,2012,4,7,16,0,False
LOUISVILLE METRO POLICE DEPT,KY1631,,CRITTENDEN,DR,,0.421,,HURON,,,,,2,1,CLEAR,DRY,False,STATE,COLLISION WITH BICYCLE,SINGLE VEHICLE,STRAIGHT & LEVEL,DAYLIGHT,False,2012-04-12 06:55:00-04:00,38.1940132,-85.7509267,True,False,THURSDAY,377,2012,4,12,6,55,True
JEFFERSONTOWN POLICE DEPT,KY0155,,TAYLORSVILLE,RD,,9.855,,GRAND,,,,,2,1,CLEAR,DRY,False,STATE,COLLISION WITH BICYCLE,SINGLE VEHICLE,CURVE & GRADE,DAYLIGHT,False,2012-04-13 13:58:00-04:00,38.1998912,-85.5713871,True,False,FRIDAY,378,2012,4,13,13,58,False
LOUISVILLE METRO POLICE DEPT,,,BROADWAY,,W,0.742,,,,,,,2,1,CLEAR,DRY,False,LOCAL STREET,COLLISION WITH BICYCLIST,SINGLE VEHICLE,STRAIGHT & LEVEL,DAYLIGHT,False,2012-04-17 13:49:00-04:00,38.2497015,-85.8018214,True,False,TUESDAY,379,2012,4,17,13,49,False
LOUISVILLE METRO POLICE DEPT,,,BROOK,ST,S,2.787,,BRECKINRIDGE,,,,,2,1,CLEAR,DRY,False,LOCAL STREET,COLLISION WITH BICYCLE,SINGLE VEHICLE,STRAIGHT & LEVEL,DAYLIGHT,False,2012-04-22 16:20:00-04:00,38.241315,-85.752539,True,False,SUNDAY,380,2012,4,22,16,20,False
LOUISVILLE METRO POLICE DEPT,US0060,,FRANKFORT,AVE,,1.91,,KENNEDY,,,,,2,1,CLOUDY,DRY,False,,COLLISION WITH BICYCLE,SIDESWIPE-SAME DIRECTION,STRAIGHT & LEVEL,DAYLIGHT,False,2012-04-24 17:35:00-04:00,38.201666667,-85.536666667,False,False,TUESDAY,381,2012,4,24,17,35,False
LOUISVILLE METRO POLICE DEPT,,,STRADER,AVE,,0.023,KY1865,TAYLOR,,,,,2,1,CLEAR,DRY,False,LOCAL STREET,COLLISION WITH BICYCLE,SINGLE VEHICLE,STRAIGHT & LEVEL,DAYLIGHT,False,2012-04-26 18:50:00-04:00,38.1911295,-85.7837235,True,False,THURSDAY,382,2012,4,26,18,50,False
LOUISVILLE METRO POLICE DEPT,,,17TH,ST,S,0.555,,,,,,,2,1,CLEAR,DRY,False,LOCAL STREET,COLLISION WITH BICYCLIST,SINGLE VEHICLE,STRAIGHT & LEVEL,DAWN,True,2012-05-01 18:34:00-04:00,38.2497055,-85.779737,True,False,TUESDAY,383,2012,5,1,18,34,False
LOUISVILLE METRO POLICE DEPT,,,INVERNESS,AVE,,0.006,,,,,,,2,1,CLEAR,DRY,False,LOCAL STREET,COLLISION WITH BICYCLIST,SINGLE VEHICLE,STRAIGHT & LEVEL,DAYLIGHT,False,2012-05-03 16:15:00-04:00,38.1670298,-85.7648886,True,False,THURSDAY,384,2012,5,3,16,15,False
LOUISVILLE METRO POLICE DEPT,KY0061,,PRESTON,HWY,,6.56,,LORETTA,,,,,2,1,CLEAR,DRY,False,STATE,COLLISION WITH BICYCLE,SINGLE VEHICLE,STRAIGHT & LEVEL,DAYLIGHT,False,2012-05-03 17:46:00-04:00,38.171236,-85.7091755,False,False,THURSDAY,385,2012,5,3,17,46,False
LOUISVILLE METRO POLICE DEPT,,,ROY WILKINS,AVE,,0.537,,,,,,,2,1,CLEAR,DRY,False,LOCAL STREET,COLLISION WITH BICYCLIST,SINGLE VEHICLE,STRAIGHT & LEVEL,DAYLIGHT,False,2012-05-04 10:09:00-04:00,38.2498525,-85.7659933,True,False,FRIDAY,386,2012,5,4,10,9,False
LOUISVILLE METRO POLICE DEPT,,,CENTRAL,AVE,,1.028,US0060A,TAYLOR,,,,,2,1,CLOUDY,DRY,True,NONE OF THE ABOVE,COLLISION WITH BICYCLE,SINGLE VEHICLE,STRAIGHT & LEVEL,DARK-HWY LIGHTED/ON,False,2012-05-05 23:00:00-04:00,38.2063312,-85.7762696,False,False,SATURDAY,387,2012,5,5,23,0,True
LOUISVILLE METRO POLICE DEPT,,,WINDSOR,PL,,12.53,,,,MOSSROSE,,BELLWOOD,2,1,CLOUDY,DRY,False,LOCAL STREET,COLLISION WITH BICYCLIST,SIDESWIPE-SAME DIRECTION,STRAIGHT & LEVEL,DUSK,False,2012-05-07 20:14:00-04:00,38.23285,-85.716033333,True,False,MONDAY,388,2012,5,7,20,14,False
LOUISVILLE METRO POLICE DEPT,,,KIRBY,AVE,,0.062,,34TH,,,,,2,1,RAINING,WET,True,LOCAL STREET,COLLISION WITH BICYCLE,SINGLE VEHICLE,STRAIGHT & LEVEL,DARK-HWY LIGHTED/ON,False,2012-05-07 22:30:00-04:00,38.236373,-85.8106657,True,False,MONDAY,389,2012,5,7,22,30,False
LOUISVILLE METRO POLICE DEPT,,,DUNCAN,ST,,0.897,,26TH,,,,,2,1,CLEAR,DRY,False,LOCAL STREET,COLLISION WITH BICYCLE,SINGLE VEHICLE,STRAIGHT & LEVEL,DAYLIGHT,False,2012-05-10 16:37:00-04:00,38.2633986,-85.7932794,True,False,THURSDAY,390,2012,5,10,16,37,True
LOUISVILLE METRO POLICE DEPT,,,THEILER,LN,,0.134,,NEW MAPLE,,,,,2,1,CLOUDY,DRY,False,LOCAL STREET,COLLISION WITH BICYCLE,SINGLE VEHICLE,STRAIGHT & LEVEL,DAYLIGHT,False,2012-05-12 15:15:00-04:00,38.1147215,-85.6464066,True,False,SATURDAY,391,2012,5,12,15,15,False
LOUISVILLE METRO POLICE DEPT,US0031,2100.0,DIXIE,HWY,,,,,,,,,2,1,CLEAR,DRY,False,FEDERAL,COLLISION WITH BICYCLIST,ANGLE,STRAIGHT & LEVEL,DAYLIGHT,False,2012-05-14 16:15:00-04:00,38.2452,-85.795366667,True,False,MONDAY,392,2012,5,14,16,15,False
LOUISVILLE METRO POLICE DEPT,KY1931,,MANSLICK,RD,,8.441,,CONN,,,,,2,1,CLEAR,DRY,False,STATE,COLLISION WITH BICYCLE,SINGLE VEHICLE,CURVE & LEVEL,DAYLIGHT,False,2012-05-14 17:40:00-04:00,38.1959538,-85.79908,True,False,MONDAY,393,2012,5,14,17,40,False
LOUISVILLE METRO POLICE DEPT,,3600.0,DUMESNIL,ST,,0.258,,,,,,,2,1,OTHER,DRY,True,LOCAL STREET,COLLISION WITH BICYCLIST,SINGLE VEHICLE,STRAIGHT & LEVEL,DARK-HWY LIGHTED/ON,False,2012-05-23 05:00:00-04:00,38.2381448,-85.8154649,False,False,WEDNESDAY,394,2012,5,23,5,0,False
LOUISVILLE METRO POLICE DEPT,,,CARDINAL,BLVD,W,0.235,,,KY1020  ,3RD,,4TH,2,1,CLEAR,DRY,True,LOCAL STREET,COLLISION WITH BICYCLIST,SINGLE VEHICLE,STRAIGHT & LEVEL,DAYLIGHT,False,2012-05-23 12:00:00-04:00,38.220703,-85.7621563,False,False,WEDNESDAY,395,2012,5,23,12,0,False
LOUISVILLE METRO POLICE DEPT,US0031W,,MARKET,ST,W,21.208,,,,11TH,,CHAPEL,2,1,CLEAR,DRY,False,FEDERAL,COLLISION WITH BICYCLIST,SINGLE VEHICLE,STRAIGHT & LEVEL,DAYLIGHT,False,2012-05-27 00:00:00-04:00,38.2564806,-85.7680489,True,False,SUNDAY,396,2012,5,27,0,0,False
LOUISVILLE METRO POLICE DEPT,KY1865,,TAYLOR,BLVD,,6.062,,CARLISLE,,,,,2,1,CLEAR,DRY,True,STATE,COLLISION WITH BICYCLE,SINGLE VEHICLE,STRAIGHT & LEVEL,DAYLIGHT,False,2012-05-27 17:51:00-04:00,38.1943381,-85.7831716,False,False,SUNDAY,397,2012,5,27,17,51,False
LOUISVILLE METRO POLICE DEPT,,,LONG RUN PARK,RD,,0.659,,,,,,,2,1,CLOUDY,DRY,False,NONE OF THE ABOVE,COLLISION WITH BICYCLIST,SINGLE VEHICLE,CURVE & HILLCREST,DAYLIGHT,False,2012-05-29 19:22:00-04:00,38.2653868,-85.4143887,True,False,TUESDAY,398,2012,5,29,19,22,False
LOUISVILLE METRO POLICE DEPT,,,BROOK,ST,S,3.433,,MUHAMMAD ALI,,,,,2,1,CLEAR,DRY,False,LOCAL STREET,COLLISION WITH BICYCLE,SINGLE VEHICLE,STRAIGHT & LEVEL,DAYLIGHT,False,2012-05-31 15:32:00-04:00,38.2505292,-85.7516033,False,False,THURSDAY,399,2012,5,31,15,32,True
LOUISVILLE METRO POLICE DEPT,,,WASHBURN,AVE,,0.652,,CENTRAL,,,,,2,1,RAINING,WET,False,LOCAL STREET,COLLISION WITH BICYCLE,SINGLE VEHICLE,STRAIGHT & LEVEL,DAYLIGHT,False,2012-05-31 19:02:00-04:00,38.2620923,-85.6185718,True,False,THURSDAY,400,2012,5,31,19,2,False
LOUISVILLE METRO POLICE DEPT,,,BROADWAY,,W,0.549,,28TH,,,,,2,1,CLEAR,DRY,True,LOCAL STREET,COLLISION WITH BICYCLE,SINGLE VEHICLE,STRAIGHT & LEVEL,DAYLIGHT,False,2012-06-05 13:00:00-04:00,38.249566,-85.7982802,True,False,TUESDAY,401,2012,6,5,13,0,True
LOUISVILLE METRO POLICE DEPT,,,7TH,ST,S,2.024,US0150,BROADWAY,,,,,2,1,CLEAR,DRY,False,LOCAL STREET,COLLISION WITH BICYCLE,SINGLE VEHICLE,STRAIGHT & LEVEL,DAYLIGHT,False,2012-06-06 11:51:00-04:00,38.2464772,-85.7633332,False,False,WEDNESDAY,402,2012,6,6,11,51,False
LOUISVILLE METRO POLICE DEPT,,,32ND,ST,S,1.035,,GRAND,,,,,2,1,CLEAR,DRY,False,LOCAL STREET,COLLISION WITH BICYCLE,SINGLE VEHICLE,STRAIGHT & LEVEL,DAYLIGHT,False,2012-06-07 12:05:00-04:00,38.2416023,-85.8064504,True,False,THURSDAY,403,2012,6,7,12,5,False
LOUISVILLE METRO POLICE DEPT,,,TENNY,AVE,W,0.078,,3RD,,,,,2,1,CLEAR,DRY,False,LOCAL STREET,COLLISION WITH BICYCLE,SINGLE VEHICLE,STRAIGHT & LEVEL,DAYLIGHT,False,2012-06-13 10:05:00-04:00,38.1769186,-85.767051,True,False,WEDNESDAY,404,2012,6,13,10,5,False
LOUISVILLE METRO POLICE DEPT,,,NORTON HEALTHCARE,BLVD,,0.102,,VON ALLMEN,,,,,2,1,CLEAR,DRY,False,LOCAL STREET,COLLISION WITH BICYCLE,SINGLE VEHICLE,STRAIGHT & LEVEL,DAWN,False,2012-06-14 16:52:00-04:00,38.312028,-85.5712926,True,False,THURSDAY,405,2012,6,14,16,52,False
LOUISVILLE METRO POLICE DEPT,US0060A,,EASTERN,PKWY,,4.477,,,,ELLSWORTH,KY0061,PRESTON,2,1,CLEAR,DRY,False,FEDERAL,COLLISION WITH BICYCLIST,SINGLE VEHICLE,STRAIGHT & LEVEL,DAYLIGHT,False,2012-06-16 10:51:00-04:00,38.213991,-85.7441949,True,False,SATURDAY,406,2012,6,16,10,51,False
LOUISVILLE METRO POLICE DEPT,,,DAISY,AVE,,0.35,,PRINCETON,,,,,2,1,CLEAR,DRY,False,LOCAL STREET,COLLISION WITH BICYCLE,SINGLE VEHICLE,STRAIGHT & LEVEL,DAYLIGHT,False,2012-06-18 17:56:00-04:00,38.1490447,-85.8498995,True,False,MONDAY,407,2012,6,18,17,56,False
LOUISVILLE METRO POLICE DEPT,,,MUHAMMAD ALI,BLVD,E,0.725,KY0061,PRESTON,,,,,2,1,CLEAR,DRY,False,LOCAL STREET,COLLISION WITH BICYCLE,SINGLE VEHICLE,STRAIGHT & LEVEL,DARK-HWY LIGHTED/ON,False,2012-06-26 21:21:00-04:00,38.2500202,-85.7468211,True,False,TUESDAY,408,2012,6,26,21,21,False
LOUISVILLE METRO POLICE DEPT,I 0264,,,,,0.305,,,,,,,2,1,CLEAR,DRY,False,INTERSTATE,COLLISION WITH BICYCLIST,SINGLE VEHICLE,STRAIGHT & GRADE,DAYLIGHT,False,2012-06-27 09:30:00-04:00,38.1943827,-85.7072832,True,False,WEDNESDAY,409,2012,6,27,9,30,False
LOUISVILLE METRO POLICE DEPT,,3804.0,SOUTHERN,PKWY,,0.093,,,,,,,3,1,CLEAR,DRY,False,LOCAL STREET,COLLISION WITH BICYCLIST,SINGLE VEHICLE,STRAIGHT & LEVEL,DAYLIGHT,False,2012-06-27 18:40:00-04:00,38.180916,-85.7697026,True,False,WEDNESDAY,410,2012,6,27,18,40,False
LOUISVILLE METRO POLICE DEPT,,,KENTON,ST,E,0.043,,RANKIN,,,,,2,1,CLEAR,DRY,False,LOCAL STREET,COLLISION WITH BICYCLE,SINGLE VEHICLE,STRAIGHT & LEVEL,DAYLIGHT,False,2012-06-28 10:00:00-04:00,38.1982434,-85.7607983,False,False,THURSDAY,411,2012,6,28,10,0,False
LOUISVILLE METRO POLICE DEPT,US0150,,BROADWAY,,W,2.105,,7TH,,,,,2,1,CLEAR,DRY,True,FEDERAL,COLLISION WITH BICYCLE,SINGLE VEHICLE,CURVE & LEVEL,DAYLIGHT,False,2012-06-29 12:03:00-04:00,38.2464515,-85.7633706,False,False,FRIDAY,412,2012,6,29,12,3,True
LOUISVILLE METRO POLICE DEPT,KY2251,,BARDSTOWN,RD,,1.191,US0031E,BUECHEL,,,,,2,1,CLEAR,DRY,True,STATE,COLLISION WITH BICYCLE,SINGLE VEHICLE,STRAIGHT & LEVEL,DAYLIGHT,False,2012-06-29 15:00:00-04:00,38.2001838,-85.6624557,False,False,FRIDAY,413,2012,6,29,15,0,True
LOUISVILLE METRO POLICE DEPT,US0031,,BARDSTOWN,,,,,,,TRAVILLIAN,,LAKESIDE,2,1,CLEAR,DRY,False,FEDERAL,COLLISION WITH BICYCLIST,SINGLE VEHICLE,STRAIGHT & LEVEL,DAYLIGHT,False,2012-07-03 17:35:00-04:00,38.217016667,-85.683366667,True,False,TUESDAY,414,2012,7,3,17,35,False
LOUISVILLE METRO POLICE DEPT,US0031E,,MARKET,ST,W,17.8,KY1020,2ND,,,,,2,1,CLEAR,DRY,False,FEDERAL,COLLISION WITH BICYCLE,SINGLE VEHICLE,STRAIGHT & LEVEL,DUSK,False,2012-07-03 20:15:00-04:00,38.2549492,-85.7535902,True,False,TUESDAY,415,2012,7,3,20,15,False
LOUISVILLE METRO POLICE DEPT,,,MUHAMMAD ALI,BLVD,W,0.91,,11TH,,,,,2,1,CLEAR,DRY,False,LOCAL STREET,COLLISION WITH BICYCLE,SINGLE VEHICLE,STRAIGHT & LEVEL,DARK-HWY LIGHTED/ON,False,2012-07-05 23:38:00-04:00,38.2524461,-85.7690858,True,False,THURSDAY,416,2012,7,5,23,38,False
LOUISVILLE METRO POLICE DEPT,,,MANNER DALE,DR,,0.001,KY1932,BRECKENRIDGE,,,,,2,1,CLEAR,DRY,False,LOCAL STREET,COLLISION WITH BICYCLE,SINGLE VEHICLE,STRAIGHT & LEVEL,DAYLIGHT,False,2012-07-06 11:03:00-04:00,38.2025698,-85.6223878,False,False,FRIDAY,417,2012,7,6,11,3,False
LOUISVILLE METRO POLICE DEPT,,,PRINCETON,DR,,0.001,US0031E,BARDSTOWN,,,,,2,1,CLOUDY,DRY,False,LOCAL STREET,COLLISION WITH BICYCLE,SINGLE VEHICLE,STRAIGHT & LEVEL,DAYLIGHT,False,2012-07-09 11:55:00-04:00,38.2251652,-85.6952648,True,False,MONDAY,418,2012,7,9,11,55,False
LOUISVILLE METRO POLICE DEPT,KY1020,,2ND,ST,S,12.165,,,,CHESTNUT,US0150,BROADWAY,2,1,CLEAR,DRY,False,STATE,COLLISION WITH BICYCLIST,SINGLE VEHICLE,STRAIGHT & LEVEL,DAYLIGHT,False,2012-07-09 18:10:00-04:00,38.2468082,-85.7548792,False,False,MONDAY,419,2012,7,9,18,10,False
LOUISVILLE METRO POLICE DEPT,,,7TH STREET,RD,,,,INDUSTRY,,,,,2,1,CLEAR,DRY,False,LOCAL STREET,COLLISION WITH BICYCLE,ANGLE,STRAIGHT & LEVEL,DAYLIGHT,False,2012-07-11 16:40:00-04:00,38.219583333,-85.77175,True,False,WEDNESDAY,420,2012,7,11,16,40,False
LOUISVILLE METRO POLICE DEPT,,,DENA,DR,,0.088,,,,,,,2,1,CLEAR,DRY,False,LOCAL STREET,COLLISION WITH BICYCLIST,SINGLE VEHICLE,STRAIGHT & LEVEL,DAYLIGHT,False,2012-07-12 14:55:00-04:00,38.1919257,-85.8020252,True,False,THURSDAY,421,2012,7,12,14,55,False
LOUISVILLE METRO POLICE DEPT,US0150,,22ND,ST,N,0.57,,,,DUNCAN,,COLUMBIA,2,1,CLEAR,DRY,True,FEDERAL,COLLISION WITH BICYCLIST,SINGLE VEHICLE,STRAIGHT & LEVEL,DARK-HWY LIGHTED/ON,False,2012-07-13 10:51:00-04:00,38.2624011,-85.7859004,True,False,FRIDAY,422,2012,7,13,10,51,False
LOUISVILLE METRO POLICE DEPT,US0031W,,2ND,ST,S,22.037,US0031E,MARKET,,,,,2,1,CLEAR,DRY,False,FEDERAL,COLLISION WITH BICYCLE,SINGLE VEHICLE,STRAIGHT & LEVEL,DAYLIGHT,False,2012-07-13 12:58:00-04:00,38.2548491,-85.7535754,False,False,FRIDAY,423,2012,7,13,12,58,False
LOUISVILLE METRO POLICE DEPT,KY0061,,JACKSON,ST,S,12.067,,LAMPTON,,,,,2,1,CLEAR,DRY,False,STATE,COLLISION WITH BICYCLE,SINGLE VEHICLE,STRAIGHT & LEVEL,DAYLIGHT,False,2012-07-15 18:51:00-04:00,38.2419605,-85.7461425,True,False,SUNDAY,424,2012,7,15,18,51,False
LOUISVILLE METRO POLICE DEPT,,,NORTHWESTERN,PKWY,,1.366,,,,,,,2,1,CLEAR,DRY,False,LOCAL STREET,COLLISION WITH BICYCLIST,SINGLE VEHICLE,STRAIGHT & LEVEL,DAYLIGHT,False,2012-07-17 20:40:00-04:00,38.2747671,-85.7922321,False,False,TUESDAY,425,2012,7,17,20,40,False
LOUISVILLE METRO POLICE DEPT,,,COLUMBIA,AVE,,0.25,,KENTUCKY,,,,,2,1,CLEAR,DRY,False,COUNTY ROAD,COLLISION WITH BICYCLE,SINGLE VEHICLE,STRAIGHT & LEVEL,DAYLIGHT,False,2012-07-22 15:46:00-04:00,38.1508045,-85.8479443,True,False,SUNDAY,426,2012,7,22,15,46,False
LOUISVILLE METRO POLICE DEPT,US0031E,,BARDSTOWN,RD,,15.464,,,,GRINSTEAD,KY1703,BAXTER,2,1,CLEAR,DRY,False,FEDERAL,COLLISION WITH BICYCLIST,SINGLE VEHICLE,STRAIGHT & LEVEL,DAYLIGHT,False,2012-07-23 11:53:00-04:00,38.2387768,-85.7215351,True,False,MONDAY,427,2012,7,23,11,53,False
LOUISVILLE METRO POLICE DEPT,,,MEADE,AVE,,0.085,,ENGLISH,,,,,2,1,CLOUDY,DRY,False,LOCAL STREET,COLLISION WITH BICYCLE,SINGLE VEHICLE,STRAIGHT & LEVEL,DAYLIGHT,False,2012-07-24 18:25:00-04:00,38.210443,-85.7273398,True,False,TUESDAY,428,2012,7,24,18,25,False
LOUISVILLE METRO POLICE DEPT,,,GOLDSMITH,LN,,0.262,,,,RIO RITA,,DELL BROOKE,2,1,CLEAR,DRY,False,LOCAL STREET,COLLISION WITH BICYCLIST,SINGLE VEHICLE,STRAIGHT & LEVEL,DAYLIGHT,False,2012-07-25 12:05:00-04:00,38.2084517,-85.6526874,True,False,WEDNESDAY,429,2012,7,25,12,5,False
LOUISVILLE METRO POLICE DEPT,,,BROWNS,LN,,1.972,,LYNNBROOK,,,,,2,1,CLEAR,DRY,False,COUNTY ROAD,COLLISION WITH BICYCLE,SINGLE VEHICLE,STRAIGHT & LEVEL,DAYLIGHT,False,2012-07-25 18:35:00-04:00,38.2303465,-85.6249668,True,False,WEDNESDAY,430,2012,7,25,18,35,False
LOUISVILLE METRO POLICE DEPT,US0031W,,DR W J HODGE,ST,,19.851,,CHESTNUT,,,,,2,1,CLEAR,DRY,False,FEDERAL,COLLISION WITH BICYCLE,SINGLE VEHICLE,STRAIGHT & LEVEL,DAYLIGHT,False,2012-07-27 11:00:00-04:00,38.2520777,-85.7860228,True,False,FRIDAY,431,2012,7,27,11,0,False
LOUISVILLE METRO POLICE DEPT,KY1020,,3RD,ST,S,9.868,US0060A,EASTERN,,,,,2,1,RAINING,WET,True,STATE,COLLISION WITH BICYCLE,SINGLE VEHICLE,STRAIGHT & LEVEL,DARK-HWY LIGHTED/ON,False,2012-07-27 21:21:00-04:00,38.2137362,-85.7622841,True,False,FRIDAY,432,2012,7,27,21,21,False
LOUISVILLE METRO POLICE DEPT,KY2054,,ALGONQUIN,PKWY,,2.522,,7TH,,,,,2,1,CLOUDY,DRY,False,STATE,COLLISION WITH BICYCLE,SINGLE VEHICLE,STRAIGHT & LEVEL,DAYLIGHT,False,2012-07-30 13:45:00-04:00,38.2200231,-85.7773392,True,False,MONDAY,433,2012,7,30,13,45,True
SHIVELY POLICE DEPARTMENT,US0031W,,DIXIE,HWY,,15.361,,,,CRUMS,US0060A,7TH STREET,2,1,CLEAR,DRY,False,FEDERAL,COLLISION WITH BICYCLIST,SINGLE VEHICLE,STRAIGHT & LEVEL,DAYLIGHT,False,2012-07-30 15:53:00-04:00,38.1923028,-85.8079149,True,False,MONDAY,434,2012,7,30,15,53,False
LOUISVILLE METRO POLICE DEPT,US0031W,,MARKET,ST,W,21.722,,,,5TH,,6TH,2,1,CLEAR,DRY,False,FEDERAL,COLLISION WITH BICYCLIST,SINGLE VEHICLE,STRAIGHT & LEVEL,DAYLIGHT,False,2012-07-30 16:05:00-04:00,38.2554281,-85.7590292,True,False,MONDAY,435,2012,7,30,16,5,False
LOUISVILLE METRO POLICE DEPT,KY1020,,2ND,ST,S,12.085,,,,JACOB,US0150,BROADWAY,2,1,CLEAR,DRY,False,STATE,COLLISION WITH BICYCLIST,SINGLE VEHICLE,STRAIGHT & LEVEL,DAYLIGHT,False,2012-07-31 17:15:00-04:00,38.2455781,-85.7549697,True,False,TUESDAY,436,2012,7,31,17,15,False