investigating_agency,roadway_number,building_number,roadway_name,roadway_suffix,roadway_direction,milepoint,intersection_roadway_number,intersection_roadway_name,between_street_number_1,between_street_name_1,between_street_number_2,between_street_name_2,units_involved,motor_vehicles_involved,weather,roadway_condition,hit_and_run_indicator,roadway_type,directional_analysis,manner_of_collision,roadway_character,light_condition,secondary_collision_indicator,date,latitude,longitude,injury_indicator,fatality_indicator,day_of_week,accident_id,year,month,day,hour,minute,lighted_signal_indicator
LOUISVILLE METRO POLICE DEPT,,,NORRIS,PL,,0.393,,DEERWOOD,,,,,2,1,CLEAR,DRY,True,LOCAL STREET,COLLISION WITH BICYCLE,SINGLE VEHICLE,STRAIGHT & LEVEL,DAYLIGHT,False,2012-08-01 11:17:00-04:00,38.2269728,-85.708405,True,False,WEDNESDAY,437,2012,8,1,11,17,False
LOUISVILLE METRO POLICE DEPT,KY0061,,PRESTON,ST,S,12.055,,,,,,,2,1,CLEAR,DRY,False,STATE,COLLISION WITH BICYCLIST,SINGLE VEHICLE,STRAIGHT & LEVEL,DAYLIGHT,False,2012-08-04 14:00:00-04:00,38.2407961,-85.7483218,True,False,SATURDAY,438,2012,8,4,14,0,False
LOUISVILLE METRO POLICE DEPT,KY1931,,GREENWOOD,RD,,1.798,,COLUMBINE,,,,,2,1,CLEAR,DRY,False,STATE,COLLISION WITH BICYCLE,SINGLE VEHICLE,STRAIGHT & LEVEL,DAYLIGHT,False,2012-08-04 14:29:00-04:00,38.1445402,-85.8642844,True,False,SATURDAY,439,2012,8,4,14,29,False
LOUISVILLE METRO POLICE DEPT,,,4TH,ST,S,3.588,,CENTRAL,,,,,2,1,CLEAR,DRY,False,LOCAL STREET,COLLISION WITH BICYCLE,SINGLE VEHICLE,STRAIGHT & LEVEL,DAYLIGHT,False,2012-08-04 14:57:00-04:00,38.2051376,-85.7655794,True,False,SATURDAY,440,2012,8,4,14,57,False
SHIVELY POLICE DEPARTMENT,US0031W,,DIXIE,HWY,,14.0,,GAGEL,,,,,2,1,CLEAR,DRY,False,FEDERAL,COLLISION WITH BICYCLE,SINGLE VEHICLE,STRAIGHT & LEVEL,DAYLIGHT,False,2012-08-05 13:33:00-04:00,38.1759532,-85.8214224,True,False,SUNDAY,441,2012,8,5,13,33,True
LOUISVILLE METRO POLICE DEPT,,,CHAMBERLAIN,LN,,3.399,,,,,,,2,1,CLEAR,DRY,False,COUNTY ROAD,COLLISION WITH BICYCLIST,SINGLE VEHICLE,STRAIGHT & LEVEL,DAYLIGHT,False,2012-08-06 14:35:00-04:00,38.3092066,-85.5600538,True,False,MONDAY,442,2012,8,6,14,35,False
LOUISVILLE METRO POLICE DEPT,,,PEE WEE REESE,RD,,2.065,,,,ROCK CREEK,KY2048,CANNONS,2,1,CLEAR,DRY,False,LOCAL STREET,COLLISION WITH BICYCLIST,SINGLE VEHICLE,STRAIGHT & LEVEL,DAYLIGHT,False,2012-08-06 19:00:00-04:00,38.246015,-85.665699,True,False,MONDAY,443,2012,8,6,19,0,False
LOUISVILLE METRO POLICE DEPT,,,DIXIE,HWY,,0.005,US0150,BROADWAY,,,,,2,1,CLEAR,DRY,False,LOCAL STREET,COLLISION WITH BICYCLE,SINGLE VEHICLE,STRAIGHT & LEVEL,DAYLIGHT,False,2012-08-11 19:00:00-04:00,38.2489611,-85.7820492,True,False,SATURDAY,444,2012,8,11,19,0,False
LOUISVILLE METRO POLICE DEPT,US0031E,,MARKET,ST,W,17.774,US0031W,2ND,,,,,2,1,CLEAR,DRY,False,FEDERAL,COLLISION WITH BICYCLE,SINGLE VEHICLE,STRAIGHT & LEVEL,DAYLIGHT,False,2012-08-15 17:18:00-04:00,38.2549938,-85.7532875,True,False,WEDNESDAY,445,2012,8,15,17,18,False
LOUISVILLE METRO POLICE DEPT,,,GOLDSMITH,LN,,0.806,,,,BELMONT,,SUMNER,2,1,CLEAR,DRY,False,LOCAL STREET,COLLISION WITH BICYCLIST,SINGLE VEHICLE,STRAIGHT & LEVEL,DAYLIGHT,False,2012-08-17 17:55:00-04:00,38.2064035,-85.6727827,True,False,FRIDAY,446,2012,8,17,17,55,False
LOUISVILLE METRO POLICE DEPT,,5022.0,LESABRE,DR,,0.04,,,,,,,2,1,CLEAR,DRY,False,LOCAL STREET,COLLISION WITH BICYCLIST,SINGLE VEHICLE,STRAIGHT & LEVEL,DAYLIGHT,False,2012-08-18 17:00:00-04:00,38.1662013,-85.8255786,False,False,SATURDAY,447,2012,8,18,17,0,False
LOUISVILLE METRO POLICE DEPT,,,36TH,ST,,,,DOERHOEFER,,,,,2,1,CLEAR,DRY,False,LOCAL STREET,COLLISION WITH BICYCLE,ANGLE,STRAIGHT & LEVEL,DAYLIGHT,False,2012-08-18 19:55:00-04:00,38.2479,-85.81095,True,False,SATURDAY,448,2012,8,18,19,55,False
LOUISVILLE METRO POLICE DEPT,US0031E,,BAXTER,AVE,,15.653,,HIGHLAND,,,,,2,1,CLEAR,DRY,False,FEDERAL,COLLISION WITH BICYCLE,SINGLE VEHICLE,STRAIGHT & LEVEL,DAYLIGHT,False,2012-08-21 09:20:00-04:00,38.2402621,-85.7242726,True,False,TUESDAY,449,2012,8,21,9,20,True
LOUISVILLE METRO POLICE DEPT,US0042,,BROWNSBORO,RD,,1.935,,IDLEWYLDE,,,,,2,1,CLEAR,DRY,False,FEDERAL,COLLISION WITH BICYCLE,SINGLE VEHICLE,STRAIGHT & LEVEL,DAYLIGHT,False,2012-08-24 08:16:00-04:00,38.258421,-85.7003631,True,False,FRIDAY,450,2012,8,24,8,16,False
LOUISVILLE METRO POLICE DEPT,KY3064,,PORTLAND,AVE,,0.557,,,,,,,2,1,CLEAR,DRY,False,STATE,COLLISION WITH BICYCLIST,SINGLE VEHICLE,STRAIGHT & LEVEL,DAYLIGHT,False,2012-08-24 18:28:00-04:00,38.2717248,-85.7918435,True,False,FRIDAY,451,2012,8,24,18,28,False
LOUISVILLE METRO POLICE DEPT,,2700.0,CEDAR,ST,,1.208,,,,,,,2,1,CLEAR,DRY,False,LOCAL STREET,COLLISION WITH BICYCLIST,SINGLE VEHICLE,STRAIGHT & LEVEL,DARK-HWY LIGHTED/ON,False,2012-08-25 00:22:00-04:00,38.2567497,-85.7957937,False,False,SATURDAY,452,2012,8,25,0,22,False
LOUISVILLE METRO POLICE DEPT,,,2ND,ST,S,2.253,,CENTRAL STATION,,,,,2,1,CLEAR,DRY,False,LOCAL STREET,COLLISION WITH BICYCLE,SINGLE VEHICLE,STRAIGHT & LEVEL,DAYLIGHT,False,2012-08-25 09:05:00-04:00,38.2034347,-85.7631976,True,False,SATURDAY,453,2012,8,25,9,5,False
LOUISVILLE METRO POLICE DEPT,,,40TH,ST,,,,KENTUCKY,,,,,2,1,CLEAR,DRY,False,LOCAL STREET,COLLISION WITH BICYCLE,ANGLE,STRAIGHT & LEVEL,DUSK,False,2012-08-25 20:30:00-04:00,38.201666667,-85.536666667,True,False,SATURDAY,454,2012,8,25,20,30,False
LOUISVILLE METRO POLICE DEPT,,,SHELBYVILLE,RD,,,,MOSER,,,,,2,1,CLOUDY,DRY,False,LOCAL STREET,COLLISION WITH BICYCLE,ANGLE,STRAIGHT & LEVEL,DAYLIGHT,False,2012-08-27 17:45:00-04:00,38.2452,-85.559183333,True,False,MONDAY,455,2012,8,27,17,45,False
LOUISVILLE METRO POLICE DEPT,,,TRAPPERS,TRL,,0.009,KY1934,CANE RUN,,,,,2,1,CLEAR,DRY,False,LOCAL STREET,COLLISION WITH BICYCLE,SINGLE VEHICLE,STRAIGHT & LEVEL,DAYLIGHT,False,2012-08-28 15:18:00-04:00,38.2033976,-85.8321425,True,False,TUESDAY,456,2012,8,28,15,18,False
LOUISVILLE METRO POLICE DEPT,US0150,,BROADWAY,,E,2.97,KY0061,PRESTON,,,,,2,1,CLEAR,DRY,False,FEDERAL,COLLISION WITH BICYCLE,SINGLE VEHICLE,STRAIGHT & LEVEL,DUSK,False,2012-08-29 18:50:00-04:00,38.2453271,-85.7474973,True,False,WEDNESDAY,457,2012,8,29,18,50,True
LOUISVILLE METRO POLICE DEPT,,,ZORN,AVE,,0.873,,CLEVELAND,,,,,2,1,CLOUDY,DRY,False,LOCAL STREET,COLLISION WITH BICYCLE,SINGLE VEHICLE,STRAIGHT & GRADE,DAYLIGHT,False,2012-09-01 08:30:00-04:00,38.2666184,-85.6906418,True,False,SATURDAY,458,2012,9,1,8,30,False
LOUISVILLE METRO POLICE DEPT,,,CECIL,AVE,,,,ELLIOTT,,,,,2,1,CLEAR,DRY,False,LOCAL STREET,COLLISION WITH BICYCLE,ANGLE,STRAIGHT & LEVEL,DAYLIGHT,False,2012-09-02 16:53:00-04:00,38.251666667,-85.82,True,False,SUNDAY,459,2012,9,2,16,53,False
LOUISVILLE METRO POLICE DEPT,US0060A,,BERRY,BLVD,,0.609,,,,,,,2,1,CLEAR,DRY,False,FEDERAL,COLLISION WITH BICYCLIST,SINGLE VEHICLE,STRAIGHT & LEVEL,DAYLIGHT,False,2012-09-04 15:45:00-04:00,38.19662,-85.7987078,True,False,TUESDAY,460,2012,9,4,15,45,False
LOUISVILLE METRO POLICE DEPT,US0031W,,DIXIE,HWY,,6.713,,ORELL,,,,,2,1,CLOUDY,DRY,False,FEDERAL,COLLISION WITH BICYCLE,SINGLE VEHICLE,STRAIGHT & LEVEL,DAYLIGHT,False,2012-09-05 15:16:00-04:00,38.0823887,-85.8816424,True,False,WEDNESDAY,461,2012,9,5,15,16,False
LOUISVILLE METRO POLICE DEPT,I 0264,,,,,0.23,,HALE,,,,,2,1,CLEAR,DRY,False,INTERSTATE,COLLISION WITH BICYCLE,SINGLE VEHICLE,CURVE & LEVEL,DAYLIGHT,False,2012-09-06 10:00:00-04:00,38.2407888,-85.8165066,True,False,THURSDAY,462,2012,9,6,10,0,False
LOUISVILLE METRO POLICE DEPT,,5913.0,BAY HARBOR,DR,,0.402,,,,,,,2,1,CLEAR,DRY,False,COUNTY ROAD,COLLISION WITH BICYCLIST,SINGLE VEHICLE,STRAIGHT & LEVEL,DAYLIGHT,False,2012-09-06 16:27:00-04:00,38.1726035,-85.6391492,True,False,THURSDAY,463,2012,9,6,16,27,False
LOUISVILLE METRO POLICE DEPT,US0031E,,BARDSTOWN,RD,,12.09,I 0264,I264 W EXIT16 OFF RAMP TO US31E N,,,,,2,1,CLEAR,DRY,False,FEDERAL,COLLISION WITH BICYCLE,SINGLE VEHICLE,STRAIGHT & LEVEL,DAYLIGHT,False,2012-09-11 13:02:00-04:00,38.2118428,-85.6716002,True,False,TUESDAY,464,2012,9,11,13,2,False
LOUISVILLE METRO POLICE DEPT,US0060,,FRANKFORT,AVE,,1.712,,KENNEDY,,,,,2,1,CLEAR,DRY,False,FEDERAL,COLLISION WITH BICYCLE,SINGLE VEHICLE,STRAIGHT & LEVEL,DAYLIGHT,False,2012-09-11 19:08:00-04:00,38.2547044,-85.6887878,False,False,TUESDAY,465,2012,9,11,19,8,False
LOUISVILLE METRO POLICE DEPT,KY1065,,OUTER,LOOP,,6.405,,NOLTEMEYER WYNDE,,,,,2,1,CLEAR,DRY,False,STATE,COLLISION WITH BICYCLE,SINGLE VEHICLE,STRAIGHT & LEVEL,DAYLIGHT,False,2012-09-12 14:53:00-04:00,38.1382579,-85.6804451,True,False,WEDNESDAY,466,2012,9,12,14,53,True
LOUISVILLE METRO POLICE DEPT,KY0155,,TAYLORSVILLE,RD,,15.883,,GLADSTONE,,,,,2,1,CLEAR,DRY,False,STATE,COLLISION WITH BICYCLE,SINGLE VEHICLE,STRAIGHT & LEVEL,DARK-HWY LIGHTED/ON,False,2012-09-13 01:20:00-04:00,38.2231552,-85.672732,True,False,THURSDAY,467,2012,9,13,1,20,False
LOUISVILLE METRO POLICE DEPT,US0031E,,BARDSTOWN,RD,,15.428,,GRINSTEAD,,,,,2,1,CLOUDY,DRY,False,FEDERAL,COLLISION WITH BICYCLE,SINGLE VEHICLE,STRAIGHT & LEVEL,DAYLIGHT,False,2012-09-14 16:50:00-04:00,38.2384156,-85.7210864,True,False,FRIDAY,468,2012,9,14,16,50,True
LOUISVILLE METRO POLICE DEPT,,,FLOYD,ST,S,0.624,,GRAY,,,,,2,1,CLEAR,DRY,True,LOCAL STREET,COLLISION WITH BICYCLE,SINGLE VEHICLE,STRAIGHT & LEVEL,DAYLIGHT,False,2012-09-15 11:00:00-04:00,38.2467049,-85.7494595,True,False,SATURDAY,469,2012,9,15,11,0,True
LOUISVILLE METRO POLICE DEPT,US0042,,STORY,AVE,,0.256,,,,,,,2,1,CLOUDY,DRY,False,FEDERAL,COLLISION WITH BICYCLIST,SINGLE VEHICLE,STRAIGHT & LEVEL,DAYLIGHT,False,2012-09-18 15:28:00-04:00,38.2558466,-85.728299,False,False,TUESDAY,470,2012,9,18,15,28,False
LOUISVILLE METRO POLICE DEPT,,,OAK,ST,W,0.044,,,,1ST,KY1020,2ND,2,1,CLEAR,DRY,True,LOCAL STREET,COLLISION WITH BICYCLIST,SINGLE VEHICLE,STRAIGHT & LEVEL,DAYLIGHT,False,2012-09-19 17:35:00-04:00,38.234812,-85.7560779,True,False,WEDNESDAY,471,2012,9,19,17,35,False
LOUISVILLE METRO POLICE DEPT,KY1447,,WESTPORT,RD,,1.678,,,,AMBRIDGE,,WALSER,2,1,CLEAR,DRY,False,STATE,COLLISION WITH BICYCLIST,SINGLE VEHICLE,CURVE & LEVEL,DAYLIGHT,False,2012-09-20 10:20:00-04:00,38.2634858,-85.628924,True,False,THURSDAY,472,2012,9,20,10,20,False
LOUISVILLE METRO POLICE DEPT,,,POINSETTIA,DR,,,,,,AZALEA,,JESSAMINE,2,1,CLEAR,DRY,False,LOCAL STREET,COLLISION WITH BICYCLIST,ANGLE,STRAIGHT & LEVEL,DAYLIGHT,False,2012-09-24 18:31:00-04:00,38.138,-85.85725,True,False,MONDAY,473,2012,9,24,18,31,False
LOUISVILLE METRO POLICE DEPT,,,CLAY,ST,S,0.693,US0150,BROADWAY,,,,,2,1,RAINING,WET,True,LOCAL STREET,COLLISION WITH BICYCLE,SINGLE VEHICLE,STRAIGHT & LEVEL,DARK-HWY LIGHTED/ON,False,2012-09-26 00:47:00-04:00,38.2448319,-85.7415217,True,False,WEDNESDAY,474,2012,9,26,0,47,False
LOUISVILLE METRO POLICE DEPT,US0031E,,BARDSTOWN,RD,,15.423,,GRINSTEAD,,,,,2,1,CLOUDY,DRY,False,FEDERAL,COLLISION WITH BICYCLE,SINGLE VEHICLE,STRAIGHT & LEVEL,DARK-HWY LIGHTED/ON,False,2012-10-03 06:18:00-04:00,38.2384105,-85.7209814,False,False,WEDNESDAY,475,2012,10,3,6,18,True
LOUISVILLE METRO POLICE DEPT,KY1631,,CRITTENDEN,DR,,0.179,,ADAIR,,,,,2,1,CLEAR,DRY,False,STATE,COLLISION WITH BICYCLE,SINGLE VEHICLE,STRAIGHT & LEVEL,DAYLIGHT,False,2012-10-04 13:10:00-04:00,38.1905118,-85.7508036,True,False,THURSDAY,476,2012,10,4,13,10,False
LOUISVILLE METRO POLICE DEPT,,,ST CATHERINE,ST,E,1.113,,,,,,,2,1,CLEAR,DRY,False,LOCAL STREET,COLLISION WITH BICYCLIST,SINGLE VEHICLE,STRAIGHT & LEVEL,DAYLIGHT,False,2012-10-04 15:00:00-04:00,38.2364834,-85.7512224,True,False,THURSDAY,477,2012,10,4,15,0,False
LOUISVILLE METRO POLICE DEPT,KY2049,,CRUMS,LN,,0.455,,MAE,,,,,2,1,CLEAR,DRY,False,STATE,COLLISION WITH BICYCLE,SINGLE VEHICLE,STRAIGHT & LEVEL,DAYLIGHT,False,2012-10-06 15:51:00-04:00,38.1961731,-85.8298115,True,False,SATURDAY,478,2012,10,6,15,51,False
LOUISVILLE METRO POLICE DEPT,US0031E,,BARDSTOWN,RD,,15.395,,,,GRINSTEAD,,ELLWOOD,2,1,CLEAR,DRY,False,FEDERAL,COLLISION WITH BICYCLIST,SINGLE VEHICLE,STRAIGHT & LEVEL,DAYLIGHT,False,2012-10-09 00:00:00-04:00,38.2381775,-85.7205571,True,False,TUESDAY,479,2012,10,9,0,0,False
LOUISVILLE METRO POLICE DEPT,,,MUHAMMAD ALI,BLVD,,,,3RD,,,,,2,1,CLEAR,DRY,False,LOCAL STREET,COLLISION WITH BICYCLE,ANGLE,STRAIGHT & LEVEL,DARK-HWY LIGHTED/ON,False,2012-10-14 01:15:00-04:00,38.255616667,-85.7535,True,False,SUNDAY,480,2012,10,14,1,15,False
LOUISVILLE METRO POLICE DEPT,,,JACOB,ST,W,0.04,,,,,,,2,1,CLEAR,DRY,False,LOCAL STREET,COLLISION WITH BICYCLIST,SINGLE VEHICLE,STRAIGHT & LEVEL,DAYLIGHT,False,2012-10-15 12:23:00-04:00,38.2443302,-85.7545984,True,False,MONDAY,481,2012,10,15,12,23,False
SHIVELY POLICE DEPARTMENT,,,RALPH,AVE,,0.442,,,,FITZGERALD,,RAMSER,2,1,CLEAR,DRY,True,COUNTY ROAD,COLLISION WITH BICYCLIST,SINGLE VEHICLE,STRAIGHT & LEVEL,DAWN,False,2012-10-17 07:50:00-04:00,38.2065277,-85.8075591,True,False,WEDNESDAY,482,2012,10,17,7,50,False
ST. MATTHEWS POLICE DEPARTMENT,KY0146,,NEW LA GRANGE,RD,,0.236,,MARQUETTE,,,,,2,1,CLEAR,DRY,False,STATE,COLLISION WITH BICYCLE,SINGLE VEHICLE,STRAIGHT & LEVEL,DAYLIGHT,False,2012-10-18 11:07:00-04:00,38.2524212,-85.6153355,True,False,THURSDAY,483,2012,10,18,11,7,False
LOUISVILLE METRO POLICE DEPT,,6700.0,GRADE,LN,,2.576,,,,,,,2,1,CLOUDY,DRY,True,COUNTY ROAD,COLLISION WITH BICYCLIST,SINGLE VEHICLE,CURVE & LEVEL,DARK-HWY NOT LIGHTED,False,2012-10-25 04:53:00-04:00,38.1512401,-85.7348288,False,True,THURSDAY,484,2012,10,25,4,53,False
SHIVELY POLICE DEPARTMENT,KY2051,,ROCKFORD,LN,,0.152,,HILLSIDE,,,,,2,1,CLEAR,DRY,False,STATE,COLLISION WITH BICYCLE,SINGLE VEHICLE,STRAIGHT & LEVEL,DAYLIGHT,False,2012-10-25 18:14:00-04:00,38.1754644,-85.8259201,True,False,THURSDAY,485,2012,10,25,18,14,False
LOUISVILLE METRO POLICE DEPT,,,VIRGINIA,AVE,,1.107,I 0264,I264 E EXIT3 OFF RAMP TO HALE AVE,,,,,2,1,CLEAR,DRY,False,LOCAL STREET,COLLISION WITH BICYCLE,SINGLE VEHICLE,CURVE & LEVEL,DARK-HWY NOT LIGHTED,False,2012-10-27 22:27:00-04:00,38.2404217,-85.8157829,True,False,SATURDAY,486,2012,10,27,22,27,False
LOUISVILLE METRO POLICE DEPT,,,MARKET,ST,W,0.293,,,,,,,2,1,CLEAR,DRY,False,LOCAL STREET,COLLISION WITH BICYCLIST,SINGLE VEHICLE,STRAIGHT & LEVEL,DAYLIGHT,False,2012-10-31 15:56:00-04:00,38.2593387,-85.791772,True,False,WEDNESDAY,487,2012,10,31,15,56,False
SHIVELY POLICE DEPARTMENT,US0060A,3820.0,7TH STREET,RD,,0.398,,,,,,,2,1,CLEAR,DRY,False,FEDERAL,COLLISION WITH BICYCLIST,SINGLE VEHICLE,STRAIGHT & LEVEL,DAYLIGHT,False,2012-11-02 12:13:00-04:00,38.1956193,-85.8020241,True,False,FRIDAY,488,2012,11,2,12,13,False
LOUISVILLE METRO POLICE DEPT,US0060A,,TAYLOR,BLVD,,1.545,,SALE,,,,,2,1,CLEAR,DRY,False,FEDERAL,COLLISION WITH BICYCLE,SINGLE VEHICLE,STRAIGHT & LEVEL,DUSK,True,2012-11-11 21:00:00-05:00,38.1974352,-85.7828842,True,False,SUNDAY,489,2012,11,11,21,0,False
LOUISVILLE METRO POLICE DEPT,,,LOWER HUNTERS,TRCE,,2.408,,CHRISTIAN RIDGE,,,,,2,1,CLEAR,DRY,False,LOCAL STREET,COLLISION WITH BICYCLE,SINGLE VEHICLE,STRAIGHT & LEVEL,DARK-HWY LIGHTED/OFF,False,2012-11-15 00:00:00-05:00,38.1692694,-85.8742562,True,False,THURSDAY,490,2012,11,15,0,0,False
LOUISVILLE METRO POLICE DEPT,,,MONTANA,AVE,,0.182,,6TH,,,,,2,1,CLEAR,DRY,False,NONE OF THE ABOVE,COLLISION WITH BICYCLE,SINGLE VEHICLE,STRAIGHT & GRADE,DAWN,False,2012-12-03 17:05:00-05:00,38.2119909,-85.7677447,True,False,MONDAY,491,2012,12,3,17,5,False
LOUISVILLE METRO POLICE DEPT,,,OAK,ST,W,2.161,,25TH,,,,,2,1,RAINING,WET,True,LOCAL STREET,COLLISION WITH BICYCLE,SINGLE VEHICLE,STRAIGHT & LEVEL,DARK-HWY LIGHTED/ON,False,2012-12-06 20:00:00-05:00,38.2378685,-85.7947395,True,False,THURSDAY,492,2012,12,6,20,0,False
LOUISVILLE METRO POLICE DEPT,KY1934,,CANE RUN,RD,,7.781,,ROCKFORD,,,,,2,1,CLEAR,DRY,False,STATE,COLLISION WITH BICYCLE,SINGLE VEHICLE,STRAIGHT & LEVEL,DAYLIGHT,False,2012-12-18 15:39:00-05:00,38.1844071,-85.8545621,True,False,TUESDAY,493,2012,12,18,15,39,False
LOUISVILLE METRO POLICE DEPT,US0031E,,BAXTER,AVE,,15.784,,CHRISTY,,,,,2,1,CLEAR,DRY,False,FEDERAL,COLLISION WITH BICYCLE,SINGLE VEHICLE,STRAIGHT & LEVEL,DUSK,False,2012-12-19 18:58:00-05:00,38.2420857,-85.7257468,False,False,WEDNESDAY,494,2012,12,19,18,58,False
LOUISVILLE METRO POLICE DEPT,,,4TH,ST,S,2.13,,,,,,,2,1,CLOUDY,SNOW/SLUSH,False,LOCAL STREET,COLLISION WITH BICYCLIST,SINGLE VEHICLE,STRAIGHT & LEVEL,DARK-HWY LIGHTED/ON,True,2012-12-21 00:21:00-05:00,38.2260368,-85.7619079,True,False,FRIDAY,495,2012,12,21,0,21,False
SHIVELY POLICE DEPARTMENT,,,GLENVIEW,PL,,0.023,,,,LONEY,US0031W,DIXIE,2,1,CLEAR,DRY,False,LOCAL STREET,COLLISION WITH BICYCLIST,SINGLE VEHICLE,STRAIGHT & LEVEL,DARK-HWY NOT LIGHTED,False,2012-12-28 06:00:00-05:00,38.2124411,-85.7964527,True,False,FRIDAY,496,2012,12,28,6,0,False
LOUISVILLE METRO POLICE DEPT,KY1865,,TAYLOR,BLVD,,5.544,,ASHLAND,,,,,2,1,CLOUDY,DRY,False,STATE,COLLISION WITH BICYCLE,SINGLE VEHICLE,STRAIGHT & LEVEL,DARK-HWY LIGHTED/ON,False,2013-01-02 18:49:00-05:00,38.1867727,-85.7835932,False,False,WEDNESDAY,497,2013,1,2,18,49,False
LOUISVILLE METRO POLICE DEPT,KY3082,,BANK,ST,,1.072,,,,LOCHER,,26TH,2,1,CLEAR,DRY,False,STATE,COLLISION WITH BICYCLIST,SINGLE VEHICLE,STRAIGHT & LEVEL,DAYLIGHT,False,2013-01-04 16:02:00-05:00,38.2694459,-85.7912649,True,False,FRIDAY,498,2013,1,4,16,2,False
LOUISVILLE METRO POLICE DEPT,KY2052,,SHEPHERDSVILLE,RD,,3.264,,INDIAN,,,,,2,1,CLEAR,DRY,True,STATE,COLLISION WITH BICYCLE,SINGLE VEHICLE,STRAIGHT & LEVEL,DARK-HWY LIGHTED/ON,False,2013-01-08 00:25:00-05:00,38.1858278,-85.659659,True,False,TUESDAY,499,2013,1,8,0,25,False
LOUISVILLE METRO POLICE DEPT,US0031W,,MARKET,ST,W,21.942,,,,,,,2,1,CLEAR,DRY,False,FEDERAL,COLLISION WITH BICYCLIST,SINGLE VEHICLE,STRAIGHT & LEVEL,DAYLIGHT,False,2013-01-08 11:30:00-05:00,38.2550475,-85.7551695,False,False,TUESDAY,500,2013,1,8,11,30,False
LOUISVILLE METRO POLICE DEPT,KY0061,,PRESTON,ST,S,12.525,,,,CHESTNUT,,SPRINGER,2,1,CLOUDY,DRY,False,STATE,COLLISION WITH BICYCLIST,SINGLE VEHICLE,STRAIGHT & LEVEL,DAYLIGHT,False,2013-01-15 14:37:00-05:00,38.2467614,-85.7473665,False,False,TUESDAY,501,2013,1,15,14,37,False
LOUISVILLE METRO POLICE DEPT,,,PAYNE,ST,,0.152,,BISHOP,,,,,2,1,CLOUDY,WET,False,LOCAL STREET,COLLISION WITH BICYCLE,SINGLE VEHICLE,STRAIGHT & LEVEL,DARK-HWY LIGHTED/ON,False,2013-01-16 18:12:00-05:00,38.2466088,-85.7282902,True,False,WEDNESDAY,502,2013,1,16,18,12,False
LOUISVILLE METRO POLICE DEPT,US0060,,SHELBYVILLE,RD,,11.534,,PARK PLACE,,,,,2,1,CLEAR,DRY,False,FEDERAL,COLLISION WITH BICYCLE,SINGLE VEHICLE,STRAIGHT & LEVEL,DARK-HWY LIGHTED/ON,False,2013-01-17 07:02:00-05:00,38.24301,-85.512329,True,False,THURSDAY,503,2013,1,17,7,2,False
LOUISVILLE METRO POLICE DEPT,,,CORTLAND,DR,,0.05,,DUCHESS,,,,,2,1,CLEAR,DRY,False,LOCAL STREET,COLLISION WITH BICYCLE,SINGLE VEHICLE,STRAIGHT & LEVEL,DAYLIGHT,False,2013-01-19 17:10:00-05:00,38.1339358,-85.6215401,True,False,SATURDAY,504,2013,1,19,17,10,False
LOUISVILLE METRO POLICE DEPT,,,BROADWAY,,W,0.366,,26TH,,,,,2,1,CLEAR,DRY,False,LOCAL STREET,COLLISION WITH BICYCLE,SINGLE VEHICLE,STRAIGHT & LEVEL,DAYLIGHT,False,2013-01-20 14:50:00-05:00,38.2494573,-85.794925,True,False,SUNDAY,505,2013,1,20,14,50,True
LOUISVILLE METRO POLICE DEPT,,,SPRING,ST,N,0.193,,,,,,,2,2,CLOUDY,WATER (STANDING OR MOVING),False,LOCAL STREET,COLLISION WITH BICYCLIST,SIDESWIPE-SAME DIRECTION,STRAIGHT & LEVEL,DAYLIGHT,False,2013-01-30 16:10:00-05:00,38.2555105,-85.7222177,False,False,WEDNESDAY,506,2013,1,30,16,10,False
LOUISVILLE METRO POLICE DEPT,,,ST ANTHONY,PL,,0.195,,,,,,,2,1,CLEAR,DRY,False,LOCAL STREET,COLLISION WITH BICYCLIST,SINGLE VEHICLE,STRAIGHT & HILLCREST,DAYLIGHT,False,2013-02-05 14:00:00-05:00,38.2419979,-85.7320013,False,False,TUESDAY,507,2013,2,5,14,0,False
LOUISVILLE METRO POLICE DEPT,KY0061,,PRESTON,HWY,,4.317,,,,,,,2,1,CLEAR,DRY,False,STATE,COLLISION WITH BICYCLIST,SINGLE VEHICLE,STRAIGHT & GRADE,DARK-HWY LIGHTED/OFF,False,2013-02-05 18:37:00-05:00,38.1433247,-85.6893657,True,False,TUESDAY,508,2013,2,5,18,37,False
LOUISVILLE METRO POLICE DEPT,,,28TH,ST,S,1.405,,GRAND,,,,,2,1,CLEAR,DRY,False,LOCAL STREET,COLLISION WITH BICYCLE,SINGLE VEHICLE,STRAIGHT & LEVEL,DAYLIGHT,False,2013-02-07 18:13:00-05:00,38.2408568,-85.799807,True,False,THURSDAY,509,2013,2,7,18,13,False