investigating_agency,roadway_number,building_number,roadway_name,roadway_suffix,roadway_direction,milepoint,intersection_roadway_number,intersection_roadway_name,between_street_number_1,between_street_name_1,between_street_number_2,between_street_name_2,units_involved,motor_vehicles_involved,weather,roadway_condition,hit_and_run_indicator,roadway_type,directional_analysis,manner_of_collision,roadway_character,light_condition,secondary_collision_indicator,date,latitude,longitude,injury_indicator,fatality_indicator,day_of_week,accident_id,year,month,day,hour,minute,lighted_signal_indicator
LOUISVILLE METRO POLICE DEPT,US0031W,,DIXIE,HWY,,12.703,,,,FLINTLOCK,,BLANTON,2,1,CLEAR,DRY,False,FEDERAL,COLLISION WITH BICYCLIST,SINGLE VEHICLE,STRAIGHT & LEVEL,DAYLIGHT,False,2013-02-09 16:08:00-05:00,38.1596878,-85.8328698,False,False,SATURDAY,510,2013,2,9,16,8,False
LOUISVILLE METRO POLICE DEPT,,,KENTUCKY,ST,W,0.004,,1ST,,,,,2,1,CLOUDY,DRY,False,LOCAL STREET,COLLISION WITH BICYCLE,SINGLE VEHICLE,STRAIGHT & LEVEL,DAYLIGHT,False,2013-02-11 10:33:00-05:00,38.2383966,-85.7547289,False,False,MONDAY,511,2013,2,11,10,33,False
LOUISVILLE METRO POLICE DEPT,,,BASHFORD MANOR,LN,,0.012,US0031E,BARDSTOWN,,,,,2,1,CLEAR,DRY,False,LOCAL STREET,COLLISION WITH BICYCLE,SINGLE VEHICLE,STRAIGHT & LEVEL,DAYLIGHT,False,2013-02-12 08:34:00-05:00,38.2031069,-85.6642845,False,False,TUESDAY,512,2013,2,12,8,34,False
LOUISVILLE METRO POLICE DEPT,,,ZORN,AVE,,0.259,US0042,BROWNSBORO,,,,,2,1,CLEAR,DRY,False,LOCAL STREET,COLLISION WITH BICYCLE,SINGLE VEHICLE,STRAIGHT & LEVEL,DAYLIGHT,False,2013-02-12 13:02:00-05:00,38.2610813,-85.6841717,True,False,TUESDAY,513,2013,2,12,13,2,False
LOUISVILLE METRO POLICE DEPT,,,TENNESSEE,AVE,,0.55,KY1931,7TH STREET,,,,,2,1,CLEAR,DRY,False,LOCAL STREET,COLLISION WITH BICYCLE,SINGLE VEHICLE,STRAIGHT & LEVEL,DAYLIGHT,False,2013-02-14 10:05:00-05:00,38.2177488,-85.7798359,False,False,THURSDAY,514,2013,2,14,10,5,False
LOUISVILLE METRO POLICE DEPT,,,9TH,ST,S,0.003,US0150,BROADWAY,,,,,2,1,CLEAR,DRY,False,LOCAL STREET,COLLISION WITH BICYCLE,SINGLE VEHICLE,STRAIGHT & LEVEL,DARK-HWY LIGHTED/ON,False,2013-02-18 18:45:00-05:00,38.2468848,-85.7666568,True,False,MONDAY,515,2013,2,18,18,45,False
LOUISVILLE METRO POLICE DEPT,,,28TH,ST,,,,MADISON,,,,,2,1,CLEAR,DRY,True,LOCAL STREET,COLLISION WITH BICYCLE,ANGLE,STRAIGHT & LEVEL,DAYLIGHT,False,2013-02-25 12:00:00-05:00,38.201666667,-85.536666667,False,False,MONDAY,516,2013,2,25,12,0,False
LOUISVILLE METRO POLICE DEPT,I 0064,,I64 E,,,17.0,,,,,,,2,1,RAINING,WET,False,INTERSTATE,COLLISION WITH BICYCLIST,SINGLE VEHICLE,STRAIGHT & LEVEL,DAYLIGHT,False,2013-03-05 12:23:00-05:00,38.223806,-85.5423076,True,False,TUESDAY,517,2013,3,5,12,23,False
LOUISVILLE METRO POLICE DEPT,KY1020,,2ND,ST,S,11.711,,,,KENTUCKY,,BRECKINRIDGE,2,1,CLOUDY,DRY,False,STATE,COLLISION WITH BICYCLIST,SINGLE VEHICLE,STRAIGHT & LEVEL,DAYLIGHT,False,2013-03-07 15:55:00-05:00,38.240247,-85.7560177,True,False,THURSDAY,518,2013,3,7,15,55,False
LOUISVILLE METRO POLICE DEPT,US0031E,,BARDSTOWN,RD,,15.06,,LONGEST,,,,,2,1,CLEAR,DRY,False,FEDERAL,COLLISION WITH BICYCLE,SINGLE VEHICLE,STRAIGHT & LEVEL,DARK-HWY LIGHTED/ON,False,2013-03-09 23:15:00-05:00,38.2354077,-85.7155098,True,False,SATURDAY,519,2013,3,9,23,15,True
LOUISVILLE METRO POLICE DEPT,,,NEW CUT,RD,,,,WOODMORE,,,,,2,1,CLEAR,DRY,False,LOCAL STREET,COLLISION WITH BICYCLE,ANGLE,STRAIGHT & LEVEL,DAYLIGHT,False,2013-03-10 17:37:00-04:00,38.15165,-85.776583333,True,False,SUNDAY,520,2013,3,10,17,37,False
LOUISVILLE METRO POLICE DEPT,,,DONERAIL,WAY,,0.406,,,,,,,2,1,CLOUDY,DRY,False,LOCAL STREET,COLLISION WITH BICYCLIST,SINGLE VEHICLE,CURVE & GRADE,DAYLIGHT,False,2013-03-10 18:40:00-04:00,38.1145118,-85.8669637,False,False,SUNDAY,521,2013,3,10,18,40,False
PROSPECT POLICE DEPARTMENT,US0042,,US42,,,9.189,,,,,,,2,1,CLOUDY,DRY,False,FEDERAL,COLLISION WITH BICYCLIST,SINGLE VEHICLE,CURVE & GRADE,DARK-HWY NOT LIGHTED,False,2013-03-12 21:35:00-04:00,38.3264565,-85.6215575,True,False,TUESDAY,522,2013,3,12,21,35,False
UNIV. OF LOUISVILLE POLICE,,,FLOYD,ST,S,2.547,,BRANDEIS,,,,,2,1,CLEAR,DRY,False,LOCAL STREET,COLLISION WITH BICYCLE,SINGLE VEHICLE,CURVE & GRADE,DAYLIGHT,False,2013-03-21 17:09:00-04:00,38.2185896,-85.7542922,True,False,THURSDAY,523,2013,3,21,17,9,False
LOUISVILLE METRO POLICE DEPT,,,HIKES,LN,,2.998,,,KY1932  ,BRECKENRIDGE,,EL CONQUISTADOR,2,1,CLEAR,DRY,False,LOCAL STREET,COLLISION WITH BICYCLIST,SINGLE VEHICLE,STRAIGHT & GRADE,DAYLIGHT,False,2013-03-29 15:28:00-04:00,38.2178995,-85.62906,True,False,FRIDAY,524,2013,3,29,15,28,False
LOUISVILLE METRO POLICE DEPT,US0031,,CLARK MEMORIAL BRIDGE,,,0.431,,,,,,,2,1,CLEAR,DRY,True,FEDERAL,COLLISION WITH BICYCLIST,SINGLE VEHICLE,STRAIGHT & LEVEL,DAYLIGHT,False,2013-03-30 13:02:00-04:00,38.2624192,-85.7519261,True,False,SATURDAY,525,2013,3,30,13,2,False
LOUISVILLE METRO POLICE DEPT,,,5TH,ST,S,3.271,,,,,,,2,1,CLEAR,DRY,False,LOCAL STREET,COLLISION WITH BICYCLIST,SINGLE VEHICLE,STRAIGHT & LEVEL,DAYLIGHT,False,2013-03-30 17:00:00-04:00,38.2529128,-85.7588583,False,False,SATURDAY,526,2013,3,30,17,0,False
LOUISVILLE METRO POLICE DEPT,US0150,,BROADWAY,,E,2.943,,,,FLOYD,KY0061,PRESTON,2,1,CLEAR,DRY,False,FEDERAL,COLLISION WITH BICYCLIST,SINGLE VEHICLE,STRAIGHT & LEVEL,DAYLIGHT,False,2013-04-01 13:45:00-04:00,38.2453441,-85.7479682,True,False,MONDAY,527,2013,4,1,13,45,False
LOUISVILLE METRO POLICE DEPT,KY0864,,POPLAR LEVEL,RD,,8.724,,,,ALETHA,,NAOMI,2,1,CLEAR,DRY,False,STATE,COLLISION WITH BICYCLIST,SINGLE VEHICLE,STRAIGHT & LEVEL,DAYLIGHT,False,2013-04-02 13:09:00-04:00,38.1654309,-85.6803145,True,False,TUESDAY,528,2013,4,2,13,9,False
UNIV. OF LOUISVILLE POLICE,US0060A,2500.0,3RD,ST,S,3.378,,,,,,,2,1,CLEAR,DRY,False,FEDERAL,COLLISION WITH BICYCLIST,SINGLE VEHICLE,STRAIGHT & LEVEL,DAYLIGHT,False,2013-04-02 16:40:00-04:00,38.213295,-85.7623804,True,False,TUESDAY,529,2013,4,2,16,40,False
LOUISVILLE METRO POLICE DEPT,,7806.0,SMYRNA,RD,,0.097,,,,,,,2,1,CLEAR,DRY,True,LOCAL STREET,COLLISION WITH BICYCLIST,SINGLE VEHICLE,STRAIGHT & LEVEL,DARK-HWY LIGHTED/OFF,False,2013-04-06 22:20:00-04:00,38.1393369,-85.6416397,False,False,SATURDAY,530,2013,4,6,22,20,False
LOUISVILLE METRO POLICE DEPT,,4133.0,VIRGINIA,AVE,W,0.0,,,,,,,2,1,CLEAR,DRY,True,LOCAL STREET,COLLISION WITH BICYCLIST,SINGLE VEHICLE,STRAIGHT & LEVEL,DAYLIGHT,False,2013-04-07 14:57:00-04:00,38.2401066,-85.8224208,True,False,SUNDAY,531,2013,4,7,14,57,False
LOUISVILLE METRO POLICE DEPT,,,PLUME,DR,,0.0,,HASSOCK,,,,,2,1,CLEAR,DRY,True,LOCAL STREET,COLLISION WITH BICYCLE,SINGLE VEHICLE,STRAIGHT & LEVEL,DAYLIGHT,False,2013-04-14 14:55:00-04:00,38.1477055,-85.8541524,False,False,SUNDAY,532,2013,4,14,14,55,False
JEFFERSONTOWN POLICE DEPT,KY0913,,BLANKENBAKER,PKWY,,2.19,,RESOURCE,,,,,2,1,CLOUDY,DRY,False,STATE,COLLISION WITH BICYCLE,SINGLE VEHICLE,STRAIGHT & LEVEL,DAYLIGHT,False,2013-04-15 15:41:00-04:00,38.2157221,-85.538916,True,False,MONDAY,533,2013,4,15,15,41,False
LOUISVILLE METRO POLICE DEPT,,,HILL,ST,W,1.861,,DIXIE,,,,,2,1,CLEAR,DRY,True,LOCAL STREET,COLLISION WITH BICYCLE,SINGLE VEHICLE,STRAIGHT & LEVEL,DAYLIGHT,False,2013-04-16 17:05:00-04:00,38.2283527,-85.7908731,True,False,TUESDAY,534,2013,4,16,17,5,False
LOUISVILLE METRO POLICE DEPT,,,32ND,ST,S,1.897,,VERMONT,,,,,2,1,CLEAR,DRY,False,LOCAL STREET,COLLISION WITH BICYCLE,SINGLE VEHICLE,STRAIGHT & LEVEL,DAYLIGHT,False,2013-04-18 10:03:00-04:00,38.2553418,-85.8050871,True,False,THURSDAY,535,2013,4,18,10,3,False
LOUISVILLE METRO POLICE DEPT,KY0061,,PRESTON,HWY,,3.34,,,,TRIO,,SERENITY HOPE,3,2,CLEAR,DRY,False,STATE,COLLISION WITH BICYCLIST,OPPOSING LEFT TURN,STRAIGHT & LEVEL,DAYLIGHT,True,2013-04-18 11:35:00-04:00,38.1301004,-85.68213,True,False,THURSDAY,536,2013,4,18,11,35,False
LOUISVILLE METRO POLICE DEPT,,,BARDSTOWN,RD,,0.0,,,,,,,2,1,CLEAR,DRY,False,COUNTY ROAD,COLLISION WITH BICYCLIST,SINGLE VEHICLE,STRAIGHT & LEVEL,DAYLIGHT,False,2013-04-18 12:28:00-04:00,38.197427,-85.6570115,True,False,THURSDAY,537,2013,4,18,12,28,False
LOUISVILLE METRO POLICE DEPT,US0031W,,MARKET,ST,W,21.048,,,,12TH,,13TH,2,1,CLOUDY,DRY,False,FEDERAL,COLLISION WITH BICYCLIST,SINGLE VEHICLE,STRAIGHT & LEVEL,DAYLIGHT,False,2013-04-19 14:55:00-04:00,38.2567993,-85.7709459,False,False,FRIDAY,538,2013,4,19,14,55,False
LOUISVILLE METRO POLICE DEPT,,,LOWER HUNTERS,TRCE,,1.023,,,,GREENVIEW,,GABRIEL,2,1,CLOUDY,DRY,False,LOCAL STREET,COLLISION WITH BICYCLIST,SINGLE VEHICLE,STRAIGHT & LEVEL,DAYLIGHT,False,2013-04-23 14:34:00-04:00,38.1600472,-85.8523156,True,False,TUESDAY,539,2013,4,23,14,34,False
LOUISVILLE METRO POLICE DEPT,,,SEVILLE,DR,,0.13,,LIBBY,,,,,2,1,CLOUDY,DRY,False,LOCAL STREET,COLLISION WITH BICYCLE,SINGLE VEHICLE,CURVE & LEVEL,DAYLIGHT,False,2013-04-27 14:40:00-04:00,38.1122586,-85.8523529,True,False,SATURDAY,540,2013,4,27,14,40,False
LOUISVILLE METRO POLICE DEPT,KY0061,,PRESTON,HWY,,3.587,,,,,,,2,1,CLOUDY,DRY,False,STATE,COLLISION WITH BICYCLIST,SINGLE VEHICLE,STRAIGHT & LEVEL,DAYLIGHT,False,2013-04-28 16:28:00-04:00,38.1333612,-85.6839638,True,False,SUNDAY,541,2013,4,28,16,28,False
JEFFERSONTOWN POLICE DEPT,KY0155,,TAYLORSVILLE,RD,,11.268,,AXMINSTER,,,,,2,1,CLEAR,DRY,False,STATE,COLLISION WITH BICYCLE,SINGLE VEHICLE,STRAIGHT & LEVEL,DAYLIGHT,False,2013-04-30 10:00:00-04:00,38.2142409,-85.5894478,True,False,TUESDAY,542,2013,4,30,10,0,False
LOUISVILLE METRO POLICE DEPT,,,OXMOOR,LN,,0.081,,,US0060  ,SHELBYVILLE,,BULLITT,2,1,CLEAR,DRY,True,NONE OF THE ABOVE,COLLISION WITH BICYCLIST,SINGLE VEHICLE,STRAIGHT & LEVEL,DAYLIGHT,False,2013-04-30 14:00:00-04:00,38.2482424,-85.6135369,False,False,TUESDAY,543,2013,4,30,14,0,False
SHIVELY POLICE DEPARTMENT,KY1931,,7TH STREET,RD,,9.639,,,,PHYLLIS,,ARCADE,2,1,RAINING,WET,False,STATE,COLLISION WITH BICYCLIST,SINGLE VEHICLE,STRAIGHT & LEVEL,DARK-HWY NOT LIGHTED,False,2013-05-04 20:55:00-04:00,38.2099333,-85.7869192,True,False,SATURDAY,544,2013,5,4,20,55,False
LOUISVILLE METRO POLICE DEPT,US0060,,FRANKFORT,AVE,,2.75,,,KY2048  ,CANNONS,,INGLE,2,1,CLOUDY,DRY,True,FEDERAL,COLLISION WITH BICYCLIST,SINGLE VEHICLE,STRAIGHT & LEVEL,DAYLIGHT,False,2013-05-08 18:27:00-04:00,38.2540429,-85.6701964,False,False,WEDNESDAY,545,2013,5,8,18,27,False
LOUISVILLE METRO POLICE DEPT,US0060A,,EASTERN,PKWY,,6.831,US0031E,BARDSTOWN,,,,,2,1,CLEAR,DRY,False,FEDERAL,COLLISION WITH BICYCLE,SINGLE VEHICLE,STRAIGHT & LEVEL,DUSK,False,2013-05-08 22:36:00-04:00,38.2319923,-85.7093186,True,False,WEDNESDAY,546,2013,5,8,22,36,False
LOUISVILLE METRO POLICE DEPT,,,ARTHUR,ST,,0.001,US0060A,EASTERN,,,,,2,1,CLEAR,DRY,False,LOCAL STREET,COLLISION WITH BICYCLE,SINGLE VEHICLE,CURVE & GRADE,DAYLIGHT,False,2013-05-15 10:40:00-04:00,38.2127739,-85.7535534,True,False,WEDNESDAY,547,2013,5,15,10,40,False
LOUISVILLE METRO POLICE DEPT,US0031W,,MAIN,ST,W,22.021,,,,,,,2,1,CLEAR,DRY,False,FEDERAL,COLLISION WITH BICYCLIST,SINGLE VEHICLE,STRAIGHT & LEVEL,DAYLIGHT,False,2013-05-16 07:00:00-04:00,38.2564489,-85.7548419,False,False,THURSDAY,548,2013,5,16,7,0,False
JEFFERSONTOWN POLICE DEPT,,,RAINTREE,DR,,0.089,,VELDEN,,,,,2,1,CLEAR,DRY,False,LOCAL STREET,COLLISION WITH BICYCLE,SINGLE VEHICLE,CURVE & LEVEL,DAYLIGHT,False,2013-05-19 20:14:00-04:00,38.2037953,-85.5917578,True,False,SUNDAY,549,2013,5,19,20,14,False
LOUISVILLE METRO POLICE DEPT,,,3RD,ST,N,0.031,,,US0031W ,MAIN,,WASHINGTON,2,1,CLEAR,DRY,False,LOCAL STREET,COLLISION WITH BICYCLIST,SINGLE VEHICLE,STRAIGHT & HILLCREST,DAYLIGHT,False,2013-05-20 14:54:00-04:00,38.2568849,-85.7547735,True,False,MONDAY,550,2013,5,20,14,54,False
LOUISVILLE METRO POLICE DEPT,KY1020,,3RD,ST,S,9.379,,CENTRAL STATION,,,,,2,1,CLEAR,DRY,False,STATE,COLLISION WITH BICYCLE,SINGLE VEHICLE,STRAIGHT & LEVEL,DAYLIGHT,False,2013-05-21 20:04:00-04:00,38.2035447,-85.7642095,True,False,TUESDAY,551,2013,5,21,20,4,False
LOUISVILLE METRO POLICE DEPT,,,HI VIEW,LN,,0.377,,LAKEWOOD,,,,,2,1,CLOUDY,DRY,False,COUNTY ROAD,COLLISION WITH BICYCLE,SINGLE VEHICLE,STRAIGHT & GRADE,DAYLIGHT,False,2013-05-22 15:49:00-04:00,38.1214571,-85.8303931,True,False,WEDNESDAY,552,2013,5,22,15,49,False
LOUISVILLE METRO POLICE DEPT,KY0864,,GOSS,AVE,,14.423,KY0864,LOGAN,,,,,2,1,CLEAR,DRY,False,STATE,COLLISION WITH BICYCLE,SINGLE VEHICLE,CURVE & LEVEL,DUSK,False,2013-05-22 22:27:00-04:00,38.2303764,-85.7404244,False,False,WEDNESDAY,553,2013,5,22,22,27,False
LOUISVILLE METRO POLICE DEPT,,,26TH,ST,S,1.389,,,,,,,2,1,CLEAR,DRY,False,LOCAL STREET,COLLISION WITH BICYCLIST,SINGLE VEHICLE,STRAIGHT & LEVEL,DAYLIGHT,False,2013-05-24 20:05:00-04:00,38.2407016,-85.7959295,True,False,FRIDAY,554,2013,5,24,20,5,False
LOUISVILLE METRO POLICE DEPT,KY1447,,WESTPORT,RD,,1.443,,,,FOEBURN,,WESTPORT,2,1,CLEAR,DRY,False,STATE,COLLISION WITH BICYCLIST,SINGLE VEHICLE,STRAIGHT & LEVEL,DAYLIGHT,False,2013-05-27 15:30:00-04:00,38.2643977,-85.6334038,False,False,MONDAY,555,2013,5,27,15,30,False
LOUISVILLE METRO POLICE DEPT,,,EVELYN,AVE,W,0.6,,3RD,,,,,2,1,CLOUDY,DRY,False,LOCAL STREET,COLLISION WITH BICYCLE,SINGLE VEHICLE,STRAIGHT & LEVEL,DAYLIGHT,False,2013-05-28 15:20:00-04:00,38.1967597,-85.7659805,False,False,TUESDAY,556,2013,5,28,15,20,False
LOUISVILLE METRO POLICE DEPT,,,JEFFERSON,ST,E,0.516,,HANCOCK,,,,,2,1,CLEAR,DRY,False,LOCAL STREET,COLLISION WITH BICYCLE,SINGLE VEHICLE,STRAIGHT & LEVEL,DAYLIGHT,False,2013-05-29 09:58:00-04:00,38.2522661,-85.7423182,True,False,WEDNESDAY,557,2013,5,29,9,58,False
LOUISVILLE METRO POLICE DEPT,,,4TH,ST,S,2.315,,LEE,,,,,2,1,CLEAR,DRY,False,LOCAL STREET,COLLISION WITH BICYCLE,SINGLE VEHICLE,STRAIGHT & LEVEL,DAYLIGHT,False,2013-05-29 18:30:00-04:00,38.2233833,-85.7623695,True,False,WEDNESDAY,558,2013,5,29,18,30,True
LOUISVILLE METRO POLICE DEPT,,,2ND,ST,S,1.071,,WELLINGTON,,,,,2,1,CLEAR,DRY,False,NONE OF THE ABOVE,COLLISION WITH BICYCLE,SINGLE VEHICLE,STRAIGHT & LEVEL,DARK-HWY LIGHTED/ON,False,2013-05-31 21:28:00-04:00,38.1838463,-85.7642952,False,False,FRIDAY,559,2013,5,31,21,28,False
LOUISVILLE METRO POLICE DEPT,,,34TH,ST,S,0.47,,VERMONT,,,,,2,1,CLOUDY,DRY,False,LOCAL STREET,COLLISION WITH BICYCLE,SINGLE VEHICLE,STRAIGHT & LEVEL,DAYLIGHT,False,2013-06-01 15:33:00-04:00,38.2554996,-85.8073585,False,False,SATURDAY,560,2013,6,1,15,33,False
LOUISVILLE METRO POLICE DEPT,,,DOVER,RD,,0.004,US0060A,LEXINGTON,,,,,2,1,CLOUDY,DRY,False,LOCAL STREET,COLLISION WITH BICYCLE,SINGLE VEHICLE,STRAIGHT & LEVEL,DAYLIGHT,False,2013-06-02 09:25:00-04:00,38.2485907,-85.6730559,True,False,SUNDAY,561,2013,6,2,9,25,False
LOUISVILLE METRO POLICE DEPT,,,HENRY,AVE,,0.242,,BEECHER,,,,,2,1,CLEAR,DRY,False,LOCAL STREET,COLLISION WITH BICYCLE,SINGLE VEHICLE,STRAIGHT & LEVEL,DAYLIGHT,True,2013-06-02 10:00:00-04:00,38.1917617,-85.7817725,False,False,SUNDAY,562,2013,6,2,10,0,False
LOUISVILLE METRO POLICE DEPT,,,COLONIAL OAKS,CT,,0.237,,,,1ST,,1ST,2,1,CLEAR,DRY,False,LOCAL STREET,COLLISION WITH BICYCLIST,SINGLE VEHICLE,STRAIGHT & LEVEL,DAYLIGHT,False,2013-06-02 19:33:00-04:00,38.1745803,-85.7607184,True,False,SUNDAY,563,2013,6,2,19,33,False
LOUISVILLE METRO POLICE DEPT,,,CLIFF,AVE,,0.518,,FLORENCE,,,,,2,1,CLEAR,DRY,True,LOCAL STREET,COLLISION WITH BICYCLE,SINGLE VEHICLE,STRAIGHT & LEVEL,DAYLIGHT,True,2013-06-02 20:15:00-04:00,38.1911119,-85.7748446,True,False,SUNDAY,564,2013,6,2,20,15,False
LOUISVILLE METRO POLICE DEPT,,,PRESTWOOD,DR,,0.002,KY0061,PRESTON,,,,,2,1,CLEAR,DRY,False,LOCAL STREET,COLLISION WITH BICYCLE,SINGLE VEHICLE,STRAIGHT & GRADE,DAYLIGHT,False,2013-06-05 16:45:00-04:00,38.1626571,-85.7003337,False,False,WEDNESDAY,565,2013,6,5,16,45,False
LOUISVILLE METRO POLICE DEPT,US0031E,,BARDSTOWN,RD,,14.123,,SPEED,,,,,2,1,CLEAR,DRY,False,FEDERAL,COLLISION WITH BICYCLE,SINGLE VEHICLE,STRAIGHT & LEVEL,DARK-HWY LIGHTED/ON,False,2013-06-05 22:39:00-04:00,38.2284675,-85.7010214,True,False,WEDNESDAY,566,2013,6,5,22,39,True
LOUISVILLE METRO POLICE DEPT,,,6TH,ST,S,0.401,,,,MUHAMMAD ALI,,CHESTNUT,2,1,CLEAR,DRY,False,LOCAL STREET,COLLISION WITH BICYCLIST,SINGLE VEHICLE,STRAIGHT & LEVEL,DAYLIGHT,False,2013-06-07 15:31:00-04:00,38.2512162,-85.7607716,True,False,FRIDAY,567,2013,6,7,15,31,False
LOUISVILLE METRO POLICE DEPT,,,GELLHAUS,LN,,0.041,,,KY1819  ,BILLTOWN,,LONGVIEW FARM,2,1,CLOUDY,DRY,False,COUNTY ROAD,COLLISION WITH BICYCLIST,SINGLE VEHICLE,STRAIGHT & LEVEL,DAYLIGHT,False,2013-06-10 16:59:00-04:00,38.1508855,-85.5488577,True,False,MONDAY,568,2013,6,10,16,59,False
LOUISVILLE METRO POLICE DEPT,KY0864,,POPLAR LEVEL,RD,,12.719,,HESS,,,,,2,1,CLEAR,DRY,False,STATE,COLLISION WITH BICYCLE,SINGLE VEHICLE,STRAIGHT & LEVEL,DAYLIGHT,False,2013-06-11 12:14:00-04:00,38.2120131,-85.7208756,True,False,TUESDAY,569,2013,6,11,12,14,False
LOUISVILLE METRO POLICE DEPT,,,32ND,ST,S,2.357,,,,,,,2,1,CLEAR,DRY,False,LOCAL STREET,COLLISION WITH BICYCLIST,SINGLE VEHICLE,STRAIGHT & LEVEL,DAYLIGHT,False,2013-06-12 17:30:00-04:00,38.2619499,-85.8043925,True,False,WEDNESDAY,570,2013,6,12,17,30,False
LOUISVILLE METRO POLICE DEPT,,,28TH,ST,S,1.249,,,,KENTUCKY,,DIVINITY,2,1,CLOUDY,DRY,False,LOCAL STREET,COLLISION WITH BICYCLIST,SINGLE VEHICLE,STRAIGHT & LEVEL,DARK-HWY LIGHTED/ON,False,2013-06-13 20:03:00-04:00,38.2430945,-85.7994373,True,False,THURSDAY,571,2013,6,13,20,3,False
LOUISVILLE METRO POLICE DEPT,,,SIX MILE,LN,,,,,,HURSTBOURNE RIDGE,,BROOK HOLLOW,2,1,CLEAR,DRY,False,LOCAL STREET,COLLISION WITH BICYCLIST,SIDESWIPE-SAME DIRECTION,CURVE & LEVEL,DARK-HWY NOT LIGHTED,False,2013-06-15 21:48:00-04:00,38.1992,-85.609716667,True,False,SATURDAY,572,2013,6,15,21,48,False
LOUISVILLE METRO POLICE DEPT,,,BOLLING,AVE,,0.613,,,,23RD,,25TH,2,1,CLEAR,DRY,False,LOCAL STREET,COLLISION WITH BICYCLIST,SINGLE VEHICLE,STRAIGHT & LEVEL,DAYLIGHT,False,2013-06-19 17:30:00-04:00,38.230559,-85.7956357,True,False,WEDNESDAY,573,2013,6,19,17,30,False
LOUISVILLE METRO POLICE DEPT,KY1020,,SOUTHERN,PKWY,,8.862,,EVELYN,,,,,2,1,CLEAR,DRY,False,STATE,COLLISION WITH BICYCLE,SINGLE VEHICLE,STRAIGHT & LEVEL,DAYLIGHT,False,2013-06-22 00:00:00-04:00,38.1967716,-85.7668623,True,False,SATURDAY,574,2013,6,22,0,0,False
LOUISVILLE METRO POLICE DEPT,,,SOUTHWESTERN,PKWY,,1.67,,GREENWOOD,,,,,2,1,CLEAR,DRY,False,LOCAL STREET,COLLISION WITH BICYCLE,SINGLE VEHICLE,STRAIGHT & LEVEL,DAYLIGHT,False,2013-06-22 14:00:00-04:00,38.2450027,-85.8299585,False,False,SATURDAY,575,2013,6,22,14,0,False
LOUISVILLE METRO POLICE DEPT,US0031W,,DR W J HODGE,ST,,19.963,,MADISON,,,,,2,1,CLEAR,DRY,False,FEDERAL,COLLISION WITH BICYCLE,SINGLE VEHICLE,STRAIGHT & LEVEL,DUSK,False,2013-06-23 21:03:00-04:00,38.2532971,-85.7858492,True,False,SUNDAY,576,2013,6,23,21,3,False
LOUISVILLE METRO POLICE DEPT,KY2845,,MANSLICK,RD,E,0.968,,,,,,,2,1,CLEAR,DRY,False,STATE,COLLISION WITH BICYCLIST,SINGLE VEHICLE,STRAIGHT & LEVEL,DAYLIGHT,False,2013-06-27 20:13:00-04:00,38.1179972,-85.6629276,True,False,THURSDAY,577,2013,6,27,20,13,False
LOUISVILLE METRO POLICE DEPT,US0031W,,DIXIE,HWY,,8.765,,ALANADALE,,,,,2,1,CLEAR,DRY,True,FEDERAL,COLLISION WITH BICYCLE,SINGLE VEHICLE,STRAIGHT & LEVEL,DAYLIGHT,False,2013-06-28 00:00:00-04:00,38.1092777,-85.8654914,True,False,FRIDAY,578,2013,6,28,0,0,False
INDIAN HILLS POLICE DEPARTMENT,,,COUNTRY,LN,,0.287,,PENNINGTON,,,,,2,1,CLEAR,DRY,False,LOCAL STREET,COLLISION WITH BICYCLE,SINGLE VEHICLE,STRAIGHT & LEVEL,DAYLIGHT,False,2013-06-28 19:15:00-04:00,38.2686034,-85.6719533,True,False,FRIDAY,579,2013,6,28,19,15,False
SHIVELY POLICE DEPARTMENT,US0031W,,DIXIE,HWY,,16.319,,CLINTON,,,,,2,1,CLEAR,DRY,False,FEDERAL,COLLISION WITH BICYCLE,SINGLE VEHICLE,STRAIGHT & LEVEL,DARK-HWY LIGHTED/ON,False,2013-06-28 22:00:00-04:00,38.2048585,-85.8000232,True,False,FRIDAY,580,2013,6,28,22,0,False
LOUISVILLE METRO POLICE DEPT,,,ARCADE,AVE,,0.0,US0060A,TAYLOR,,,,,2,1,CLEAR,DRY,False,LOCAL STREET,COLLISION WITH BICYCLE,SINGLE VEHICLE,STRAIGHT & LEVEL,DAYLIGHT,False,2013-07-02 18:38:00-04:00,38.2021221,-85.7814939,True,False,TUESDAY,581,2013,7,2,18,38,True