investigating_agency,roadway_number,building_number,roadway_name,roadway_suffix,roadway_direction,milepoint,intersection_roadway_number,intersection_roadway_name,between_street_number_1,between_street_name_1,between_street_number_2,between_street_name_2,units_involved,motor_vehicles_involved,weather,roadway_condition,hit_and_run_indicator,roadway_type,directional_analysis,manner_of_collision,roadway_character,light_condition,secondary_collision_indicator,date,latitude,longitude,injury_indicator,fatality_indicator,day_of_week,accident_id,year,month,day,hour,minute,lighted_signal_indicator
JEFFERSONTOWN POLICE DEPT,KY0155,,TAYLORSVILLE,RD,,10.547,,,,PATTI,,TUCKER,2,1,RAINING,WET,False,STATE,COLLISION WITH BICYCLIST,SINGLE VEHICLE,STRAIGHT & LEVEL,DAYLIGHT,False,2013-07-04 19:15:00-04:00,38.2061587,-85.5811314,True,False,THURSDAY,582,2013,7,4,19,15,False
LOUISVILLE METRO POLICE DEPT,,,BRIARBRIDGE,LN,,0.0,,HIKES,,,,,2,1,CLEAR,DRY,False,LOCAL STREET,COLLISION WITH BICYCLE,SINGLE VEHICLE,STRAIGHT & LEVEL,DARK-HWY LIGHTED/ON,False,2013-07-06 22:13:00-04:00,38.2102176,-85.642216,True,False,SATURDAY,583,2013,7,6,22,13,False
LOUISVILLE METRO POLICE DEPT,,,SHERWOOD,AVE,,0.448,,,,CHEROKEE,US0031E,BARDSTOWN,2,2,CLEAR,DRY,True,LOCAL STREET,COLLISION WITH BICYCLIST,SIDESWIPE-SAME DIRECTION,STRAIGHT & LEVEL,DAYLIGHT,False,2013-07-08 14:27:00-04:00,38.2341018,-85.7040789,False,False,MONDAY,584,2013,7,8,14,27,False
LOUISVILLE METRO POLICE DEPT,I 0065,,,,,0.076,,BROOK,,,,,2,1,CLEAR,DRY,False,INTERSTATE,COLLISION WITH BICYCLE,SINGLE VEHICLE,STRAIGHT & LEVEL,DAYLIGHT,False,2013-07-08 18:37:00-04:00,38.2531097,-85.7503991,True,False,MONDAY,585,2013,7,8,18,37,False
LOUISVILLE METRO POLICE DEPT,US0031E,,MAIN,ST,E,17.456,KY0061,PRESTON,,,,,2,1,RAINING,WET,False,FEDERAL,COLLISION WITH BICYCLE,SINGLE VEHICLE,STRAIGHT & LEVEL,DAYLIGHT,False,2013-07-10 15:06:00-04:00,38.2554468,-85.7458549,True,False,WEDNESDAY,586,2013,7,10,15,6,True
LOUISVILLE METRO POLICE DEPT,,,ALTA VISTA,RD,,0.0,US0060A,LEXINGTON,,,,,2,1,CLEAR,DRY,False,LOCAL STREET,COLLISION WITH BICYCLE,SINGLE VEHICLE,STRAIGHT & LEVEL,DAYLIGHT,False,2013-07-11 10:00:00-04:00,38.2453683,-85.6878968,False,False,THURSDAY,587,2013,7,11,10,0,True
LOUISVILLE METRO POLICE DEPT,US0150,,W BORADWAY,,,,,26TH,,,,,2,1,CLEAR,DRY,False,FEDERAL,COLLISION WITH BICYCLE,SIDESWIPE-SAME DIRECTION,STRAIGHT & LEVEL,DAYLIGHT,False,2013-07-11 16:43:00-04:00,38.242983333,-85.790283333,False,False,THURSDAY,588,2013,7,11,16,43,False
LOUISVILLE METRO POLICE DEPT,US0031E,,MAIN,ST,E,17.738,,,,1ST,,BROOK,2,1,CLEAR,DRY,False,FEDERAL,COLLISION WITH BICYCLIST,SINGLE VEHICLE,STRAIGHT & LEVEL,DAYLIGHT,False,2013-07-12 16:04:00-04:00,38.2560773,-85.7505867,False,False,FRIDAY,589,2013,7,12,16,4,False
LOUISVILLE METRO POLICE DEPT,,,CENTRAL,AVE,,1.028,,,,MONTANA,US0060A,TAYLOR,3,2,CLEAR,DRY,False,NONE OF THE ABOVE,COLLISION WITH BICYCLIST,ANGLE,STRAIGHT & LEVEL,DAYLIGHT,False,2013-07-13 11:47:00-04:00,38.2063432,-85.7762101,True,False,SATURDAY,590,2013,7,13,11,47,False
LOUISVILLE METRO POLICE DEPT,,,HILL,ST,W,1.192,,,,,,,3,2,CLEAR,DRY,False,LOCAL STREET,COLLISION WITH BICYCLIST,HEAD ON,STRAIGHT & HILLCREST,DARK-HWY LIGHTED/OFF,False,2013-07-13 21:48:00-04:00,38.2278058,-85.7786562,True,False,SATURDAY,591,2013,7,13,21,48,False
LOUISVILLE METRO POLICE DEPT,US0031E,,BARDSTOWN,RD,,14.626,US0060A,EASTERN,,,,,2,1,CLEAR,DRY,False,FEDERAL,COLLISION WITH BICYCLE,SINGLE VEHICLE,CURVE & LEVEL,DARK-HWY LIGHTED/ON,False,2013-07-13 23:56:00-04:00,38.231997,-85.7093199,False,False,SATURDAY,592,2013,7,13,23,56,True
LOUISVILLE METRO POLICE DEPT,KY1931,,ST ANDREWS CHURCH,RD,,3.346,,,,WOODY,,WOODY,2,1,CLEAR,DRY,False,STATE,COLLISION WITH BICYCLIST,SINGLE VEHICLE,STRAIGHT & LEVEL,DAYLIGHT,False,2013-07-16 08:30:00-04:00,38.1436775,-85.8360029,True,False,TUESDAY,593,2013,7,16,8,30,False
LOUISVILLE METRO POLICE DEPT,,6101.0,MARAVIAN,DR,,0.005,,,,,,,2,1,CLEAR,DRY,False,LOCAL STREET,COLLISION WITH BICYCLIST,SINGLE VEHICLE,STRAIGHT & LEVEL,DAYLIGHT,False,2013-07-16 15:45:00-04:00,38.1669956,-85.8703859,True,False,TUESDAY,594,2013,7,16,15,45,False
LOUISVILLE METRO POLICE DEPT,,,W BROADWAY,,,,,ROY WILKINS,,,,,2,1,CLEAR,DRY,False,LOCAL STREET,COLLISION WITH BICYCLE,ANGLE,STRAIGHT & LEVEL,DAYLIGHT,False,2013-07-16 17:42:00-04:00,38.2468,-85.76675,True,False,TUESDAY,595,2013,7,16,17,42,False
LOUISVILLE METRO POLICE DEPT,US0150,,BROADWAY,,W,1.937,,ROY WILKINS,,,,,2,1,CLEAR,DRY,False,FEDERAL,COLLISION WITH BICYCLE,SINGLE VEHICLE,STRAIGHT & LEVEL,DAYLIGHT,False,2013-07-16 17:42:00-04:00,38.2469465,-85.7668132,True,False,TUESDAY,596,2013,7,16,17,42,False
LOUISVILLE METRO POLICE DEPT,,,LIME KILN,LN,,2.44,,,,RIVER KNOLLS,,RIVER,2,1,CLEAR,DRY,False,LOCAL STREET,COLLISION WITH BICYCLIST,SINGLE VEHICLE,STRAIGHT & GRADE,DAYLIGHT,False,2013-07-16 20:40:00-04:00,38.3137568,-85.6459097,True,False,TUESDAY,597,2013,7,16,20,40,False
LOUISVILLE METRO POLICE DEPT,,,31ST,ST,S,0.521,,,,,,,2,1,CLEAR,DRY,False,LOCAL STREET,COLLISION WITH BICYCLIST,SINGLE VEHICLE,STRAIGHT & LEVEL,DARK-HWY LIGHTED/ON,False,2013-07-16 22:18:00-04:00,38.2481644,-85.8037525,True,False,TUESDAY,598,2013,7,16,22,18,False
LOUISVILLE METRO POLICE DEPT,,,ORMSBY,AVE,W,1.698,,DIXIE,,,,,2,1,CLEAR,DRY,False,LOCAL STREET,COLLISION WITH BICYCLE,SINGLE VEHICLE,STRAIGHT & LEVEL,DAYLIGHT,False,2013-07-17 13:48:00-04:00,38.2354416,-85.7875784,True,False,WEDNESDAY,599,2013,7,17,13,48,False
LOUISVILLE METRO POLICE DEPT,US0031W,,DIXIE,HWY,,2.002,,BERNHEIM,,,,,2,1,CLEAR,DRY,False,FEDERAL,COLLISION WITH BICYCLE,SINGLE VEHICLE,STRAIGHT & LEVEL,DAYLIGHT,False,2013-07-19 00:00:00-04:00,38.221301,-85.7931997,True,False,FRIDAY,600,2013,7,19,0,0,False
LOUISVILLE METRO POLICE DEPT,,,PLYMOUTH,CT,,0.182,,16TH,,,,,2,1,CLEAR,DRY,False,LOCAL STREET,COLLISION WITH BICYCLE,SINGLE VEHICLE,STRAIGHT & LEVEL,DAYLIGHT,False,2013-07-19 07:50:00-04:00,38.2505308,-85.7780017,True,False,FRIDAY,601,2013,7,19,7,50,False
LOUISVILLE METRO POLICE DEPT,,,WINTER LAKE,DR,,0.004,,AUTUMN LAKE,,,,,2,1,CLEAR,DRY,False,LOCAL STREET,COLLISION WITH BICYCLE,SINGLE VEHICLE,STRAIGHT & LEVEL,DAYLIGHT,False,2013-07-20 00:00:00-04:00,38.0738117,-85.8770715,False,False,SATURDAY,602,2013,7,20,0,0,False
LOUISVILLE METRO POLICE DEPT,KY1931,,MANSLICK,RD,,8.106,,MARCH,,,,,2,1,CLOUDY,WET,False,STATE,COLLISION WITH BICYCLE,SINGLE VEHICLE,STRAIGHT & LEVEL,DAYLIGHT,False,2013-07-22 11:26:00-04:00,38.1916727,-85.8008524,True,False,MONDAY,603,2013,7,22,11,26,False
LOUISVILLE METRO POLICE DEPT,KY2050,,HERR,LN,,2.182,,BROWNSBORO,,,,,2,1,RAINING,WET,True,STATE,COLLISION WITH BICYCLE,SINGLE VEHICLE,STRAIGHT & LEVEL,DAYLIGHT,False,2013-07-22 15:00:00-04:00,38.2839071,-85.6279589,True,False,MONDAY,604,2013,7,22,15,0,False
LOUISVILLE METRO POLICE DEPT,,,6TH,ST,S,0.086,US0031W,MARKET,,,,,2,1,CLEAR,DRY,True,LOCAL STREET,COLLISION WITH BICYCLE,SINGLE VEHICLE,STRAIGHT & LEVEL,DAYLIGHT,False,2013-07-22 17:52:00-04:00,38.2557443,-85.7600531,False,False,MONDAY,605,2013,7,22,17,52,False
SHIVELY POLICE DEPARTMENT,KY2049,,CRUMS,LN,,0.656,,,,BURRELL,,CHEVIOT,2,1,CLEAR,DRY,False,STATE,COLLISION WITH BICYCLIST,SINGLE VEHICLE,STRAIGHT & LEVEL,DAYLIGHT,False,2013-07-22 18:53:00-04:00,38.1950944,-85.8263605,True,False,MONDAY,606,2013,7,22,18,53,False
GRAYMOOR-DEVONDALE POLICE DEPT,,,WHIPPS MILL,RD,,1.918,KY0146,NEW LA GRANGE,,,,,2,1,CLEAR,DRY,False,LOCAL STREET,COLLISION WITH BICYCLE,SINGLE VEHICLE,STRAIGHT & LEVEL,DAYLIGHT,False,2013-07-23 14:18:00-04:00,38.2676376,-85.5788703,True,False,TUESDAY,607,2013,7,23,14,18,False
ST. MATTHEWS POLICE DEPARTMENT,KY1932,,CHENOWETH,LN,,5.808,,MASSIE,,,,,2,1,CLEAR,DRY,False,STATE,COLLISION WITH BICYCLE,SINGLE VEHICLE,STRAIGHT & LEVEL,DAYLIGHT,False,2013-07-26 10:18:00-04:00,38.256279,-85.6581435,False,False,FRIDAY,608,2013,7,26,10,18,False
LOUISVILLE METRO POLICE DEPT,,2216.0,OAK,ST,W,1.965,,,,,,,2,1,CLEAR,DRY,False,LOCAL STREET,COLLISION WITH BICYCLIST,SINGLE VEHICLE,STRAIGHT & LEVEL,DAYLIGHT,False,2013-07-26 14:35:00-04:00,38.2375173,-85.7911656,True,False,FRIDAY,609,2013,7,26,14,35,False
LOUISVILLE METRO POLICE DEPT,KY0864,,POPLAR LEVEL,RD,,8.881,,RANGELAND,,,,,2,1,CLEAR,ICE,False,STATE,COLLISION WITH BICYCLE,SINGLE VEHICLE,STRAIGHT & LEVEL,DAYLIGHT,False,2013-07-29 09:10:00-04:00,38.1672632,-85.6817528,True,False,MONDAY,610,2013,7,29,9,10,True
LOUISVILLE METRO POLICE DEPT,,,CHESTNUT,ST,W,1.368,,15TH,,,,,2,1,CLEAR,DRY,True,LOCAL STREET,COLLISION WITH BICYCLE,SINGLE VEHICLE,STRAIGHT & LEVEL,DARK-HWY LIGHTED/ON,False,2013-07-29 21:00:00-04:00,38.2510025,-85.7760053,True,False,MONDAY,611,2013,7,29,21,0,True
LOUISVILLE METRO POLICE DEPT,,,LIBERTY,ST,W,0.251,,8TH,,,,,2,1,CLEAR,DRY,False,LOCAL STREET,COLLISION WITH BICYCLE,SINGLE VEHICLE,STRAIGHT & LEVEL,DAYLIGHT,False,2013-08-01 19:04:00-04:00,38.2534142,-85.7636332,False,False,THURSDAY,612,2013,8,1,19,4,False
LOUISVILLE METRO POLICE DEPT,US0031E,,MARKET,ST,W,17.787,US0031W,2ND,,,,,2,1,CLEAR,DRY,False,FEDERAL,COLLISION WITH BICYCLE,SINGLE VEHICLE,STRAIGHT & LEVEL,DARK-HWY LIGHTED/ON,False,2013-08-01 23:30:00-04:00,38.254962,-85.7534921,False,False,THURSDAY,613,2013,8,1,23,30,False
LOUISVILLE METRO POLICE DEPT,,,CROSS CREEK,BLVD,,0.144,,DOWNS BRANCH,,,,,2,1,CLOUDY,DRY,False,LOCAL STREET,COLLISION WITH BICYCLE,SINGLE VEHICLE,CURVE & GRADE,DAYLIGHT,False,2013-08-04 16:43:00-04:00,38.1527622,-85.6263709,True,False,SUNDAY,614,2013,8,4,16,43,False
LOUISVILLE METRO POLICE DEPT,,,11TH,ST,S,0.332,,FISK,,,,,2,1,CLEAR,DRY,True,LOCAL STREET,COLLISION WITH BICYCLE,SINGLE VEHICLE,STRAIGHT & LEVEL,DAYLIGHT,False,2013-08-05 00:00:00-04:00,38.253134,-85.7689598,True,False,MONDAY,615,2013,8,5,0,0,False
JEFFERSONTOWN POLICE DEPT,KY0155,9120.0,TAYLORSVILLE,RD,,11.266,,,,,,,2,1,CLEAR,DRY,False,STATE,COLLISION WITH BICYCLIST,SINGLE VEHICLE,STRAIGHT & LEVEL,DAYLIGHT,False,2013-08-05 17:45:00-04:00,38.2142151,-85.5894205,True,False,MONDAY,616,2013,8,5,17,45,False
LOUISVILLE METRO POLICE DEPT,,,RIVER,RD,,4.202,,,,HARBORTOWN,,AVISH,2,1,CLEAR,DRY,False,COUNTY ROAD,COLLISION WITH BICYCLIST,SINGLE VEHICLE,STRAIGHT & LEVEL,DAYLIGHT,False,2013-08-06 08:38:00-04:00,38.3221946,-85.6439688,True,False,TUESDAY,617,2013,8,6,8,38,False
LOUISVILLE METRO POLICE DEPT,,8020.0,CANDLEGLOW,LN,,0.276,,,,,,,2,1,CLOUDY,DRY,False,COUNTY ROAD,COLLISION WITH BICYCLIST,SINGLE VEHICLE,STRAIGHT & LEVEL,DAYLIGHT,False,2013-08-06 13:39:00-04:00,38.1349349,-85.7837331,True,False,TUESDAY,618,2013,8,6,13,39,False
LOUISVILLE METRO POLICE DEPT,US0060,,FRANKFORT,AVE,,1.778,,,,CRESCENT,,KENNEDY,2,1,CLEAR,DRY,False,FEDERAL,COLLISION WITH BICYCLIST,SINGLE VEHICLE,STRAIGHT & LEVEL,DAYLIGHT,False,2013-08-08 08:55:00-04:00,38.2546636,-85.6876746,True,False,THURSDAY,619,2013,8,8,8,55,False
LOUISVILLE METRO POLICE DEPT,,1500.0,ANDERSON,ST,,0.486,,,,,,,2,1,CLEAR,DRY,False,LOCAL STREET,COLLISION WITH BICYCLIST,SINGLE VEHICLE,STRAIGHT & LEVEL,DUSK,False,2013-08-10 21:00:00-04:00,38.2473224,-85.7788944,True,False,SATURDAY,620,2013,8,10,21,0,False
LOUISVILLE METRO POLICE DEPT,,,HILL,ST,W,2.208,,25TH,,,,,2,1,CLEAR,DRY,False,LOCAL STREET,COLLISION WITH BICYCLE,SINGLE VEHICLE,STRAIGHT & LEVEL,DUSK,False,2013-08-14 20:43:00-04:00,38.2299466,-85.796902,True,False,WEDNESDAY,621,2013,8,14,20,43,False
LOUISVILLE METRO POLICE DEPT,,,CHESTNUT,ST,W,2.546,KY1020,2ND,,,,,2,1,CLEAR,DRY,False,LOCAL STREET,COLLISION WITH BICYCLE,SINGLE VEHICLE,STRAIGHT & LEVEL,DAYLIGHT,False,2013-08-15 14:10:00-04:00,38.2485814,-85.7545663,True,False,THURSDAY,622,2013,8,15,14,10,True
LOUISVILLE METRO POLICE DEPT,,,WIZARD,AVE,,0.192,,LONGFIELD,,,,,2,1,CLEAR,DRY,False,LOCAL STREET,COLLISION WITH BICYCLE,SINGLE VEHICLE,STRAIGHT & LEVEL,DAYLIGHT,True,2013-08-18 16:50:00-04:00,38.1990788,-85.7773646,False,False,SUNDAY,623,2013,8,18,16,50,False
LOUISVILLE METRO POLICE DEPT,,,32ND,ST,,,,KENTUCKY,,,,,2,1,CLEAR,DRY,False,LOCAL STREET,COLLISION WITH BICYCLE,ANGLE,STRAIGHT & LEVEL,DAYLIGHT,False,2013-08-20 11:30:00-04:00,38.239833333,-85.720233333,True,False,TUESDAY,624,2013,8,20,11,30,False
LOUISVILLE METRO POLICE DEPT,US0060,,FRANKFORT,AVE,,3.475,,,US0060A ,LEXINGTON,,WILMINGTON,2,1,CLEAR,DRY,False,FEDERAL,COLLISION WITH BICYCLIST,SINGLE VEHICLE,STRAIGHT & LEVEL,DAYLIGHT,False,2013-08-20 15:17:00-04:00,38.2529558,-85.6567969,True,False,TUESDAY,625,2013,8,20,15,17,False
LOUISVILLE METRO POLICE DEPT,,,24TH,ST,N,0.678,KY3064,PORTLAND,,,,,2,1,CLEAR,DRY,False,LOCAL STREET,COLLISION WITH BICYCLE,SINGLE VEHICLE,STRAIGHT & HILLCREST,DAYLIGHT,False,2013-08-22 10:03:00-04:00,38.2700799,-85.7872057,False,False,THURSDAY,626,2013,8,22,10,3,False
LOUISVILLE METRO POLICE DEPT,,,HIKES,LN,,0.949,,,,GREEN MEADOWS,KY2251,BARDSTOWN,2,1,CLEAR,DRY,False,LOCAL STREET,COLLISION WITH BICYCLIST,SINGLE VEHICLE,STRAIGHT & GRADE,DAYLIGHT,False,2013-08-23 12:10:00-04:00,38.1998218,-85.6587991,False,False,FRIDAY,627,2013,8,23,12,10,False
ST. MATTHEWS POLICE DEPARTMENT,,1000.0,SIR LANCELOT,LN,,0.004,,,,,,,2,1,CLEAR,DRY,False,LOCAL STREET,COLLISION WITH BICYCLIST,SINGLE VEHICLE,STRAIGHT & LEVEL,DAYLIGHT,False,2013-08-24 09:10:00-04:00,38.2660393,-85.6119352,False,False,SATURDAY,628,2013,8,24,9,10,False
LOUISVILLE METRO POLICE DEPT,,700.0,DOUGLAS,PARK,,0.194,,,,,,,2,1,CLEAR,DRY,False,LOCAL STREET,COLLISION WITH BICYCLIST,SINGLE VEHICLE,CURVE & LEVEL,DAYLIGHT,False,2013-08-26 17:02:00-04:00,38.1774677,-85.7601291,True,False,MONDAY,629,2013,8,26,17,2,False
JEFFERSONTOWN POLICE DEPT,,,LINN STATION,RD,,1.805,,,,LAKE SHORE,,CLEAR SPRINGS,2,1,CLEAR,DRY,False,LOCAL STREET,COLLISION WITH BICYCLIST,SINGLE VEHICLE,CURVE & LEVEL,DAYLIGHT,False,2013-08-26 19:04:00-04:00,38.2243561,-85.5674172,True,False,MONDAY,630,2013,8,26,19,4,False
LOUISVILLE METRO POLICE DEPT,,,BRADLEY,AVE,,0.0,KY0061,BRANDEIS,,,,,2,1,CLEAR,DRY,False,LOCAL STREET,COLLISION WITH BICYCLE,SINGLE VEHICLE,STRAIGHT & GRADE,DAYLIGHT,False,2013-08-27 07:50:00-04:00,38.2182154,-85.7515618,False,False,TUESDAY,631,2013,8,27,7,50,False
LOUISVILLE METRO POLICE DEPT,I 0065,,,,,0.504,KY0061,PRESTON,,,,,2,1,CLEAR,DRY,False,INTERSTATE,COLLISION WITH BICYCLE,SINGLE VEHICLE,CURVE & LEVEL,DAYLIGHT,False,2013-08-28 09:04:00-04:00,38.1917752,-85.7276918,True,False,WEDNESDAY,632,2013,8,28,9,4,False
LOUISVILLE METRO POLICE DEPT,,,JEFFERSON,ST,W,0.73,,,,ROY WILKINS,,10TH,2,1,CLEAR,DRY,False,LOCAL STREET,COLLISION WITH BICYCLIST,SINGLE VEHICLE,STRAIGHT & LEVEL,DAYLIGHT,False,2013-08-28 15:32:00-04:00,38.254748,-85.7653324,True,False,WEDNESDAY,633,2013,8,28,15,32,False
LOUISVILLE METRO POLICE DEPT,,,22ND,ST,,,,,,DUNCAN,,COLUMBIA,2,1,CLEAR,DRY,False,LOCAL STREET,COLLISION WITH BICYCLIST,ANGLE,STRAIGHT & LEVEL,DAYLIGHT,False,2013-08-28 15:41:00-04:00,38.201666667,-85.536666667,True,False,WEDNESDAY,634,2013,8,28,15,41,False
LOUISVILLE METRO POLICE DEPT,,,3RD,ST,N,0.021,,,,,,,2,1,CLEAR,DRY,True,LOCAL STREET,COLLISION WITH BICYCLIST,SINGLE VEHICLE,STRAIGHT & GRADE,DAYLIGHT,False,2013-08-28 16:48:00-04:00,38.2567357,-85.7548179,True,False,WEDNESDAY,635,2013,8,28,16,48,False
LOUISVILLE METRO POLICE DEPT,,,6TH,ST,,,,BROADWAY,,,,,2,1,CLEAR,DRY,False,LOCAL STREET,COLLISION WITH BICYCLE,ANGLE,STRAIGHT & LEVEL,DAYLIGHT,False,2013-08-29 17:53:00-04:00,38.2462,-85.761733333,True,False,THURSDAY,636,2013,8,29,17,53,False
SHIVELY POLICE DEPARTMENT,,,LOMOND,DR,,0.051,,,KY2049  ,CRUMS,,BUTLER,2,1,CLEAR,DRY,True,LOCAL STREET,COLLISION WITH BICYCLIST,SINGLE VEHICLE,CURVE & LEVEL,DARK (UNKNOWN ROADWAY LIGHTING),False,2013-08-30 00:05:00-04:00,38.1941226,-85.8212822,True,False,FRIDAY,637,2013,8,30,0,5,False
LOUISVILLE METRO POLICE DEPT,,,CHATEAU,LN,,0.074,,,,CULVER,KY0061,PRESTON,2,1,CLEAR,DRY,False,LOCAL STREET,COLLISION WITH BICYCLIST,SINGLE VEHICLE,STRAIGHT & LEVEL,DAWN,False,2013-08-30 06:50:00-04:00,38.1475521,-85.6932448,True,False,FRIDAY,638,2013,8,30,6,50,False
SHIVELY POLICE DEPARTMENT,US0031W,,DIXIE,HWY,,15.953,,,,MARY CATHERINE,,THERESA,2,1,CLEAR,DRY,False,FEDERAL,COLLISION WITH BICYCLIST,SINGLE VEHICLE,STRAIGHT & LEVEL,DAYLIGHT,False,2013-08-30 17:54:00-04:00,38.1998798,-85.8028486,True,False,FRIDAY,639,2013,8,30,17,54,False
LOUISVILLE METRO POLICE DEPT,US0150,,DR W J HODGE,ST,,0.845,US0150T,MARKET,,,,,2,1,CLEAR,DRY,True,FEDERAL,COLLISION WITH BICYCLE,SINGLE VEHICLE,STRAIGHT & LEVEL,DAYLIGHT,False,2013-08-31 17:30:00-04:00,38.2582933,-85.7850379,True,False,SATURDAY,640,2013,8,31,17,30,False
PROSPECT POLICE DEPARTMENT,,,WINDHAM,PKWY,,0.544,,EDMONSON,,,,,2,1,CLEAR,DRY,False,LOCAL STREET,COLLISION WITH BICYCLE,SINGLE VEHICLE,CURVE & GRADE,DAYLIGHT,False,2013-09-02 11:34:00-04:00,38.3557108,-85.6206391,True,False,MONDAY,641,2013,9,2,11,34,False
LOUISVILLE METRO POLICE DEPT,US0150,,BROADWAY,,W,1.936,,,,,,,2,1,CLEAR,DRY,True,FEDERAL,COLLISION WITH BICYCLIST,SINGLE VEHICLE,STRAIGHT & LEVEL,DAYLIGHT,False,2013-09-03 10:54:00-04:00,38.2468624,-85.766787,True,False,TUESDAY,642,2013,9,3,10,54,False
LOUISVILLE METRO POLICE DEPT,,,BROADWAY,,,,,4TH,,,,,2,1,CLEAR,DRY,False,LOCAL STREET,COLLISION WITH BICYCLE,ANGLE,STRAIGHT & LEVEL,DARK-HWY LIGHTED/ON,False,2013-09-06 22:52:00-04:00,38.201666667,-85.536666667,True,False,FRIDAY,643,2013,9,6,22,52,True
LOUISVILLE METRO POLICE DEPT,,,7TH,ST,S,2.022,US0150,BROADWAY,,,,,2,1,CLEAR,DRY,False,LOCAL STREET,COLLISION WITH BICYCLE,SINGLE VEHICLE,STRAIGHT & LEVEL,DAYLIGHT,False,2013-09-07 10:44:00-04:00,38.2464473,-85.7633675,True,False,SATURDAY,644,2013,9,7,10,44,False
LOUISVILLE METRO POLICE DEPT,US0060A,,LEXINGTON,RD,,9.471,,BRIAR HILL,,,,,2,1,CLEAR,DRY,False,FEDERAL,COLLISION WITH BICYCLE,SINGLE VEHICLE,STRAIGHT & LEVEL,DUSK,False,2013-09-07 19:54:00-04:00,38.2486403,-85.6760856,True,False,SATURDAY,645,2013,9,7,19,54,False
LOUISVILLE METRO POLICE DEPT,,,4TH,ST,S,0.734,US0150,BROADWAY,,,,,2,1,CLEAR,DRY,False,LOCAL STREET,COLLISION WITH BICYCLE,SINGLE VEHICLE,STRAIGHT & LEVEL,DARK-HWY LIGHTED/ON,False,2013-09-08 06:25:00-04:00,38.2460816,-85.7583782,True,False,SUNDAY,646,2013,9,8,6,25,False
LOUISVILLE METRO POLICE DEPT,,,32ND,ST,S,1.9,,,,,,,2,1,CLEAR,DRY,False,LOCAL STREET,COLLISION WITH BICYCLIST,SINGLE VEHICLE,STRAIGHT & LEVEL,DAYLIGHT,False,2013-09-08 14:10:00-04:00,38.2552115,-85.8051243,True,False,SUNDAY,647,2013,9,8,14,10,False
LOUISVILLE METRO POLICE DEPT,,,WOODBOURNE,AVE,,0.703,,CAROLINA,,,,,2,1,CLEAR,DRY,False,LOCAL STREET,COLLISION WITH BICYCLE,SINGLE VEHICLE,STRAIGHT & LEVEL,DAYLIGHT,False,2013-09-09 09:09:00-04:00,38.2282454,-85.6831478,True,False,MONDAY,648,2013,9,9,9,9,False
LOUISVILLE METRO POLICE DEPT,,,BARRET,AVE,,1.081,,RUFER,,,,,2,1,CLEAR,DRY,False,LOCAL STREET,COLLISION WITH BICYCLE,SINGLE VEHICLE,STRAIGHT & LEVEL,DAYLIGHT,False,2013-09-11 15:58:00-04:00,38.2348921,-85.7268998,False,False,WEDNESDAY,649,2013,9,11,15,58,False
LOUISVILLE METRO POLICE DEPT,,4124.0,POMEROY,CT,,0.098,,,,,,,2,1,CLEAR,DRY,False,LOCAL STREET,COLLISION WITH BICYCLIST,SINGLE VEHICLE,CURVE & LEVEL,DAYLIGHT,False,2013-09-14 17:35:00-04:00,38.1989084,-85.6342745,False,False,SATURDAY,650,2013,9,14,17,35,False
LOUISVILLE METRO POLICE DEPT,,,ST CATHERINE,ST,W,0.27,,4TH,,,,,2,1,CLEAR,DRY,False,LOCAL STREET,COLLISION WITH BICYCLE,SINGLE VEHICLE,STRAIGHT & LEVEL,DAYLIGHT,False,2013-09-14 18:30:00-04:00,38.2374257,-85.7598349,True,False,SATURDAY,651,2013,9,14,18,30,False
LOUISVILLE METRO POLICE DEPT,KY2055,,MANSLICK,RD,W,1.37,,FAIRDALE,,,,,2,1,CLEAR,DRY,False,STATE,COLLISION WITH BICYCLE,SINGLE VEHICLE,STRAIGHT & LEVEL,DAYLIGHT,False,2013-09-20 07:39:00-04:00,38.1049984,-85.7587182,True,False,FRIDAY,652,2013,9,20,7,39,False
LOUISVILLE METRO POLICE DEPT,,,CECIL,AVE,,0.909,,GARLAND,,,,,2,1,CLEAR,DRY,False,COUNTY ROAD,COLLISION WITH BICYCLE,SINGLE VEHICLE,STRAIGHT & LEVEL,DAYLIGHT,False,2013-09-21 17:41:00-04:00,38.2468928,-85.8208607,False,False,SATURDAY,653,2013,9,21,17,41,True
LOUISVILLE METRO POLICE DEPT,,,12TH,ST,S,1.163,,OAK,,,,,2,1,CLEAR,DRY,False,LOCAL STREET,COLLISION WITH BICYCLE,SINGLE VEHICLE,STRAIGHT & LEVEL,DAYLIGHT,False,2013-09-21 17:47:00-04:00,38.2363297,-85.773403,False,False,SATURDAY,654,2013,9,21,17,47,False
ST. MATTHEWS POLICE DEPARTMENT,US0060,,SHELBYVILLE,RD,,4.884,,,,BRAMTON,,SAGE,2,1,CLEAR,DRY,True,FEDERAL,COLLISION WITH BICYCLIST,SINGLE VEHICLE,STRAIGHT & LEVEL,DAYLIGHT,False,2013-09-22 07:45:00-04:00,38.250905,-85.6312183,False,False,SUNDAY,655,2013,9,22,7,45,False