investigating_agency,roadway_number,building_number,roadway_name,roadway_suffix,roadway_direction,milepoint,intersection_roadway_number,intersection_roadway_name,between_street_number_1,between_street_name_1,between_street_number_2,between_street_name_2,units_involved,motor_vehicles_involved,weather,roadway_condition,hit_and_run_indicator,roadway_type,directional_analysis,manner_of_collision,roadway_character,light_condition,secondary_collision_indicator,date,latitude,longitude,injury_indicator,fatality_indicator,day_of_week,accident_id,year,month,day,hour,minute,lighted_signal_indicator
LOUISVILLE METRO POLICE DEPT,,,HILL,ST,W,1.003,,,,,,,2,1,CLEAR,DRY,False,COUNTY ROAD,COLLISION WITH BICYCLIST,SINGLE VEHICLE,STRAIGHT & LEVEL,DAYLIGHT,False,2013-09-23 15:56:00-04:00,38.2273972,-85.7752071,True,False,MONDAY,656,2013,9,23,15,56,False
LOUISVILLE METRO POLICE DEPT,,,PEE WEE REESE,RD,,1.543,,ROCK CREEK,,,,,2,1,CLEAR,DRY,False,LOCAL STREET,COLLISION WITH BICYCLE,SINGLE VEHICLE,STRAIGHT & LEVEL,DAYLIGHT,False,2013-09-23 18:19:00-04:00,38.2416794,-85.6735936,False,False,MONDAY,657,2013,9,23,18,19,False
LOUISVILLE METRO POLICE DEPT,,,BURNETT,AVE,W,1.284,,OLIVE,,,,,2,1,CLEAR,DRY,False,LOCAL STREET,COLLISION WITH BICYCLE,SINGLE VEHICLE,STRAIGHT & LEVEL,DARK-HWY LIGHTED/ON,False,2013-09-23 21:50:00-04:00,38.2324588,-85.7996145,True,False,MONDAY,658,2013,9,23,21,50,False
LOUISVILLE METRO POLICE DEPT,KY1747,,FERN VALLEY,RD,,3.324,,JEFFERSON,,,,,2,1,CLEAR,DRY,False,STATE,COLLISION WITH BICYCLE,SINGLE VEHICLE,STRAIGHT & LEVEL,DAYLIGHT,False,2013-09-24 16:41:00-04:00,38.1567153,-85.6716843,True,False,TUESDAY,659,2013,9,24,16,41,True
LOUISVILLE METRO POLICE DEPT,KY0061,,PRESTON,HWY,,0.431,,,,MUD,,ANTLE,2,1,CLEAR,DRY,False,STATE,COLLISION WITH BICYCLIST,SINGLE VEHICLE,STRAIGHT & LEVEL,DARK-HWY NOT LIGHTED,False,2013-09-25 00:20:00-04:00,38.0897637,-85.6684001,False,True,WEDNESDAY,660,2013,9,25,0,20,False
LOUISVILLE METRO POLICE DEPT,,,VIM,DR,,0.43,,,,,,,2,1,CLEAR,DRY,False,COUNTY ROAD,COLLISION WITH BICYCLIST,SINGLE VEHICLE,STRAIGHT & LEVEL,DAYLIGHT,False,2013-09-25 14:44:00-04:00,38.1738042,-85.702902,True,False,WEDNESDAY,661,2013,9,25,14,44,False
LOUISVILLE METRO POLICE DEPT,,,GARLAND,AVE,,1.261,,23RD,,,,,2,1,CLEAR,DRY,False,LOCAL STREET,COLLISION WITH BICYCLE,SINGLE VEHICLE,STRAIGHT & LEVEL,DAYLIGHT,False,2013-09-28 19:29:00-04:00,38.2443396,-85.790667,True,False,SATURDAY,662,2013,9,28,19,29,False
SHIVELY POLICE DEPARTMENT,,,GRANDVIEW,DR,,0.099,,,KY2051  ,ROCKFORD,,SAN JOSE,2,1,CLEAR,DRY,True,LOCAL STREET,COLLISION WITH BICYCLIST,SINGLE VEHICLE,STRAIGHT & LEVEL,DAYLIGHT,False,2013-10-01 16:28:00-04:00,38.1769735,-85.8259126,False,False,TUESDAY,663,2013,10,1,16,28,False
LOUISVILLE METRO POLICE DEPT,US0060A,,TAYLOR,BLVD,,1.891,,ARCADE,,,,,2,1,CLOUDY,DRY,True,FEDERAL,COLLISION WITH BICYCLE,SINGLE VEHICLE,STRAIGHT & LEVEL,DAYLIGHT,False,2013-10-02 11:30:00-04:00,38.2021234,-85.7814501,True,False,WEDNESDAY,664,2013,10,2,11,30,False
LOUISVILLE METRO POLICE DEPT,,,CARDINAL,BLVD,W,0.181,KY1020,3RD,,,,,2,1,CLOUDY,DRY,False,LOCAL STREET,COLLISION WITH BICYCLE,SINGLE VEHICLE,STRAIGHT & LEVEL,DAYLIGHT,False,2013-10-02 13:30:00-04:00,38.2205603,-85.7611784,True,False,WEDNESDAY,665,2013,10,2,13,30,True
ST. MATTHEWS POLICE DEPARTMENT,,,DAYTON,AVE,,0.232,,WILTSHIRE,,,,,1,1,CLOUDY,DRY,True,LOCAL STREET,COLLISION WITH BICYCLE,SINGLE VEHICLE,STRAIGHT & LEVEL,DAYLIGHT,False,2013-10-02 15:15:00-04:00,38.2500528,-85.6543788,False,False,WEDNESDAY,666,2013,10,2,15,15,False
LOUISVILLE METRO POLICE DEPT,,,APPLE VALLEY,DR,,0.0,,,,,,,2,1,CLOUDY,DRY,True,COUNTY ROAD,COLLISION WITH BICYCLIST,SINGLE VEHICLE,STRAIGHT & LEVEL,DAYLIGHT,False,2013-10-02 16:53:00-04:00,38.1374243,-85.6212832,True,False,WEDNESDAY,667,2013,10,2,16,53,False
LOUISVILLE METRO POLICE DEPT,,,4TH,ST,S,2.881,,,,INDUSTRY,,BRANDEIS,2,1,CLOUDY,DRY,True,LOCAL STREET,COLLISION WITH BICYCLIST,SINGLE VEHICLE,STRAIGHT & GRADE,DAYLIGHT,False,2013-10-03 11:10:00-04:00,38.2152438,-85.7637947,True,False,THURSDAY,668,2013,10,3,11,10,False
LOUISVILLE METRO POLICE DEPT,,,HANCOCK,ST,S,0.026,US0031E,MAIN,,,,,2,1,CLOUDY,DRY,False,LOCAL STREET,COLLISION WITH BICYCLE,SINGLE VEHICLE,STRAIGHT & LEVEL,DAYLIGHT,False,2013-10-04 16:39:00-04:00,38.2550337,-85.7422987,True,False,FRIDAY,669,2013,10,4,16,39,False
LOUISVILLE METRO POLICE DEPT,,,GREYLING,DR,,0.124,,,KY2055  ,MANSLICK,,ACRES,2,1,CLEAR,DRY,False,LOCAL STREET,COLLISION WITH BICYCLIST,SINGLE VEHICLE,STRAIGHT & GRADE,DAYLIGHT,False,2013-10-09 00:00:00-04:00,38.1183503,-85.7973039,True,False,WEDNESDAY,670,2013,10,9,0,0,False
LOUISVILLE METRO POLICE DEPT,KY0061,,PRESTON,HWY,,4.731,,OAKLAWN,,,,,2,1,CLEAR,DRY,False,STATE,COLLISION WITH BICYCLE,SINGLE VEHICLE,STRAIGHT & LEVEL,DAYLIGHT,False,2013-10-11 13:00:00-04:00,38.1487964,-85.692483,True,False,FRIDAY,671,2013,10,11,13,0,False
LOUISVILLE METRO POLICE DEPT,US0060A,,TAYLOR,BLVD,,1.565,,SALE,,,,,2,1,CLEAR,DRY,False,FEDERAL,COLLISION WITH BICYCLE,SINGLE VEHICLE,STRAIGHT & LEVEL,DAYLIGHT,False,2013-10-11 18:13:00-04:00,38.1977411,-85.7828293,False,False,FRIDAY,672,2013,10,11,18,13,False
LOUISVILLE METRO POLICE DEPT,KY1020,,SOUTHERN,PKWY,,8.075,,,,ASHLAND,,WELLINGTON,2,1,CLEAR,DRY,False,STATE,COLLISION WITH BICYCLIST,SINGLE VEHICLE,STRAIGHT & LEVEL,DAYLIGHT,False,2013-10-12 11:51:00-04:00,38.185196,-85.7674236,True,False,SATURDAY,673,2013,10,12,11,51,False
LOUISVILLE METRO POLICE DEPT,,,29TH STREET,,,,,CROP STREET,,,,,2,1,CLEAR,DRY,False,LOCAL STREET,COLLISION WITH BICYCLE,HEAD ON,STRAIGHT & LEVEL,DAYLIGHT,False,2013-10-12 16:57:00-04:00,38.201666667,-85.536666667,True,False,SATURDAY,674,2013,10,12,16,57,False
LOUISVILLE METRO POLICE DEPT,,,STARMONT,RD,,0.05,,HIGH CANYON,,,,,2,1,CLEAR,DRY,False,LOCAL STREET,COLLISION WITH BICYCLE,SINGLE VEHICLE,STRAIGHT & LEVEL,DAYLIGHT,False,2013-10-21 14:20:00-04:00,38.2830063,-85.6641619,True,False,MONDAY,675,2013,10,21,14,20,False
LOUISVILLE METRO POLICE DEPT,,,BLANTON,LN,,0.954,,,,BROOKLAWN,KY1931,ST ANDREWS CHURCH,2,1,CLEAR,DRY,False,COUNTY ROAD,COLLISION WITH BICYCLIST,SINGLE VEHICLE,STRAIGHT & LEVEL,DAYLIGHT,False,2013-10-21 15:44:00-04:00,38.1521999,-85.8199713,True,False,MONDAY,676,2013,10,21,15,44,False
LOUISVILLE METRO POLICE DEPT,US0042,,MELLWOOD,AVE,,0.793,,,,STEVENSON,US0060,FRANKFORT,2,1,CLEAR,DRY,False,FEDERAL,COLLISION WITH BICYCLIST,SINGLE VEHICLE,STRAIGHT & LEVEL,DAYLIGHT,False,2013-10-22 13:13:00-04:00,38.2575716,-85.7195991,True,False,TUESDAY,677,2013,10,22,13,13,False
LOUISVILLE METRO POLICE DEPT,KY1065,,OUTER,LOOP,,3.201,,,,,,,2,1,CLEAR,DRY,False,STATE,COLLISION WITH BICYCLIST,SINGLE VEHICLE,STRAIGHT & LEVEL,DARK-HWY NOT LIGHTED,False,2013-10-25 01:38:00-04:00,38.1300702,-85.7370486,True,False,FRIDAY,678,2013,10,25,1,38,False
LOUISVILLE METRO POLICE DEPT,,,CHENOWETH LANE,,,,,NAPANEE ROAD,,,,,2,1,CLEAR,DRY,False,LOCAL STREET,COLLISION WITH BICYCLE,SIDESWIPE-SAME DIRECTION,STRAIGHT & LEVEL,DUSK,False,2013-10-25 18:48:00-04:00,38.262233333,-85.663066667,True,False,FRIDAY,679,2013,10,25,18,48,False
LOUISVILLE METRO POLICE DEPT,US0060A,,EASTERN,PKWY,,4.862,,DELOR,,,,,2,1,CLEAR,DRY,False,FEDERAL,COLLISION WITH BICYCLE,SINGLE VEHICLE,STRAIGHT & LEVEL,DAYLIGHT,False,2013-10-27 15:39:00-04:00,38.2170103,-85.7383034,False,False,SUNDAY,680,2013,10,27,15,39,False
LOUISVILLE METRO POLICE DEPT,,,ANDERSON,ST,,0.32,,,,KENDALL,US0031W,DR W J HODGE,2,1,CLEAR,DRY,True,LOCAL STREET,COLLISION WITH BICYCLIST,SINGLE VEHICLE,STRAIGHT & LEVEL,DAYLIGHT,False,2013-10-28 17:57:00-04:00,38.2484612,-85.7857934,True,False,MONDAY,681,2013,10,28,17,57,False
LOUISVILLE METRO POLICE DEPT,US0150,,BROADWAY,,W,2.56,KY1020,2ND,,,,,2,1,CLOUDY,WET,False,FEDERAL,COLLISION WITH BICYCLE,SINGLE VEHICLE,STRAIGHT & LEVEL,DAYLIGHT,False,2013-10-30 09:18:00-04:00,38.2458368,-85.7550469,True,False,WEDNESDAY,682,2013,10,30,9,18,True
LOUISVILLE METRO POLICE DEPT,,,WALLIE ANN,CT,,0.165,,WILART,,,,,2,1,RAINING,WET,False,LOCAL STREET,COLLISION WITH BICYCLE,SINGLE VEHICLE,STRAIGHT & LEVEL,DAYLIGHT,False,2013-10-31 17:31:00-04:00,38.2188497,-85.79082,True,False,THURSDAY,683,2013,10,31,17,31,False
LOUISVILLE METRO POLICE DEPT,,,GRAND,AVE,,1.669,,CECIL,,,,,2,1,RAINING,WET,True,LOCAL STREET,COLLISION WITH BICYCLE,SINGLE VEHICLE,CURVE & LEVEL,DUSK,False,2013-10-31 20:22:00-04:00,38.2431722,-85.8212811,True,False,THURSDAY,684,2013,10,31,20,22,False
LOUISVILLE METRO POLICE DEPT,KY0864,,GOSS,AVE,,13.791,,,US0060A ,EASTERN,,REASOR,2,1,CLOUDY,DRY,False,STATE,COLLISION WITH BICYCLIST,SINGLE VEHICLE,STRAIGHT & HILLCREST,DAYLIGHT,False,2013-11-03 14:58:00-05:00,38.2247262,-85.7312378,False,False,SUNDAY,685,2013,11,3,14,58,False
LOUISVILLE METRO POLICE DEPT,,,WILLIS,AVE,,0.663,,,KY1932  ,BRECKENRIDGE,,WILTSHIRE,2,2,CLEAR,DRY,False,LOCAL STREET,COLLISION WITH BICYCLIST,ANGLE,STRAIGHT & LEVEL,DAYLIGHT,False,2013-11-05 15:15:00-05:00,38.2515592,-85.6541409,False,False,TUESDAY,686,2013,11,5,15,15,False
LOUISVILLE METRO POLICE DEPT,US0150,,BROADWAY,,E,2.694,,,,1ST,,BROOK,2,1,RAINING,WET,False,FEDERAL,COLLISION WITH BICYCLIST,SINGLE VEHICLE,STRAIGHT & LEVEL,DUSK,False,2013-11-06 10:00:00-05:00,38.2456501,-85.7525255,True,False,WEDNESDAY,687,2013,11,6,10,0,False
LOUISVILLE METRO POLICE DEPT,,,TAYLORSVILLE RD,,,,,FURMAN LN,,,,,2,1,RAINING,WET,False,NONE OF THE ABOVE,COLLISION WITH BICYCLE,ANGLE,STRAIGHT & LEVEL,DARK-HWY LIGHTED/ON,False,2013-11-06 18:20:00-05:00,38.201666667,-85.536666667,True,False,WEDNESDAY,688,2013,11,6,18,20,False
LOUISVILLE METRO POLICE DEPT,KY1934,,CANE RUN,RD,,9.535,,FARNSLEY,,,,,2,1,CLEAR,DRY,False,STATE,COLLISION WITH BICYCLE,SINGLE VEHICLE,STRAIGHT & LEVEL,DARK-HWY LIGHTED/ON,False,2013-11-11 18:15:00-05:00,38.2025791,-85.8334229,False,False,MONDAY,689,2013,11,11,18,15,True
LOUISVILLE METRO POLICE DEPT,,,4TH,ST,S,0.097,US0031W,MARKET,,,,,2,1,CLEAR,DRY,False,LOCAL STREET,COLLISION WITH BICYCLE,SINGLE VEHICLE,STRAIGHT & LEVEL,DAYLIGHT,False,2013-11-13 12:25:00-05:00,38.2552297,-85.7567849,False,False,WEDNESDAY,690,2013,11,13,12,25,True
LOUISVILLE METRO POLICE DEPT,,,6TH,ST,S,1.512,,OAK,,,,,2,1,CLOUDY,DRY,False,LOCAL STREET,COLLISION WITH BICYCLE,SINGLE VEHICLE,STRAIGHT & LEVEL,DAYLIGHT,False,2013-11-15 13:20:00-05:00,38.235256,-85.7636546,False,False,FRIDAY,691,2013,11,15,13,20,False
LOUISVILLE METRO POLICE DEPT,,,KENTUCKY,ST,E,0.648,,CLAY,,,,,2,1,CLOUDY,DRY,False,LOCAL STREET,COLLISION WITH BICYCLE,SINGLE VEHICLE,STRAIGHT & LEVEL,DARK-HWY LIGHTED/ON,False,2013-11-16 20:00:00-05:00,38.237148,-85.7428636,False,False,SATURDAY,692,2013,11,16,20,0,False
LOUISVILLE METRO POLICE DEPT,US0031W,,22ND,ST,S,19.558,,BROADWAY,,,,,2,1,CLEAR,DRY,False,FEDERAL,COLLISION WITH BICYCLE,SINGLE VEHICLE,STRAIGHT & LEVEL,DUSK,False,2013-12-03 18:30:00-05:00,38.2492167,-85.7882033,True,False,TUESDAY,693,2013,12,3,18,30,False
LOUISVILLE METRO POLICE DEPT,,,GRADE,LN,,3.586,,,,WALTERS,KY1065,OUTER,2,1,CLEAR,DRY,True,LOCAL STREET,COLLISION WITH BICYCLIST,SINGLE VEHICLE,STRAIGHT & LEVEL,DARK-HWY LIGHTED/ON,False,2013-12-04 06:05:00-05:00,38.1371265,-85.7378836,True,False,WEDNESDAY,694,2013,12,4,6,5,False
LOUISVILLE METRO POLICE DEPT,KY0061,,PRESTON,HWY,,4.731,,OAKLAWN,,,,,2,1,CLEAR,DRY,False,STATE,COLLISION WITH BICYCLE,SINGLE VEHICLE,STRAIGHT & LEVEL,DAYLIGHT,False,2013-12-13 12:25:00-05:00,38.1488095,-85.6924564,False,False,FRIDAY,695,2013,12,13,12,25,False
LOUISVILLE METRO POLICE DEPT,,,4TH,ST,S,0.724,US0150,BROADWAY,,,,,2,1,CLEAR,DRY,True,LOCAL STREET,COLLISION WITH BICYCLE,SINGLE VEHICLE,STRAIGHT & LEVEL,DAYLIGHT,False,2013-12-16 17:11:00-05:00,38.2462366,-85.7584259,True,False,MONDAY,696,2013,12,16,17,11,False
LOUISVILLE METRO POLICE DEPT,US0031W,,22ND,ST,S,20.299,,MAIN,,,,,2,1,CLEAR,DRY,False,FEDERAL,COLLISION WITH BICYCLE,SINGLE VEHICLE,STRAIGHT & LEVEL,DAYLIGHT,False,2013-12-19 14:35:00-05:00,38.2599116,-85.7863124,True,False,THURSDAY,697,2013,12,19,14,35,False
LOUISVILLE METRO POLICE DEPT,KY0864,,SHELBY,ST,S,15.499,,,,GRAY,US0150,BROADWAY,2,1,CLEAR,DRY,False,STATE,COLLISION WITH BICYCLIST,SINGLE VEHICLE,STRAIGHT & LEVEL,DAYLIGHT,False,2013-12-28 15:11:00-05:00,38.2449102,-85.7394705,True,False,SATURDAY,698,2013,12,28,15,11,False
LOUISVILLE METRO POLICE DEPT,US0031W,,DIXIE,HWY,,5.539,,LANDSTAR,,,,,2,1,CLEAR,DRY,False,FEDERAL,COLLISION WITH BICYCLE,SINGLE VEHICLE,STRAIGHT & LEVEL,DARK-HWY LIGHTED/ON,False,2013-12-29 21:25:00-05:00,38.0657692,-85.8853507,False,False,SUNDAY,699,2013,12,29,21,25,True
LOUISVILLE METRO POLICE DEPT,,,INDIAN,TRL,E,1.08,,,,INDIAN OAKS,,LODEMA,2,1,CLEAR,WET,False,LOCAL STREET,COLLISION WITH BICYCLIST,SINGLE VEHICLE,STRAIGHT & LEVEL,DARK-HWY LIGHTED/ON,False,2014-01-09 19:30:00-05:00,38.1709886,-85.6870963,False,False,THURSDAY,700,2014,1,9,19,30,False
LOUISVILLE METRO POLICE DEPT,,,ROY WILKINS AVE,,,,,W MARKET ST,,,,,2,1,CLEAR,DRY,False,LOCAL STREET,COLLISION WITH BICYCLE,ANGLE,STRAIGHT & LEVEL,DARK-HWY LIGHTED/ON,False,2014-01-11 23:08:00-05:00,38.201666667,-85.536666667,False,False,SATURDAY,701,2014,1,11,23,8,False
LOUISVILLE METRO POLICE DEPT,,,COLONEL HANCOCK,DR,,0.249,,,,EAGLE TRACE,,TREETOPS,2,1,CLEAR,DRY,False,LOCAL STREET,COLLISION WITH BICYCLIST,SINGLE VEHICLE,STRAIGHT & LEVEL,DUSK,False,2014-01-12 16:54:00-05:00,38.1311334,-85.5729427,True,False,SUNDAY,702,2014,1,12,16,54,False
WEST BUECHEL POLICE DEPT.,,,BASHFORD,AVE,,0.143,KY2052,SHEPHERDSVILLE,,,,,2,1,CLEAR,DRY,False,LOCAL STREET,COLLISION WITH BICYCLE,SINGLE VEHICLE,STRAIGHT & LEVEL,DAYLIGHT,False,2014-01-19 15:30:00-05:00,38.1946755,-85.6611334,True,False,SUNDAY,703,2014,1,19,15,30,False
SHIVELY POLICE DEPARTMENT,KY1931,,7TH STREET,RD,,9.034,,,US0060A ,BERRY,KY1931,MANSLICK,2,1,CLEAR,DRY,False,STATE,COLLISION WITH BICYCLIST,SINGLE VEHICLE,STRAIGHT & LEVEL,DAYLIGHT,False,2014-02-15 13:45:00-05:00,38.2025426,-85.7924747,True,False,SATURDAY,704,2014,2,15,13,45,False
ST. MATTHEWS POLICE DEPARTMENT,KY1932,,BRECKENRIDGE,LN,,4.157,,,,KRESGE,,DUPONT,2,1,CLEAR,DRY,True,STATE,COLLISION WITH BICYCLIST,SINGLE VEHICLE,STRAIGHT & LEVEL,DAYLIGHT,False,2014-02-21 13:20:00-05:00,38.2364077,-85.6415918,True,False,FRIDAY,705,2014,2,21,13,20,False
ST. MATTHEWS POLICE DEPARTMENT,KY1447,,WESTPORT,RD,,0.927,,HUBBARDS,,,,,2,1,CLOUDY,DRY,False,STATE,COLLISION WITH BICYCLE,SINGLE VEHICLE,STRAIGHT & LEVEL,DARK-HWY LIGHTED/OFF,False,2014-02-28 22:31:00-05:00,38.2601522,-85.6413594,True,False,FRIDAY,706,2014,2,28,22,31,False
LOUISVILLE METRO POLICE DEPT,,,RIVER PARK,DR,,1.415,,,,,,,2,1,CLEAR,SNOW/SLUSH,True,LOCAL STREET,COLLISION WITH BICYCLIST,SINGLE VEHICLE,STRAIGHT & LEVEL,DAYLIGHT,False,2014-03-05 08:23:00-05:00,38.2537004,-85.8009686,False,False,WEDNESDAY,707,2014,3,5,8,23,False
LOUISVILLE METRO POLICE DEPT,,,BRECKINRIDGE,ST,E,1.288,KY0061,PRESTON,,,,,2,1,CLEAR,DRY,True,LOCAL STREET,COLLISION WITH BICYCLE,SINGLE VEHICLE,STRAIGHT & LEVEL,DARK-HWY LIGHTED/ON,False,2014-03-05 20:05:00-05:00,38.2407333,-85.7484333,True,False,WEDNESDAY,708,2014,3,5,20,5,True
LOUISVILLE METRO POLICE DEPT,,,35TH,ST,N,0.001,KY3064,NORTHWESTERN,,,,,2,1,CLEAR,DRY,False,LOCAL STREET,COLLISION WITH BICYCLE,SINGLE VEHICLE,STRAIGHT & LEVEL,DAYLIGHT,False,2014-03-07 00:00:00-05:00,38.2747077,-85.8045716,True,False,FRIDAY,709,2014,3,7,0,0,False
LOUISVILLE METRO POLICE DEPT,,5501.0,BRUCE,AVE,,0.342,,,,,,,2,1,CLEAR,DRY,False,LOCAL STREET,COLLISION WITH BICYCLIST,SINGLE VEHICLE,STRAIGHT & LEVEL,DAYLIGHT,False,2014-03-21 00:00:00-04:00,38.1458458,-85.7831477,True,False,FRIDAY,710,2014,3,21,0,0,False
LOUISVILLE METRO POLICE DEPT,,,12TH,ST,S,0.769,,GARLAND,,,,,2,1,RAINING,WET,True,LOCAL STREET,COLLISION WITH BICYCLE,SINGLE VEHICLE,STRAIGHT & LEVEL,DAYLIGHT,False,2014-03-27 00:00:00-04:00,38.241977,-85.7727098,True,False,THURSDAY,711,2014,3,27,0,0,False
LOUISVILLE METRO POLICE DEPT,,,26TH,ST,N,0.626,,,,,,,2,1,CLEAR,DRY,False,LOCAL STREET,COLLISION WITH BICYCLIST,SINGLE VEHICLE,STRAIGHT & LEVEL,DAYLIGHT,False,2014-03-27 10:00:00-04:00,38.2694018,-85.7908544,True,False,THURSDAY,712,2014,3,27,10,0,False
LOUISVILLE METRO POLICE DEPT,KY1020,,3RD,ST,S,12.484,,,,MUHAMMAD ALI,,POST OFFICE,2,1,CLOUDY,WET,False,STATE,COLLISION WITH BICYCLIST,SINGLE VEHICLE,STRAIGHT & LEVEL,DAYLIGHT,False,2014-04-02 11:44:00-04:00,38.2514867,-85.7557378,False,False,WEDNESDAY,713,2014,4,2,11,44,False
LOUISVILLE METRO POLICE DEPT,,,RIVER,RD,,5.986,,MAYFAIR,,,,,2,1,CLEAR,DRY,False,LOCAL STREET,COLLISION WITH BICYCLE,SINGLE VEHICLE,STRAIGHT & LEVEL,DAYLIGHT,False,2014-04-10 07:17:00-04:00,38.3386475,-85.6263266,False,False,THURSDAY,714,2014,4,10,7,17,False
LOUISVILLE METRO POLICE DEPT,,,BROOK,ST,S,1.962,,WOODBINE,,,,,2,1,CLEAR,DRY,False,LOCAL STREET,COLLISION WITH BICYCLE,SINGLE VEHICLE,STRAIGHT & GRADE,DAYLIGHT,False,2014-04-10 10:42:00-04:00,38.2294649,-85.7545558,True,False,THURSDAY,715,2014,4,10,10,42,True
LOUISVILLE METRO POLICE DEPT,US0060,,FRANKFORT,AVE,,2.68,,,,FENLEY,,WEISSER,2,1,CLEAR,DRY,False,FEDERAL,COLLISION WITH BICYCLIST,SINGLE VEHICLE,STRAIGHT & LEVEL,DAYLIGHT,False,2014-04-10 16:00:00-04:00,38.2541056,-85.671472,False,False,THURSDAY,716,2014,4,10,16,0,False
LOUISVILLE METRO POLICE DEPT,,,15TH,ST,S,2.214,,,,,,,2,1,CLEAR,DRY,False,LOCAL STREET,COLLISION WITH BICYCLIST,SINGLE VEHICLE,STRAIGHT & LEVEL,DAYLIGHT,False,2014-04-10 17:40:00-04:00,38.2572563,-85.7749754,False,False,THURSDAY,717,2014,4,10,17,40,False
LOUISVILLE METRO POLICE DEPT,US0031E,,BARDSTOWN,RD,,15.296,,,,LUCIA,,PATTERSON,2,1,CLEAR,DRY,False,FEDERAL,COLLISION WITH BICYCLIST,SINGLE VEHICLE,STRAIGHT & LEVEL,DAYLIGHT,False,2014-04-11 10:00:00-04:00,38.2373575,-85.7190645,False,False,FRIDAY,718,2014,4,11,10,0,False
LOUISVILLE METRO POLICE DEPT,KY0864,,GOSS,AVE,,13.937,,TEXAS,,,,,2,1,CLEAR,DRY,True,STATE,COLLISION WITH BICYCLE,SINGLE VEHICLE,STRAIGHT & LEVEL,DAYLIGHT,False,2014-04-12 15:40:00-04:00,38.2259691,-85.7333956,True,False,SATURDAY,719,2014,4,12,15,40,True
LOUISVILLE METRO POLICE DEPT,US0031E,,BARDSTOWN,RD,,9.436,,,,,,,2,1,CLOUDY,DRY,False,FEDERAL,COLLISION WITH BICYCLIST,SINGLE VEHICLE,STRAIGHT & LEVEL,DAYLIGHT,False,2014-04-14 15:40:00-04:00,38.1872457,-85.6378594,False,False,MONDAY,720,2014,4,14,15,40,False
LOUISVILLE METRO POLICE DEPT,,,MANNER DALE,DR,,0.005,,,,,,,2,1,CLEAR,DRY,False,LOCAL STREET,COLLISION WITH BICYCLIST,SINGLE VEHICLE,STRAIGHT & LEVEL,DAYLIGHT,False,2014-04-16 16:12:00-04:00,38.2026242,-85.6224707,False,False,WEDNESDAY,721,2014,4,16,16,12,False
LOUISVILLE METRO POLICE DEPT,US0150,,BROADWAY,,W,2.56,KY1020,2ND,,,,,2,1,CLOUDY,DRY,False,FEDERAL,COLLISION WITH BICYCLE,SINGLE VEHICLE,STRAIGHT & LEVEL,DUSK,False,2014-04-18 20:25:00-04:00,38.2458373,-85.7550471,False,False,FRIDAY,722,2014,4,18,20,25,True
LOUISVILLE METRO POLICE DEPT,US0060,,FRANKFORT,AVE,,0.519,,,,,,,2,1,CLEAR,DRY,False,FEDERAL,COLLISION WITH BICYCLIST,SINGLE VEHICLE,STRAIGHT & LEVEL,DAYLIGHT,False,2014-04-26 14:35:00-04:00,38.2548004,-85.7104998,True,False,SATURDAY,723,2014,4,26,14,35,False
LOUISVILLE METRO POLICE DEPT,,,GALLAGHER,ST,,0.132,,17TH,,,,,2,1,CLOUDY,WET,False,LOCAL STREET,COLLISION WITH BICYCLE,SINGLE VEHICLE,STRAIGHT & LEVEL,DAYLIGHT,False,2014-04-29 17:38:00-04:00,38.2389427,-85.7836088,True,False,TUESDAY,724,2014,4,29,17,38,False
LOUISVILLE METRO POLICE DEPT,,1600.0,ST CATHERINE,ST,W,0.999,,,,,,,2,1,CLEAR,DRY,False,LOCAL STREET,COLLISION WITH BICYCLIST,SINGLE VEHICLE,STRAIGHT & LEVEL,DAYLIGHT,False,2014-04-30 15:58:00-04:00,38.2398587,-85.7826097,False,False,WEDNESDAY,725,2014,4,30,15,58,False
LOUISVILLE METRO POLICE DEPT,,,ORELL,RD,E,0.925,,,,BLEVINS GAP,,PENDLETON,2,1,CLEAR,DRY,False,LOCAL STREET,COLLISION WITH BICYCLIST,SINGLE VEHICLE,STRAIGHT & LEVEL,DARK (UNKNOWN ROADWAY LIGHTING),False,2014-04-30 20:50:00-04:00,38.0699212,-85.8796581,False,False,WEDNESDAY,726,2014,4,30,20,50,False
SHIVELY POLICE DEPARTMENT,US0060A,,7TH,ST,,0.398,,NOBEL,,,,,2,1,CLEAR,DRY,False,FEDERAL,COLLISION WITH BICYCLE,SINGLE VEHICLE,STRAIGHT & LEVEL,DAYLIGHT,False,2014-05-01 13:38:00-04:00,38.195616667,-85.802016667,False,False,THURSDAY,727,2014,5,1,13,38,False