investigating_agency,roadway_number,building_number,roadway_name,roadway_suffix,roadway_direction,milepoint,intersection_roadway_number,intersection_roadway_name,between_street_number_1,between_street_name_1,between_street_number_2,between_street_name_2,units_involved,motor_vehicles_involved,weather,roadway_condition,hit_and_run_indicator,roadway_type,directional_analysis,manner_of_collision,roadway_character,light_condition,secondary_collision_indicator,date,latitude,longitude,injury_indicator,fatality_indicator,day_of_week,accident_id,year,month,day,hour,minute,lighted_signal_indicator
LOUISVILLE METRO POLICE DEPT,KY2251,,BARDSTOWN,RD,,0.853,,STEIER,,,,,2,1,CLOUDY,DRY,False,STATE,COLLISION WITH BICYCLE,SINGLE VEHICLE,STRAIGHT & GRADE,DAYLIGHT,False,2014-05-01 14:28:00-04:00,38.1974925,-85.6569944,True,False,THURSDAY,728,2014,5,1,14,28,False
LOUISVILLE METRO POLICE DEPT,,,ASHLAND,AVE,W,0.738,,,,,,,2,1,CLEAR,DRY,False,LOCAL STREET,COLLISION WITH BICYCLIST,SINGLE VEHICLE,STRAIGHT & LEVEL,DAYLIGHT,False,2014-05-02 16:20:00-04:00,38.1864844,-85.7791631,True,False,FRIDAY,729,2014,5,2,16,20,False
LOUISVILLE METRO POLICE DEPT,,,MAGAZINE,ST,,1.452,,,,26TH,,26TH,2,1,CLEAR,DRY,True,LOCAL STREET,COLLISION WITH BICYCLIST,SINGLE VEHICLE,STRAIGHT & LEVEL,DAYLIGHT,False,2014-05-03 16:00:00-04:00,38.2515952,-85.7935963,True,False,SATURDAY,730,2014,5,3,16,0,False
LOUISVILLE METRO POLICE DEPT,,,SOUTHERN,AVE,,0.527,,34TH,,,,,2,1,CLEAR,DRY,True,LOCAL STREET,COLLISION WITH BICYCLE,SINGLE VEHICLE,STRAIGHT & LEVEL,DAYLIGHT,False,2014-05-05 15:08:00-04:00,38.2322606,-85.8114552,True,False,MONDAY,731,2014,5,5,15,8,False
LOUISVILLE METRO POLICE DEPT,KY0061,7000.0,PRESTON,HWY,,4.739,,,,,,,2,1,CLEAR,DRY,False,STATE,COLLISION WITH BICYCLIST,SINGLE VEHICLE,STRAIGHT & LEVEL,DAYLIGHT,False,2014-05-05 16:42:00-04:00,38.1489277,-85.6924471,True,False,MONDAY,732,2014,5,5,16,42,False
LOUISVILLE METRO POLICE DEPT,,,12TH,ST,S,0.389,,,,,,,2,1,CLEAR,DRY,False,LOCAL STREET,COLLISION WITH BICYCLIST,SINGLE VEHICLE,STRAIGHT & LEVEL,DAYLIGHT,False,2014-05-06 16:32:00-04:00,38.2476536,-85.7715749,False,False,TUESDAY,733,2014,5,6,16,32,False
LOUISVILLE METRO POLICE DEPT,,,SOUTHWESTERN,PKWY,,1.671,,GREENWOOD,,,,,2,1,CLEAR,DRY,False,LOCAL STREET,COLLISION WITH BICYCLE,SINGLE VEHICLE,STRAIGHT & LEVEL,DAYLIGHT,False,2014-05-06 17:50:00-04:00,38.244962,-85.8299147,True,False,TUESDAY,734,2014,5,6,17,50,False
LOUISVILLE METRO POLICE DEPT,,,STRADER,AVE,,0.427,,POWELL,,,,,2,1,CLEAR,DRY,False,LOCAL STREET,COLLISION WITH BICYCLE,SINGLE VEHICLE,STRAIGHT & LEVEL,DAYLIGHT,False,2014-05-06 20:13:00-04:00,38.1914751,-85.7911421,True,False,TUESDAY,735,2014,5,6,20,13,False
LOUISVILLE METRO POLICE DEPT,US0031E,,BARDSTOWN,RD,,14.644,,,US0060A ,EASTERN,,EDENSIDE,2,1,CLEAR,DRY,False,FEDERAL,COLLISION WITH BICYCLIST,SINGLE VEHICLE,STRAIGHT & LEVEL,DAYLIGHT,False,2014-05-08 10:50:00-04:00,38.2321316,-85.7095819,True,False,THURSDAY,736,2014,5,8,10,50,False
LOUISVILLE METRO POLICE DEPT,,,OAK,ST,W,0.27,,4TH,,,,,2,1,CLEAR,DRY,False,LOCAL STREET,COLLISION WITH BICYCLE,SINGLE VEHICLE,STRAIGHT & LEVEL,DAYLIGHT,False,2014-05-08 12:22:00-04:00,38.235029,-85.7602604,False,False,THURSDAY,737,2014,5,8,12,22,False
LOUISVILLE METRO POLICE DEPT,,1600.0,SALE,AVE,,0.74,,,,,,,2,1,CLOUDY,DRY,False,LOCAL STREET,COLLISION WITH BICYCLIST,SINGLE VEHICLE,STRAIGHT & LEVEL,DAYLIGHT,False,2014-05-08 13:22:00-04:00,38.197749,-85.7906187,True,False,THURSDAY,738,2014,5,8,13,22,False
LOUISVILLE METRO POLICE DEPT,KY0061,,PRESTON,HWY,,5.011,,INDUSTRIAL,,,,,2,1,CLEAR,DRY,True,STATE,COLLISION WITH BICYCLE,SINGLE VEHICLE,STRAIGHT & LEVEL,DAYLIGHT,False,2014-05-09 16:00:00-04:00,38.1525004,-85.6945406,True,False,FRIDAY,739,2014,5,9,16,0,False
LOUISVILLE METRO POLICE DEPT,US0031W,,DR W J HODGE,ST,,18.857,,OAK,,,,,2,1,CLEAR,DRY,False,FEDERAL,COLLISION WITH BICYCLE,SINGLE VEHICLE,STRAIGHT & LEVEL,DAYLIGHT,False,2014-05-10 17:55:00-04:00,38.2376561,-85.788709,True,False,SATURDAY,740,2014,5,10,17,55,False
LOUISVILLE METRO POLICE DEPT,US0031E,,MARKET,ST,E,17.323,,,KY0061  ,PRESTON,KY0061,JACKSON,2,1,CLEAR,DRY,False,FEDERAL,COLLISION WITH BICYCLIST,SINGLE VEHICLE,STRAIGHT & LEVEL,DAYLIGHT,False,2014-05-14 14:35:00-04:00,38.2540185,-85.7451355,False,False,WEDNESDAY,741,2014,5,14,14,35,False
LOUISVILLE METRO POLICE DEPT,US0031W,,MAIN,ST,W,21.652,,,,7TH,,8TH,2,1,CLEAR,DRY,False,FEDERAL,COLLISION WITH BICYCLIST,SINGLE VEHICLE,STRAIGHT & LEVEL,DAYLIGHT,False,2014-05-15 14:05:00-04:00,38.2571919,-85.7616301,False,False,THURSDAY,742,2014,5,15,14,5,False
LOUISVILLE METRO POLICE DEPT,,3410.0,RICHMONT,RD,,0.148,,,,,,,2,1,CLEAR,DRY,False,LOCAL STREET,COLLISION WITH BICYCLIST,SINGLE VEHICLE,STRAIGHT & LEVEL,DAYLIGHT,False,2014-05-16 00:00:00-04:00,38.1985554,-85.8421301,False,False,FRIDAY,743,2014,5,16,0,0,False
LOUISVILLE METRO POLICE DEPT,,,RUDD,AVE,,0.436,,CEDAR GROVE,,,,,2,1,CLOUDY,DRY,False,LOCAL STREET,COLLISION WITH BICYCLE,SINGLE VEHICLE,STRAIGHT & LEVEL,DAYLIGHT,False,2014-05-17 15:39:00-04:00,38.2760767,-85.8056448,False,False,SATURDAY,744,2014,5,17,15,39,False
LOUISVILLE METRO POLICE DEPT,,,VERMONT,AVE,,0.364,,34TH,,,,,2,1,CLEAR,DRY,True,LOCAL STREET,COLLISION WITH BICYCLE,SINGLE VEHICLE,STRAIGHT & LEVEL,DARK-HWY LIGHTED/ON,False,2014-05-18 20:05:00-04:00,38.2555547,-85.8073452,True,False,SUNDAY,745,2014,5,18,20,5,False
SHIVELY POLICE DEPARTMENT,US0031W,,DIXIE,HWY,,14.98,,,,GARRS,,GARRS,2,1,CLEAR,DRY,False,FEDERAL,COLLISION WITH BICYCLIST,SINGLE VEHICLE,STRAIGHT & LEVEL,DAYLIGHT,False,2014-05-21 07:53:00-04:00,38.1877897,-85.8111801,True,False,WEDNESDAY,746,2014,5,21,7,53,False
LOUISVILLE METRO POLICE DEPT,,,HANCOCK,ST,S,0.653,,,,,,,2,1,CLEAR,DRY,False,LOCAL STREET,COLLISION WITH BICYCLIST,SINGLE VEHICLE,STRAIGHT & LEVEL,DAYLIGHT,False,2014-05-24 19:00:00-04:00,38.2456309,-85.7434851,False,False,SATURDAY,747,2014,5,24,19,0,False
LOUISVILLE METRO POLICE DEPT,,,BROADWAY,ST,W,,,12TH,,,,,2,1,CLEAR,DRY,False,LOCAL STREET,COLLISION WITH BICYCLE,ANGLE,STRAIGHT & LEVEL,DAYLIGHT,False,2014-05-27 05:54:00-04:00,38.201666667,-85.536666667,True,False,TUESDAY,748,2014,5,27,5,54,True
LOUISVILLE METRO POLICE DEPT,,,6TH,ST,S,1.735,,,,ORMSBY,,FLORAL,2,1,CLOUDY,DRY,False,LOCAL STREET,COLLISION WITH BICYCLIST,SINGLE VEHICLE,STRAIGHT & LEVEL,DAYLIGHT,False,2014-05-27 18:31:00-04:00,38.2320797,-85.7642623,False,False,TUESDAY,749,2014,5,27,18,31,False
LOUISVILLE METRO POLICE DEPT,,4111.0,HALE,AVE,,2.199,,,,,,,2,1,CLEAR,DRY,False,LOCAL STREET,COLLISION WITH BICYCLIST,SINGLE VEHICLE,STRAIGHT & LEVEL,DAYLIGHT,False,2014-05-28 20:30:00-04:00,38.2413357,-85.8202876,False,False,WEDNESDAY,750,2014,5,28,20,30,False
LOUISVILLE METRO POLICE DEPT,KY1020,,SOUTHERN,PKWY,,8.355,,,,,,,2,1,CLEAR,DRY,True,STATE,COLLISION WITH BICYCLIST,SINGLE VEHICLE,STRAIGHT & LEVEL,DAYLIGHT,False,2014-05-29 14:40:00-04:00,38.1892431,-85.7667043,True,False,THURSDAY,751,2014,5,29,14,40,False
LOUISVILLE METRO POLICE DEPT,,,ROY WILKINS,AVE,,0.572,,,,CHESTNUT,,MAGAZINE,2,1,CLOUDY,DRY,False,LOCAL STREET,COLLISION WITH BICYCLIST,SINGLE VEHICLE,STRAIGHT & LEVEL,DAYLIGHT,False,2014-05-30 07:51:00-04:00,38.2493547,-85.7660693,True,False,FRIDAY,752,2014,5,30,7,51,False
LOUISVILLE METRO POLICE DEPT,,,1ST,ST,S,0.096,,,,,,,2,1,CLEAR,DRY,False,LOCAL STREET,COLLISION WITH BICYCLIST,SINGLE VEHICLE,STRAIGHT & LEVEL,DAYLIGHT,False,2014-05-30 08:27:00-04:00,38.2547023,-85.7518096,True,False,FRIDAY,753,2014,5,30,8,27,False
LOUISVILLE METRO POLICE DEPT,,,PAYNE,ST,,,,SPRING,,,,,2,1,CLEAR,DRY,True,LOCAL STREET,COLLISION WITH BICYCLE,OPPOSING LEFT TURN,STRAIGHT & LEVEL,DARK-HWY LIGHTED/ON,False,2014-06-01 00:43:00-04:00,38.252166667,-85.719433333,True,False,SUNDAY,754,2014,6,1,0,43,True
LOUISVILLE METRO POLICE DEPT,KY1450,,BLUE LICK,RD,,2.425,,MOODY,,,,,2,1,CLEAR,DRY,True,STATE,COLLISION WITH BICYCLE,SINGLE VEHICLE,STRAIGHT & LEVEL,DARK-HWY LIGHTED/ON,False,2014-06-01 02:55:00-04:00,38.1199659,-85.6894985,True,False,SUNDAY,755,2014,6,1,2,55,False
LOUISVILLE METRO POLICE DEPT,US0042,,BROWNSBORO,RD,,2.061,,HITE,,,,,2,1,CLEAR,DRY,False,FEDERAL,COLLISION WITH BICYCLE,SINGLE VEHICLE,STRAIGHT & LEVEL,DAYLIGHT,False,2014-06-01 09:25:00-04:00,38.2587748,-85.6980923,False,False,SUNDAY,756,2014,6,1,9,25,False
LOUISVILLE METRO POLICE DEPT,KY1865,,NEW CUT,RD,,2.934,,,,WESTVIEW,,GLEN HOLLOW,2,1,CLEAR,DRY,False,STATE,COLLISION WITH BICYCLIST,SINGLE VEHICLE,STRAIGHT & LEVEL,DAYLIGHT,False,2014-06-01 13:39:00-04:00,38.1496761,-85.7761249,False,False,SUNDAY,757,2014,6,1,13,39,False
LOUISVILLE METRO POLICE DEPT,US0031E,,BARDSTOWN,RD,,9.804,,,US0031E ,BUECHEL,,RICHLAND,2,1,CLOUDY,DRY,True,FEDERAL,COLLISION WITH BICYCLIST,SINGLE VEHICLE,CURVE & LEVEL,DAYLIGHT,False,2014-06-03 12:05:00-04:00,38.1898074,-85.6429454,True,False,TUESDAY,758,2014,6,3,12,5,False
LOUISVILLE METRO POLICE DEPT,,,LOCUST,LN,,0.137,KY0061,PRESTON,,,,,2,1,CLEAR,DRY,False,LOCAL STREET,COLLISION WITH BICYCLE,SINGLE VEHICLE,STRAIGHT & LEVEL,DAYLIGHT,False,2014-06-03 19:33:00-04:00,38.2068958,-85.7375107,True,False,TUESDAY,759,2014,6,3,19,33,True
LOUISVILLE METRO POLICE DEPT,,,LIBERTY,ST,W,0.723,,,KY1020  ,2ND,KY1020,3RD,2,1,CLEAR,DRY,False,LOCAL STREET,COLLISION WITH BICYCLIST,SINGLE VEHICLE,STRAIGHT & LEVEL,DAYLIGHT,False,2014-06-05 17:34:00-04:00,38.2528337,-85.7550629,False,False,THURSDAY,760,2014,6,5,17,34,False
LOUISVILLE METRO POLICE DEPT,KY1020,5543.0,NATIONAL,TPKE,,5.483,,,,,,,2,1,CLEAR,DRY,False,STATE,COLLISION WITH BICYCLIST,SINGLE VEHICLE,STRAIGHT & LEVEL,DAYLIGHT,False,2014-06-06 14:45:00-04:00,38.1507184,-85.7628742,False,False,FRIDAY,761,2014,6,6,14,45,False
LOUISVILLE METRO POLICE DEPT,,,FLOYD,ST,S,1.665,,,,,,,2,1,CLEAR,DRY,False,LOCAL STREET,COLLISION WITH BICYCLIST,SINGLE VEHICLE,STRAIGHT & LEVEL,DAYLIGHT,False,2014-06-06 15:30:00-04:00,38.2317603,-85.7520956,True,False,FRIDAY,762,2014,6,6,15,30,False
LOUISVILLE METRO POLICE DEPT,KY0061,,PRESTON,ST,S,12.698,,MUHAMMAD ALI,,,,,2,1,CLEAR,DRY,True,STATE,COLLISION WITH BICYCLE,SINGLE VEHICLE,STRAIGHT & LEVEL,DAYLIGHT,False,2014-06-07 20:00:00-04:00,38.2499767,-85.7468112,True,False,SATURDAY,763,2014,6,7,20,0,True
LOUISVILLE METRO POLICE DEPT,,,COLORADO,AVE,,1.237,,EARL,,,,,2,1,CLOUDY,DRY,False,LOCAL STREET,COLLISION WITH BICYCLE,SINGLE VEHICLE,STRAIGHT & LEVEL,DAYLIGHT,False,2014-06-08 08:19:00-04:00,38.2084299,-85.7847604,True,False,SUNDAY,764,2014,6,8,8,19,False
LOUISVILLE METRO POLICE DEPT,,,WELLINGTON,AVE,W,0.229,,,,1ST,,2ND,2,1,CLOUDY,DRY,False,LOCAL STREET,COLLISION WITH BICYCLIST,SINGLE VEHICLE,STRAIGHT & LEVEL,DAYLIGHT,False,2014-06-08 15:30:00-04:00,38.1836529,-85.7634427,True,False,SUNDAY,765,2014,6,8,15,30,False
LOUISVILLE METRO POLICE DEPT,,,OAK,ST,E,0.012,,1ST,,,,,2,1,CLOUDY,WET,False,LOCAL STREET,COLLISION WITH BICYCLE,SINGLE VEHICLE,STRAIGHT & LEVEL,DAYLIGHT,False,2014-06-10 08:56:00-04:00,38.2345084,-85.7551254,True,False,TUESDAY,766,2014,6,10,8,56,False
LOUISVILLE METRO POLICE DEPT,,,CENTRAL,AVE,,1.041,US0060A,TAYLOR,,,,,2,1,CLOUDY,DRY,True,LOCAL STREET,COLLISION WITH BICYCLE,SINGLE VEHICLE,STRAIGHT & LEVEL,DAYLIGHT,False,2014-06-13 06:40:00-04:00,38.2063758,-85.7759291,False,False,FRIDAY,767,2014,6,13,6,40,True
LOUISVILLE METRO POLICE DEPT,KY0864,,LOGAN,ST,,14.693,,MARY,,,,,2,1,CLEAR,DRY,True,STATE,COLLISION WITH BICYCLE,SINGLE VEHICLE,STRAIGHT & LEVEL,DAYLIGHT,False,2014-06-13 18:30:00-04:00,38.2342361,-85.7398033,False,False,FRIDAY,768,2014,6,13,18,30,True
LOUISVILLE METRO POLICE DEPT,KY3082,,BANK,ST,,1.201,,,,,,,2,1,CLEAR,DRY,False,STATE,COLLISION WITH BICYCLIST,SINGLE VEHICLE,STRAIGHT & LEVEL,DAYLIGHT,False,2014-06-15 20:09:00-04:00,38.2686519,-85.7891085,True,False,SUNDAY,769,2014,6,15,20,9,False
LOUISVILLE METRO POLICE DEPT,US0150,,22ND,ST,N,0.25,,,,,,,2,1,CLEAR,DRY,True,FEDERAL,COLLISION WITH BICYCLIST,SINGLE VEHICLE,STRAIGHT & LEVEL,DAYLIGHT,False,2014-06-16 17:17:00-04:00,38.266566667,-85.78355,True,False,MONDAY,770,2014,6,16,17,17,False
LOUISVILLE METRO POLICE DEPT,US0031E,,BARDSTOWN,RD,,11.342,,BASHFORD MANOR,,,,,2,1,CLOUDY,DRY,False,FEDERAL,COLLISION WITH BICYCLE,SINGLE VEHICLE,STRAIGHT & GRADE,DAYLIGHT,False,2014-06-20 09:58:00-04:00,38.2029493,-85.6643764,False,False,FRIDAY,771,2014,6,20,9,58,True
LOUISVILLE METRO POLICE DEPT,,,15TH,ST,S,2.212,US0031W,MARKET,,,,,2,1,CLEAR,DRY,False,LOCAL STREET,COLLISION WITH BICYCLE,SINGLE VEHICLE,STRAIGHT & LEVEL,DAYLIGHT,False,2014-06-21 09:13:00-04:00,38.2572393,-85.774975,False,True,SATURDAY,772,2014,6,21,9,13,True
JEFFERSONTOWN POLICE DEPT,,,OLD SIX MILE,LN,,0.442,,,,TREE,,BALSAM,2,1,CLOUDY,DRY,False,LOCAL STREET,COLLISION WITH BICYCLIST,SINGLE VEHICLE,STRAIGHT & LEVEL,DAYLIGHT,False,2014-06-21 12:25:00-04:00,38.2004833,-85.5781838,True,False,SATURDAY,773,2014,6,21,12,25,False
LOUISVILLE METRO POLICE DEPT,,,EXMOOR,AVE,,0.228,,,,FOXBORO,,FEELINGS,2,1,CLOUDY,DRY,True,LOCAL STREET,COLLISION WITH BICYCLIST,SINGLE VEHICLE,CURVE & GRADE,DAYLIGHT,False,2014-06-22 13:38:00-04:00,38.2585466,-85.5655333,False,False,SUNDAY,774,2014,6,22,13,38,False
LOUISVILLE METRO POLICE DEPT,US0150,,DR W J HODGE,ST,,0.841,US0150T,MARKET,,,,,2,1,CLEAR,DRY,False,FEDERAL,COLLISION WITH BICYCLE,SINGLE VEHICLE,STRAIGHT & LEVEL,DAYLIGHT,False,2014-06-23 12:35:00-04:00,38.258351,-85.7849061,True,False,MONDAY,775,2014,6,23,12,35,False
LOUISVILLE METRO POLICE DEPT,,,9TH,ST,S,0.441,,KENTUCKY,,,,,2,1,CLEAR,DRY,True,LOCAL STREET,COLLISION WITH BICYCLE,SINGLE VEHICLE,STRAIGHT & LEVEL,DAWN,False,2014-06-24 00:00:00-04:00,38.2405249,-85.7678111,False,False,TUESDAY,776,2014,6,24,0,0,False
LOUISVILLE METRO POLICE DEPT,KY3082,,BANK,ST,,0.928,,28TH,,,,,2,1,CLEAR,DRY,False,STATE,COLLISION WITH BICYCLE,SINGLE VEHICLE,STRAIGHT & LEVEL,DAYLIGHT,False,2014-06-24 13:46:00-04:00,38.2703069,-85.7936655,True,False,TUESDAY,777,2014,6,24,13,46,False
LOUISVILLE METRO POLICE DEPT,KY2251,4032.0,BARDSTOWN,RD,,0.258,,,,,,,2,1,CLEAR,DRY,True,STATE,COLLISION WITH BICYCLIST,SINGLE VEHICLE,STRAIGHT & LEVEL,DAYLIGHT,False,2014-06-25 09:22:00-04:00,38.19241,-85.6476221,True,False,WEDNESDAY,778,2014,6,25,9,22,False
LOUISVILLE METRO POLICE DEPT,KY2050,,HERR,LN,,1.771,,,,,,,2,1,CLEAR,DRY,False,STATE,COLLISION WITH BICYCLIST,SINGLE VEHICLE,STRAIGHT & LEVEL,DAYLIGHT,False,2014-06-27 10:14:00-04:00,38.2788402,-85.6238445,True,False,FRIDAY,779,2014,6,27,10,14,False
LOUISVILLE METRO POLICE DEPT,KY3082,,BANK,ST,,1.274,,,,,,,2,1,CLEAR,DRY,True,STATE,COLLISION WITH BICYCLIST,SINGLE VEHICLE,STRAIGHT & LEVEL,DAWN,False,2014-06-28 22:10:00-04:00,38.2682129,-85.7879043,True,False,SATURDAY,780,2014,6,28,22,10,False
LOUISVILLE METRO POLICE DEPT,,,SOUTHERN HEIGHTS,AVE,E,0.312,,,,,,,2,2,CLEAR,DRY,False,LOCAL STREET,COLLISION WITH BICYCLIST,ANGLE,STRAIGHT & LEVEL,DAYLIGHT,False,2014-07-03 20:18:00-04:00,38.1890757,-85.7578255,False,False,THURSDAY,781,2014,7,3,20,18,False
LOUISVILLE METRO POLICE DEPT,,,LONGFIELD,AVE,,1.154,,POWELL,,,,,2,1,CLEAR,DRY,True,LOCAL STREET,COLLISION WITH BICYCLE,SINGLE VEHICLE,STRAIGHT & LEVEL,DAYLIGHT,False,2014-07-04 18:22:00-04:00,38.1988089,-85.7896545,False,False,FRIDAY,782,2014,7,4,18,22,False
LOUISVILLE METRO POLICE DEPT,KY1865,,TAYLOR,BLVD,,5.762,,,,,,,2,1,CLEAR,DRY,False,STATE,COLLISION WITH BICYCLIST,SINGLE VEHICLE,STRAIGHT & LEVEL,DARK-HWY LIGHTED/ON,False,2014-07-04 23:50:00-04:00,38.1899864,-85.7833781,False,False,FRIDAY,783,2014,7,4,23,50,False
LOUISVILLE METRO POLICE DEPT,US0031W,,MARKET,ST,W,21.966,,,US0031E ,3RD,US0031W,2ND,2,1,CLEAR,DRY,False,FEDERAL,COLLISION WITH BICYCLIST,SINGLE VEHICLE,STRAIGHT & LEVEL,DAYLIGHT,False,2014-07-09 12:02:00-04:00,38.2550049,-85.7547467,False,False,WEDNESDAY,784,2014,7,9,12,2,False
LOUISVILLE METRO POLICE DEPT,US0060A,,EASTERN,PKWY,,4.853,,DELOR,,,,,2,1,CLEAR,DRY,False,FEDERAL,COLLISION WITH BICYCLE,SINGLE VEHICLE,STRAIGHT & LEVEL,DUSK,False,2014-07-09 20:11:00-04:00,38.2171117,-85.7385799,True,False,WEDNESDAY,785,2014,7,9,20,11,False
LOUISVILLE METRO POLICE DEPT,KY1020,,SOUTHERN PKY,,,8.955,,KENTON,,,,,2,1,CLEAR,DRY,False,STATE,COLLISION WITH BICYCLE,SINGLE VEHICLE,CURVE & LEVEL,DAYLIGHT,False,2014-07-12 00:00:00-04:00,38.1981389,-85.7668827,False,False,SATURDAY,786,2014,7,12,0,0,False
LOUISVILLE METRO POLICE DEPT,,,WAYCROSS,AVE,,0.66,KY2053,MT WASHINGTON,,,,,2,1,CLOUDY,DRY,False,LOCAL STREET,COLLISION WITH BICYCLE,SINGLE VEHICLE,STRAIGHT & LEVEL,DUSK,False,2014-07-14 20:33:00-04:00,38.0912207,-85.6550266,True,False,MONDAY,787,2014,7,14,20,33,False
LOUISVILLE METRO POLICE DEPT,KY0061,,PRESTON,HWY,,6.339,,INDIAN,,,,,2,1,CLEAR,DRY,False,STATE,COLLISION WITH BICYCLE,SINGLE VEHICLE,STRAIGHT & LEVEL,DAYLIGHT,False,2014-07-15 13:08:00-04:00,38.1687574,-85.7065798,True,False,TUESDAY,788,2014,7,15,13,8,False
LOUISVILLE METRO POLICE DEPT,US0031E,,MAIN,ST,E,17.343,KY0061,JACKSON,,,,,2,1,CLEAR,DRY,False,FEDERAL,COLLISION WITH BICYCLE,SINGLE VEHICLE,STRAIGHT & LEVEL,DAYLIGHT,False,2014-07-17 20:01:00-04:00,38.2552306,-85.7438409,True,False,THURSDAY,789,2014,7,17,20,1,False
LOUISVILLE METRO POLICE DEPT,US0150,,BROADWAY,,E,2.656,,1ST,,,,,2,1,CLOUDY,DRY,False,FEDERAL,COLLISION WITH BICYCLE,SINGLE VEHICLE,STRAIGHT & LEVEL,DUSK,False,2014-07-20 20:02:00-04:00,38.2457147,-85.7533729,True,False,SUNDAY,790,2014,7,20,20,2,False
LOUISVILLE METRO POLICE DEPT,KY3077,131.0,RIVER,RD,,0.583,,,,,,,2,1,CLEAR,DRY,False,STATE,COLLISION WITH BICYCLIST,SINGLE VEHICLE,CURVE & LEVEL,DAYLIGHT,False,2014-07-21 00:36:00-04:00,38.2588179,-85.7504965,True,False,MONDAY,791,2014,7,21,0,36,False
LOUISVILLE METRO POLICE DEPT,US0031W,,22ND,ST,S,20.209,,,,,,,2,1,CLEAR,DRY,False,FEDERAL,COLLISION WITH BICYCLIST,SINGLE VEHICLE,STRAIGHT & LEVEL,DAYLIGHT,False,2014-07-21 16:47:00-04:00,38.2585352,-85.7865611,True,False,MONDAY,792,2014,7,21,16,47,False
JEFFERSONTOWN POLICE DEPT,,,LETHBOROUGH,DR,,0.384,,MODESTO,,,,,2,1,CLEAR,DRY,False,LOCAL STREET,COLLISION WITH BICYCLE,SINGLE VEHICLE,STRAIGHT & LEVEL,DARK-HWY LIGHTED/ON,False,2014-07-23 21:51:00-04:00,38.1896176,-85.5869244,True,False,WEDNESDAY,793,2014,7,23,21,51,False
LOUISVILLE METRO POLICE DEPT,,,LOUIS COLEMAN JR,,,,,,,MAGNOLIA,,WOODLAND,2,1,CLEAR,DRY,False,LOCAL STREET,COLLISION WITH BICYCLIST,SINGLE VEHICLE,STRAIGHT & LEVEL,DAYLIGHT,False,2014-07-24 10:10:00-04:00,38.23795,-85.807016667,True,False,THURSDAY,794,2014,7,24,10,10,False
LOUISVILLE METRO POLICE DEPT,KY2052,,SHEPHERDSVILLE,RD,,0.34,,RONWOOD,,,,,2,1,CLEAR,DRY,False,STATE,COLLISION WITH BICYCLE,SINGLE VEHICLE,CURVE & HILLCREST,DAYLIGHT,False,2014-07-24 19:15:00-04:00,38.1436486,-85.6598524,True,False,THURSDAY,795,2014,7,24,19,15,False
LOUISVILLE METRO POLICE DEPT,,,4TH,ST,S,3.219,US0060A,WINKLER,,,,,2,1,CLEAR,DRY,False,LOCAL STREET,COLLISION WITH BICYCLE,SINGLE VEHICLE,STRAIGHT & LEVEL,DAYLIGHT,False,2014-07-28 14:49:00-04:00,38.2103886,-85.7646889,True,False,MONDAY,796,2014,7,28,14,49,True
LOUISVILLE METRO POLICE DEPT,,,4TH,ST,S,0.247,,LIBERTY,,,,,2,1,CLEAR,DRY,False,LOCAL STREET,COLLISION WITH BICYCLE,SINGLE VEHICLE,STRAIGHT & LEVEL,DAWN,False,2014-07-28 14:55:00-04:00,38.2530693,-85.7571514,True,False,MONDAY,797,2014,7,28,14,55,True
LOUISVILLE METRO POLICE DEPT,KY0146,,LA GRANGE,RD,,2.922,,MILLGATE,,,,,2,1,CLEAR,DRY,False,STATE,COLLISION WITH BICYCLE,SINGLE VEHICLE,STRAIGHT & LEVEL,DAYLIGHT,False,2014-07-29 08:21:00-04:00,38.2707579,-85.5746646,True,False,TUESDAY,798,2014,7,29,8,21,False
ST. MATTHEWS POLICE DEPARTMENT,,,BROWNS,LN,,1.006,,KRESGE,,,,,2,1,CLEAR,DRY,False,LOCAL STREET,COLLISION WITH BICYCLE,SINGLE VEHICLE,STRAIGHT & LEVEL,DAYLIGHT,False,2014-07-29 09:53:00-04:00,38.2414803,-85.6352989,True,False,TUESDAY,799,2014,7,29,9,53,True
LOUISVILLE METRO POLICE DEPT,US0031E,,BARDSTOWN,RD,,14.323,,DUKER,,,,,2,1,CLEAR,DRY,False,FEDERAL,COLLISION WITH BICYCLE,SINGLE VEHICLE,STRAIGHT & LEVEL,DAYLIGHT,False,2014-07-29 15:42:00-04:00,38.2303013,-85.7040399,True,False,TUESDAY,800,2014,7,29,15,42,False