investigating_agency,roadway_number,building_number,roadway_name,roadway_suffix,roadway_direction,milepoint,intersection_roadway_number,intersection_roadway_name,between_street_number_1,between_street_name_1,between_street_number_2,between_street_name_2,units_involved,motor_vehicles_involved,weather,roadway_condition,hit_and_run_indicator,roadway_type,directional_analysis,manner_of_collision,roadway_character,light_condition,secondary_collision_indicator,date,latitude,longitude,injury_indicator,fatality_indicator,day_of_week,accident_id,year,month,day,hour,minute,lighted_signal_indicator
LOUISVILLE METRO POLICE DEPT,,,MALCOLM,RD,,0.136,,,,,,,2,1,CLEAR,DRY,False,LOCAL STREET,COLLISION WITH BICYCLIST,SINGLE VEHICLE,STRAIGHT & LEVEL,DAYLIGHT,False,2014-07-29 16:39:00-04:00,38.1776859,-85.8102489,False,False,TUESDAY,801,2014,7,29,16,39,False
LOUISVILLE METRO POLICE DEPT,US0060A,,LEXINGTON,RD,,8.763,,ALTA VISTA,,,,,2,1,CLEAR,DRY,False,FEDERAL,COLLISION WITH BICYCLE,SINGLE VEHICLE,STRAIGHT & LEVEL,DAYLIGHT,False,2014-07-31 10:15:00-04:00,38.2453683,-85.6878967,False,False,THURSDAY,802,2014,7,31,10,15,False
LOUISVILLE METRO POLICE DEPT,KY1865,,NEW CUT,RD,,2.33,,BAKERS,,,,,2,1,CLEAR,DRY,True,STATE,COLLISION WITH BICYCLE,SINGLE VEHICLE,STRAIGHT & HILLCREST,DAYLIGHT,False,2014-08-01 12:05:00-04:00,38.1409595,-85.7742197,True,False,FRIDAY,803,2014,8,1,12,5,False
LOUISVILLE METRO POLICE DEPT,,1900.0,ROANOKE,AVE,,0.015,,,,,,,2,1,CLEAR,DRY,False,LOCAL STREET,COLLISION WITH BICYCLIST,SINGLE VEHICLE,STRAIGHT & LEVEL,DAYLIGHT,False,2014-08-03 19:34:00-04:00,38.2276331,-85.7002084,True,False,SUNDAY,804,2014,8,3,19,34,False
LOUISVILLE METRO POLICE DEPT,,,DIXIE,HWY,,0.909,,DUMESNIL,,,,,2,1,CLEAR,DRY,False,LOCAL STREET,COLLISION WITH BICYCLE,SINGLE VEHICLE,STRAIGHT & LEVEL,DAYLIGHT,False,2014-08-05 06:53:00-04:00,38.2364162,-85.7871666,True,False,TUESDAY,805,2014,8,5,6,53,True
LOUISVILLE METRO POLICE DEPT,KY1020,,3RD,ST,S,12.447,,MUHAMMAD ALI,,,,,2,1,RAINING,WET,False,STATE,COLLISION WITH BICYCLE,SINGLE VEHICLE,STRAIGHT & LEVEL,DAWN,False,2014-08-08 06:38:00-04:00,38.2509522,-85.7558357,True,False,FRIDAY,806,2014,8,8,6,38,True
LOUISVILLE METRO POLICE DEPT,,,KINROSS,BLVD,,0.221,,ETHAN ALLEN,,,,,2,1,CLOUDY,DRY,False,LOCAL STREET,COLLISION WITH BICYCLE,SINGLE VEHICLE,STRAIGHT & LEVEL,DAYLIGHT,False,2014-08-08 17:00:00-04:00,38.0607204,-85.8917303,True,False,FRIDAY,807,2014,8,8,17,0,False
LOUISVILLE METRO POLICE DEPT,,,QUIET,WAY,,0.102,,NORENE,,,,,2,1,CLEAR,DRY,False,LOCAL STREET,COLLISION WITH BICYCLE,SINGLE VEHICLE,STRAIGHT & LEVEL,DARK-HWY NOT LIGHTED,False,2014-08-08 21:29:00-04:00,38.1618318,-85.6818669,True,False,FRIDAY,808,2014,8,8,21,29,False
ST. MATTHEWS POLICE DEPARTMENT,US0060,,SHELBYVILLE,RD,,4.851,,,,,,,2,1,CLEAR,DRY,False,FEDERAL,COLLISION WITH BICYCLIST,SINGLE VEHICLE,STRAIGHT & LEVEL,DAYLIGHT,False,2014-08-09 16:05:00-04:00,38.2509702,-85.631815,True,False,SATURDAY,809,2014,8,9,16,5,False
LOUISVILLE METRO POLICE DEPT,,,OAK,ST,W,0.547,,7TH,,,,,2,1,CLEAR,DRY,False,LOCAL STREET,COLLISION WITH BICYCLE,SINGLE VEHICLE,STRAIGHT & LEVEL,DAYLIGHT,False,2014-08-09 18:30:00-04:00,38.2354917,-85.7653342,True,False,SATURDAY,810,2014,8,9,18,30,True
LOUISVILLE METRO POLICE DEPT,US0060,,SHELBYVILLE,RD,,10.981,,,,JUNEAU,KY2840,OLD SHELBYVILLE,2,1,CLOUDY,DRY,False,FEDERAL,COLLISION WITH BICYCLIST,SINGLE VEHICLE,STRAIGHT & LEVEL,DAYLIGHT,False,2014-08-10 15:28:00-04:00,38.2443849,-85.5222997,True,False,SUNDAY,811,2014,8,10,15,28,False
LOUISVILLE METRO POLICE DEPT,,,ARCADE,AVE,,0.054,US0060A,TAYLOR,,,,,2,1,CLEAR,DRY,False,LOCAL STREET,COLLISION WITH BICYCLE,SINGLE VEHICLE,STRAIGHT & LEVEL,DAYLIGHT,True,2014-08-10 20:00:00-04:00,38.2027579,-85.7820663,False,False,SUNDAY,812,2014,8,10,20,0,True
LOUISVILLE METRO POLICE DEPT,,,WURTELE,AVE,,0.316,,,,COLORADO,,LINDBERGH,2,1,CLEAR,DRY,False,LOCAL STREET,COLLISION WITH BICYCLIST,SINGLE VEHICLE,STRAIGHT & LEVEL,DAYLIGHT,False,2014-08-12 18:16:00-04:00,38.2117112,-85.7790588,True,False,TUESDAY,813,2014,8,12,18,16,False
SHIVELY POLICE DEPARTMENT,US0031W,,DIXIE,HWY,,14.973,,,,,,,2,1,CLEAR,DRY,False,FEDERAL,COLLISION WITH BICYCLIST,SINGLE VEHICLE,STRAIGHT & LEVEL,DAYLIGHT,False,2014-08-15 14:38:00-04:00,38.1877007,-85.8112202,True,False,FRIDAY,814,2014,8,15,14,38,False
LOUISVILLE METRO POLICE DEPT,,,SOUTHERN PKY,,,0.542,,,,,,,2,1,CLEAR,DRY,False,LOCAL STREET,COLLISION WITH BICYCLIST,SINGLE VEHICLE,STRAIGHT & LEVEL,DAYLIGHT,False,2014-08-18 13:05:00-04:00,38.1754168,-85.7736916,True,False,MONDAY,815,2014,8,18,13,5,False
LOUISVILLE METRO POLICE DEPT,,,3RD,ST,N,0.002,US0031W,MAIN,,,,,2,1,CLEAR,DRY,False,LOCAL STREET,COLLISION WITH BICYCLE,SINGLE VEHICLE,STRAIGHT & LEVEL,DAYLIGHT,False,2014-08-19 15:10:00-04:00,38.2564246,-85.7548881,True,False,TUESDAY,816,2014,8,19,15,10,False
LOUISVILLE METRO POLICE DEPT,,,WILSON,AVE,,0.845,,,,,,,2,1,CLEAR,DRY,False,LOCAL STREET,COLLISION WITH BICYCLIST,SINGLE VEHICLE,STRAIGHT & LEVEL,DAWN,False,2014-08-22 07:30:00-04:00,38.2348921,-85.7905035,True,False,FRIDAY,817,2014,8,22,7,30,False
LOUISVILLE METRO POLICE DEPT,,,WHISPERING HILLS,BLVD,,0.087,,BILLIE,,,,,2,1,RAINING,WET,False,COUNTY ROAD,COLLISION WITH BICYCLE,SINGLE VEHICLE,CURVE & HILLCREST,DARK-HWY LIGHTED/OFF,False,2014-08-22 23:55:00-04:00,38.1488918,-85.6583464,True,False,FRIDAY,818,2014,8,22,23,55,False
LOUISVILLE METRO POLICE DEPT,,,MUHAMMAD ALI,BLVD,E,0.73,KY0061,PRESTON,,,,,2,1,CLOUDY,WET,False,LOCAL STREET,COLLISION WITH BICYCLE,SINGLE VEHICLE,STRAIGHT & LEVEL,DAYLIGHT,False,2014-08-23 17:15:00-04:00,38.2500491,-85.746915,True,False,SATURDAY,819,2014,8,23,17,15,False
LOUISVILLE METRO POLICE DEPT,KY1020,,SOUTHERN PKY,,,9.15,,3RD,,,,,2,1,RAINING,WET,False,STATE,COLLISION WITH BICYCLE,SINGLE VEHICLE,STRAIGHT & LEVEL,DARK-HWY LIGHTED/ON,False,2014-08-23 20:34:00-04:00,38.2006006,-85.7651065,True,False,SATURDAY,820,2014,8,23,20,34,False
LOUISVILLE METRO POLICE DEPT,,,MAGNOLIA,AVE,W,0.621,,7TH,,,,,2,1,CLEAR,DRY,False,COUNTY ROAD,COLLISION WITH BICYCLE,SINGLE VEHICLE,STRAIGHT & GRADE,DAYLIGHT,False,2014-08-24 17:09:00-04:00,38.2297726,-85.7676954,True,False,SUNDAY,821,2014,8,24,17,9,False
LOUISVILLE METRO POLICE DEPT,,,DIXIE,HWY,,1.008,,,,WILSON,,ORMSBY,2,1,RAINING,WET,False,COUNTY ROAD,COLLISION WITH BICYCLIST,SINGLE VEHICLE,STRAIGHT & LEVEL,DARK-HWY LIGHTED/ON,False,2014-08-26 21:15:00-04:00,38.2350546,-85.7877396,True,False,TUESDAY,822,2014,8,26,21,15,False
UNIV. OF LOUISVILLE POLICE,,2100.0,FLOYD,ST,S,2.746,,,,,,,2,1,CLEAR,DRY,False,LOCAL STREET,COLLISION WITH BICYCLIST,SINGLE VEHICLE,STRAIGHT & LEVEL,DAYLIGHT,False,2014-08-28 11:22:00-04:00,38.2157659,-85.7549757,False,False,THURSDAY,823,2014,8,28,11,22,False
LOUISVILLE METRO POLICE DEPT,US0060,,FRANKFORT,AVE,,2.16,,RESERVOIR,,,,,2,1,CLEAR,DRY,False,FEDERAL,COLLISION WITH BICYCLE,SINGLE VEHICLE,STRAIGHT & LEVEL,DAYLIGHT,False,2014-08-29 08:32:00-04:00,38.2545149,-85.6809143,True,False,FRIDAY,824,2014,8,29,8,32,False
LOUISVILLE METRO POLICE DEPT,KY1931,,7TH,ST,,10.281,,TENNESSEE,,,,,2,1,CLEAR,DRY,False,STATE,COLLISION WITH BICYCLE,SINGLE VEHICLE,STRAIGHT & LEVEL,DAYLIGHT,False,2014-08-29 18:45:00-04:00,38.2176322,-85.7798889,True,False,FRIDAY,825,2014,8,29,18,45,False
LOUISVILLE METRO POLICE DEPT,,,24TH,ST,N,0.359,,,,,,,2,1,CLEAR,DRY,True,LOCAL STREET,COLLISION WITH BICYCLIST,SINGLE VEHICLE,CURVE & LEVEL,DAYLIGHT,False,2014-09-02 16:02:00-04:00,38.265341,-85.7882314,False,False,TUESDAY,826,2014,9,2,16,2,False
LOUISVILLE METRO POLICE DEPT,KY1020,,2ND,ST,S,11.413,,,,,,,2,1,CLEAR,DRY,False,STATE,COLLISION WITH BICYCLIST,SINGLE VEHICLE,STRAIGHT & LEVEL,DAYLIGHT,False,2014-09-04 12:06:00-04:00,38.2351799,-85.7571415,True,False,THURSDAY,827,2014,9,4,12,6,False
LOUISVILLE METRO POLICE DEPT,,,MANSLICK,CT,,0.039,,,,,,,2,1,CLOUDY,DRY,True,LOCAL STREET,COLLISION WITH BICYCLIST,SINGLE VEHICLE,STRAIGHT & LEVEL,DARK-HWY NOT LIGHTED,False,2014-09-04 23:49:00-04:00,38.19171,-85.8015302,True,False,THURSDAY,828,2014,9,4,23,49,False
LOUISVILLE METRO POLICE DEPT,KY0907,,3RD,ST,,5.6,,,,CARTLEDGE,,TWIN WILLOWS,2,1,CLEAR,DRY,False,STATE,COLLISION WITH BICYCLIST,SINGLE VEHICLE,CURVE & LEVEL,DARK-HWY LIGHTED/OFF,False,2014-09-06 21:40:00-04:00,38.13834,-85.7841601,True,False,SATURDAY,829,2014,9,6,21,40,False
LOUISVILLE METRO POLICE DEPT,US0031E,,MARKET,ST,E,17.489,,FLOYD,,,,,2,1,CLEAR,DRY,True,FEDERAL,COLLISION WITH BICYCLE,SINGLE VEHICLE,STRAIGHT & LEVEL,DAYLIGHT,False,2014-09-07 17:41:00-04:00,38.2543042,-85.7481601,True,False,SUNDAY,830,2014,9,7,17,41,False
LOUISVILLE METRO POLICE DEPT,,,HANCOCK,ST,S,1.296,,,,KENTUCKY,,SAINT CATHERINE,2,1,CLEAR,DRY,False,LOCAL STREET,COLLISION WITH BICYCLIST,SINGLE VEHICLE,STRAIGHT & LEVEL,DAYLIGHT,False,2014-09-10 15:39:00-04:00,38.2362327,-85.7451558,True,False,WEDNESDAY,831,2014,9,10,15,39,False
LOUISVILLE METRO POLICE DEPT,US0031W,,DIXIE,HWY,,13.205,,,,UPPER HUNTERS,,BONNYVILLE,2,1,CLEAR,DRY,False,FEDERAL,COLLISION WITH BICYCLIST,SINGLE VEHICLE,STRAIGHT & LEVEL,DAYLIGHT,False,2014-09-11 16:20:00-04:00,38.1672878,-85.8291547,False,False,THURSDAY,832,2014,9,11,16,20,False
LOUISVILLE METRO POLICE DEPT,,,GARDINER,LN,,0.64,,,,,,,2,1,CLOUDY,DRY,False,LOCAL STREET,COLLISION WITH BICYCLIST,SINGLE VEHICLE,CURVE & LEVEL,DAYLIGHT,False,2014-09-11 16:39:00-04:00,38.1969139,-85.6973096,True,False,THURSDAY,833,2014,9,11,16,39,False
LOUISVILLE METRO POLICE DEPT,,3121.0,DEL PARK,TER,,0.053,,,,,,,2,1,CLEAR,DRY,False,LOCAL STREET,COLLISION WITH BICYCLIST,SINGLE VEHICLE,STRAIGHT & LEVEL,DAYLIGHT,False,2014-09-13 14:38:00-04:00,38.2527039,-85.8037598,True,False,SATURDAY,834,2014,9,13,14,38,False
ST. MATTHEWS POLICE DEPARTMENT,KY0146,7321.0,NEW LA GRANGE,RD,,0.136,,,,,,,2,1,CLEAR,DRY,False,STATE,COLLISION WITH BICYCLIST,SINGLE VEHICLE,STRAIGHT & LEVEL,DAYLIGHT,False,2014-09-13 19:20:00-04:00,38.2513551,-85.6159809,True,False,SATURDAY,835,2014,9,13,19,20,False
LOUISVILLE METRO POLICE DEPT,,,DIXIE,HWY,,1.495,,HILL,,,,,2,1,CLEAR,DRY,False,LOCAL STREET,COLLISION WITH BICYCLE,SINGLE VEHICLE,STRAIGHT & LEVEL,DARK-HWY LIGHTED/ON,False,2014-09-14 20:31:00-04:00,38.2283221,-85.7904476,True,False,SUNDAY,836,2014,9,14,20,31,True
LOUISVILLE METRO POLICE DEPT,,,4TH,ST,S,0.734,US0150,BROADWAY,,,,,2,1,CLEAR,DRY,False,LOCAL STREET,COLLISION WITH BICYCLE,SINGLE VEHICLE,STRAIGHT & LEVEL,DAYLIGHT,False,2014-09-16 17:14:00-04:00,38.2460788,-85.7583797,True,False,TUESDAY,837,2014,9,16,17,14,False
ST. MATTHEWS POLICE DEPARTMENT,US0060,,SHELBYVILLE,RD,,3.928,,RIDGEWAY,,,,,2,1,RAINING,WET,False,FEDERAL,COLLISION WITH BICYCLE,SINGLE VEHICLE,STRAIGHT & LEVEL,DARK-HWY LIGHTED/ON,False,2014-09-16 23:15:00-04:00,38.2523899,-85.6491338,True,False,TUESDAY,838,2014,9,16,23,15,False
LOUISVILLE METRO POLICE DEPT,KY1020,,NATIONAL,TPKE,,3.45,,GLENGARRY,,,,,2,1,CLEAR,DRY,False,STATE,COLLISION WITH BICYCLE,SINGLE VEHICLE,STRAIGHT & LEVEL,DAYLIGHT,False,2014-09-17 17:37:00-04:00,38.1236481,-85.748482,True,False,WEDNESDAY,839,2014,9,17,17,37,False
SHIVELY POLICE DEPARTMENT,US0031W,,DIXIE,HWY,,15.238,,GARRS,,,,,2,1,CLEAR,DRY,False,FEDERAL,COLLISION WITH BICYCLE,SINGLE VEHICLE,STRAIGHT & LEVEL,DAYLIGHT,False,2014-09-18 22:29:00-04:00,38.1908921,-85.808877,False,False,THURSDAY,840,2014,9,18,22,29,True
LOUISVILLE METRO POLICE DEPT,US0042,,BROWNSBORO,RD,,1.939,,IDLEWYLDE,,,,,2,1,CLEAR,DRY,False,FEDERAL,COLLISION WITH BICYCLE,SINGLE VEHICLE,STRAIGHT & GRADE,DAYLIGHT,False,2014-09-20 12:14:00-04:00,38.2584215,-85.7002718,True,False,SATURDAY,841,2014,9,20,12,14,False
LOUISVILLE METRO POLICE DEPT,,,NORTON HEALTHCARE,BLVD,,0.375,,,,,,,2,1,CLEAR,DRY,False,LOCAL STREET,COLLISION WITH BICYCLIST,SINGLE VEHICLE,CURVE & LEVEL,DAYLIGHT,False,2014-09-20 14:32:00-04:00,38.3148924,-85.5747049,True,False,SATURDAY,842,2014,9,20,14,32,False
LOUISVILLE METRO POLICE DEPT,KY2845,,MANSLICK,RD,E,0.08,,,,,,,2,1,CLEAR,DRY,False,STATE,COLLISION WITH BICYCLIST,SINGLE VEHICLE,STRAIGHT & HILLCREST,DARK-HWY LIGHTED/OFF,False,2014-09-20 20:50:00-04:00,38.1183364,-85.675714,True,False,SATURDAY,843,2014,9,20,20,50,False
LOUISVILLE METRO POLICE DEPT,,,RIVER,RD,,6.414,,,,SHIRLEY,,CARSLAW,2,1,CLEAR,DRY,False,LOCAL STREET,COLLISION WITH BICYCLIST,SINGLE VEHICLE,STRAIGHT & LEVEL,DAYLIGHT,False,2014-09-21 15:28:00-04:00,38.343249,-85.6216464,True,False,SUNDAY,844,2014,9,21,15,28,False
ST. MATTHEWS POLICE DEPARTMENT,US0060,5000.0,SHELBYVILLE,RD,,5.243,,,,,,,2,1,CLEAR,DRY,False,FEDERAL,COLLISION WITH BICYCLIST,SINGLE VEHICLE,STRAIGHT & LEVEL,DAYLIGHT,False,2014-09-21 16:15:00-04:00,38.2503525,-85.6246135,True,False,SUNDAY,845,2014,9,21,16,15,False
LOUISVILLE METRO POLICE DEPT,KY1447,,WESTPORT,RD,,3.011,,,,ORMSBY,,APPLEWOOD,2,1,CLEAR,DRY,False,STATE,COLLISION WITH BICYCLIST,SINGLE VEHICLE,STRAIGHT & GRADE,DAYLIGHT,False,2014-09-25 11:30:00-04:00,38.2740339,-85.6090736,True,False,THURSDAY,846,2014,9,25,11,30,False
LOUISVILLE METRO POLICE DEPT,,,ST RITA,DR,,0.146,,NEWSTEAD,,,,,2,1,CLEAR,DRY,False,LOCAL STREET,COLLISION WITH BICYCLE,SINGLE VEHICLE,STRAIGHT & LEVEL,DARK-HWY NOT LIGHTED,False,2014-09-25 21:20:00-04:00,38.1293075,-85.6787995,True,False,THURSDAY,847,2014,9,25,21,20,False
LOUISVILLE METRO POLICE DEPT,US0031W,,DIXIE,HWY,,10.279,,,,,,,2,1,CLEAR,DRY,False,FEDERAL,COLLISION WITH BICYCLIST,SINGLE VEHICLE,STRAIGHT & LEVEL,DAYLIGHT,False,2014-09-30 12:52:00-04:00,38.1275382,-85.8501612,True,False,TUESDAY,848,2014,9,30,12,52,False
JEFFERSONTOWN POLICE DEPT,KY0155,,TAYLORSVILLE,RD,,9.349,,WATTERSON,,,,,2,1,CLEAR,DRY,False,STATE,COLLISION WITH BICYCLE,SINGLE VEHICLE,STRAIGHT & LEVEL,DAYLIGHT,False,2014-10-01 15:19:00-04:00,38.1942575,-85.5654457,True,False,WEDNESDAY,849,2014,10,1,15,19,True
LOUISVILLE METRO POLICE DEPT,,3600.0,REGATTA,WAY,,0.141,,,,,,,2,1,CLEAR,DRY,False,LOCAL STREET,COLLISION WITH BICYCLIST,SINGLE VEHICLE,STRAIGHT & LEVEL,DAYLIGHT,False,2014-10-03 18:48:00-04:00,38.2371465,-85.8139676,True,False,FRIDAY,850,2014,10,3,18,48,False
LOUISVILLE METRO POLICE DEPT,,,CRAIG,AVE,,0.414,,SOUTHERN HEIGHTS,,,,,2,1,CLOUDY,DRY,False,LOCAL STREET,COLLISION WITH BICYCLE,SINGLE VEHICLE,STRAIGHT & LEVEL,DAYLIGHT,True,2014-10-05 16:00:00-04:00,38.1898212,-85.7900132,True,False,SUNDAY,851,2014,10,5,16,0,False
LOUISVILLE METRO POLICE DEPT,KY0061,,PRESTON,ST,S,12.339,,,US0150  ,BROADWAY,US0150,BROADWAY,2,1,CLOUDY,WET,False,STATE,COLLISION WITH BICYCLIST,SINGLE VEHICLE,STRAIGHT & LEVEL,DAYLIGHT,False,2014-10-06 12:00:00-04:00,38.2449037,-85.7476634,False,False,MONDAY,852,2014,10,6,12,0,False
LOUISVILLE METRO POLICE DEPT,,,11TH,ST,S,0.735,US0150,BROADWAY,,,,,2,1,CLOUDY,DRY,False,LOCAL STREET,COLLISION WITH BICYCLE,SINGLE VEHICLE,STRAIGHT & LEVEL,DAYLIGHT,False,2014-10-11 14:12:00-04:00,38.2473698,-85.7699405,True,False,SATURDAY,853,2014,10,11,14,12,False
LOUISVILLE METRO POLICE DEPT,,,HILLVIEW DR,,,,,SOUTHSIDE,,,,,2,1,CLOUDY,DRY,False,LOCAL STREET,COLLISION WITH BICYCLE,ANGLE,STRAIGHT & LEVEL,DAYLIGHT,False,2014-10-11 14:30:00-04:00,38.151833333,-85.759266667,True,False,SATURDAY,854,2014,10,11,14,30,False
LOUISVILLE METRO POLICE DEPT,,,BURNETT,AVE,W,0.092,KY1020,2ND,,,,,2,1,CLEAR,DRY,True,LOCAL STREET,COLLISION WITH BICYCLE,SINGLE VEHICLE,STRAIGHT & LEVEL,DARK-HWY LIGHTED/ON,False,2014-10-12 03:12:00-04:00,38.2269632,-85.7583849,True,False,SUNDAY,855,2014,10,12,3,12,True
LOUISVILLE METRO POLICE DEPT,,,23RD,ST,S,1.596,,,,,,,2,1,RAINING,WET,False,LOCAL STREET,COLLISION WITH BICYCLIST,SINGLE VEHICLE,STRAIGHT & LEVEL,DARK-HWY LIGHTED/ON,False,2014-10-13 22:01:00-04:00,38.2312075,-85.7945227,True,False,MONDAY,856,2014,10,13,22,1,False
LOUISVILLE METRO POLICE DEPT,,,PHILLIPS,LN,,0.713,,,,EMBERSON,,EMBERSON,2,1,RAINING,WET,False,LOCAL STREET,COLLISION WITH BICYCLIST,SINGLE VEHICLE,STRAIGHT & LEVEL,DARK-HWY LIGHTED/ON,False,2014-10-15 21:50:00-04:00,38.1932306,-85.740093,False,False,WEDNESDAY,857,2014,10,15,21,50,False
LOUISVILLE METRO POLICE DEPT,,,35TH,ST,S,0.043,,MARKET,,,,,2,1,CLEAR,DRY,False,LOCAL STREET,COLLISION WITH BICYCLE,SINGLE VEHICLE,STRAIGHT & LEVEL,DAYLIGHT,False,2014-10-16 10:00:00-04:00,38.2617151,-85.8083264,True,False,THURSDAY,858,2014,10,16,10,0,False
LOUISVILLE METRO POLICE DEPT,KY1230,,CANE RUN,RD,,4.295,,GLOBAL,,,,,2,1,CLOUDY,DRY,False,STATE,COLLISION WITH BICYCLE,SINGLE VEHICLE,STRAIGHT & LEVEL,DAYLIGHT,False,2014-10-20 12:13:00-04:00,38.1398737,-85.8972811,True,False,MONDAY,859,2014,10,20,12,13,False
LOUISVILLE METRO POLICE DEPT,,,ELEANOR,AVE,,1.194,,GARDINER,,,,,2,1,CLOUDY,WET,False,LOCAL STREET,COLLISION WITH BICYCLE,SINGLE VEHICLE,STRAIGHT & LEVEL,DAWN,False,2014-10-21 07:54:00-04:00,38.2111546,-85.6751406,True,False,TUESDAY,860,2014,10,21,7,54,False
LOUISVILLE METRO POLICE DEPT,,,BRECKINRIDGE,ST,E,0.311,,BARRET,,,,,2,1,CLEAR,DRY,False,LOCAL STREET,COLLISION WITH BICYCLE,SINGLE VEHICLE,STRAIGHT & LEVEL,DAYLIGHT,False,2014-10-23 10:00:00-04:00,38.2403978,-85.7311172,False,False,THURSDAY,861,2014,10,23,10,0,False
LOUISVILLE METRO POLICE DEPT,,,8TH,ST,S,0.272,,LIBERTY,,,,,2,1,CLEAR,DRY,False,LOCAL STREET,COLLISION WITH BICYCLE,SINGLE VEHICLE,STRAIGHT & LEVEL,DAYLIGHT,False,2014-10-23 14:10:00-04:00,38.2534355,-85.7638325,True,False,THURSDAY,862,2014,10,23,14,10,True
LOUISVILLE METRO POLICE DEPT,US0031W,,MARKET,ST,W,21.615,,,,7TH,,6TH,2,1,CLEAR,DRY,False,FEDERAL,COLLISION WITH BICYCLIST,SINGLE VEHICLE,STRAIGHT & LEVEL,DAYLIGHT,False,2014-10-24 11:46:00-04:00,38.2556546,-85.7609108,False,False,FRIDAY,863,2014,10,24,11,46,False
LOUISVILLE METRO POLICE DEPT,US0060A,,LEXINGTON,RD,,10.337,,BAUER,,,,,2,1,CLEAR,DRY,True,FEDERAL,COLLISION WITH BICYCLE,SINGLE VEHICLE,STRAIGHT & LEVEL,DARK-HWY LIGHTED/ON,False,2014-10-26 02:31:00-04:00,38.251685,-85.660947,False,False,SUNDAY,864,2014,10,26,2,31,False
LOUISVILLE METRO POLICE DEPT,,,WILLIAM,ST,,0.217,US0060,FRANKFORT,,,,,2,1,CLEAR,DRY,False,LOCAL STREET,COLLISION WITH BICYCLE,SINGLE VEHICLE,STRAIGHT & LEVEL,DAYLIGHT,False,2014-10-27 08:45:00-04:00,38.2571625,-85.717781,False,False,MONDAY,865,2014,10,27,8,45,False
LOUISVILLE METRO POLICE DEPT,US0060A,,EASTERN,PKWY,,5.07,,BURNETT,,,,,2,1,CLEAR,DRY,False,FEDERAL,COLLISION WITH BICYCLE,SINGLE VEHICLE,STRAIGHT & LEVEL,DUSK,False,2014-10-28 19:10:00-04:00,38.2188864,-85.735287,False,False,TUESDAY,866,2014,10,28,19,10,False
LOUISVILLE METRO POLICE DEPT,,,CARNATION,DR,,0.274,,JESSAMINE,,,,,2,1,CLEAR,DRY,False,LOCAL STREET,COLLISION WITH BICYCLE,SINGLE VEHICLE,STRAIGHT & LEVEL,DAYLIGHT,False,2014-10-29 00:00:00-04:00,38.1392612,-85.8610375,True,False,WEDNESDAY,867,2014,10,29,0,0,False
LOUISVILLE METRO POLICE DEPT,KY1020,,3RD,ST,S,9.867,US0060A,WINKLER,,,,,2,1,CLEAR,DRY,False,STATE,COLLISION WITH BICYCLE,SINGLE VEHICLE,STRAIGHT & GRADE,DARK-HWY LIGHTED/ON,False,2014-11-03 18:32:00-05:00,38.2101462,-85.7629781,False,False,MONDAY,868,2014,11,3,18,32,True
LOUISVILLE METRO POLICE DEPT,,,HIKES,LN,,0.867,,,KY2251  ,BARDSTOWN,,GREEN MEADOWS,2,1,RAINING,WET,False,LOCAL STREET,COLLISION WITH BICYCLIST,SINGLE VEHICLE,STRAIGHT & LEVEL,DARK-HWY LIGHTED/ON,False,2014-11-05 18:50:00-05:00,38.1990689,-85.6599659,True,False,WEDNESDAY,869,2014,11,5,18,50,False
LOUISVILLE METRO POLICE DEPT,,,HEPBURN,AVE,,,,BARRET,,,,,2,1,RAINING,WET,False,LOCAL STREET,COLLISION WITH BICYCLE,ANGLE,STRAIGHT & GRADE,DAYLIGHT,False,2014-11-06 16:12:00-05:00,38.201666667,-85.536666667,False,False,THURSDAY,870,2014,11,6,16,12,False
LOUISVILLE METRO POLICE DEPT,US0031E,,BARDSTOWN,RD,,14.563,,,,SHERWOOD,,SHERWOOD,2,1,CLEAR,DRY,False,FEDERAL,COLLISION WITH BICYCLIST,SINGLE VEHICLE,STRAIGHT & LEVEL,DAYLIGHT,False,2014-11-07 14:45:00-05:00,38.2316374,-85.708185,False,False,FRIDAY,871,2014,11,7,14,45,False
INDIAN HILLS POLICE DEPARTMENT,,,RIVER,RD,,1.181,,,,INDIAN HILLS,,RIVERSIDE,2,1,CLEAR,DRY,False,LOCAL STREET,COLLISION WITH BICYCLIST,SINGLE VEHICLE,STRAIGHT & LEVEL,DAYLIGHT,False,2014-11-14 17:00:00-05:00,38.2906322,-85.6808092,True,False,FRIDAY,872,2014,11,14,17,0,False
LOUISVILLE METRO POLICE DEPT,,,INDIAN,TRL,E,0.001,KY0061,PRESTON,,,,,2,1,CLEAR,DRY,False,LOCAL STREET,COLLISION WITH BICYCLE,SINGLE VEHICLE,STRAIGHT & LEVEL,DARK-HWY LIGHTED/ON,False,2014-11-15 23:38:00-05:00,38.1687485,-85.7065739,True,False,SATURDAY,873,2014,11,15,23,38,True