investigating_agency,roadway_number,building_number,roadway_name,roadway_suffix,roadway_direction,milepoint,intersection_roadway_number,intersection_roadway_name,between_street_number_1,between_street_name_1,between_street_number_2,between_street_name_2,units_involved,motor_vehicles_involved,weather,roadway_condition,hit_and_run_indicator,roadway_type,directional_analysis,manner_of_collision,roadway_character,light_condition,secondary_collision_indicator,date,latitude,longitude,injury_indicator,fatality_indicator,day_of_week,accident_id,year,month,day,hour,minute,lighted_signal_indicator
LOUISVILLE METRO POLICE DEPT,KY2051,,CAMP GROUND,RD,,4.614,,,,,,,2,1,SNOWING,SNOW/SLUSH,False,STATE,COLLISION WITH BICYCLIST,SINGLE VEHICLE,STRAIGHT & LEVEL,DUSK,False,2014-11-17 07:05:00-05:00,38.2076275,-85.8469912,True,False,MONDAY,874,2014,11,17,7,5,False
LOUISVILLE METRO POLICE DEPT,US0060,,FRANKFORT,AVE,,1.216,,,,PETERSON,,EWING,2,1,CLEAR,DRY,False,FEDERAL,COLLISION WITH BICYCLIST,SINGLE VEHICLE,STRAIGHT & LEVEL,DAYLIGHT,False,2014-11-22 12:10:00-05:00,38.2540029,-85.6980064,False,False,SATURDAY,875,2014,11,22,12,10,False
LOUISVILLE METRO POLICE DEPT,KY1065,2200.0,OUTER,LOOP,,3.82,,,,,,,2,1,CLOUDY,WET,False,STATE,COLLISION WITH BICYCLIST,SINGLE VEHICLE,STRAIGHT & LEVEL,DARK-HWY NOT LIGHTED,False,2014-11-24 03:00:00-05:00,38.1326739,-85.7261443,True,False,MONDAY,876,2014,11,24,3,0,False
LOUISVILLE METRO POLICE DEPT,,,MUHAMMAD ALI,BLVD,W,0.164,KY1020,3RD,,,,,2,1,CLEAR,DRY,False,LOCAL STREET,COLLISION WITH BICYCLE,SINGLE VEHICLE,STRAIGHT & LEVEL,DAYLIGHT,False,2014-11-25 13:41:00-05:00,38.2509064,-85.7555252,True,False,TUESDAY,877,2014,11,25,13,41,False
LOUISVILLE METRO POLICE DEPT,US0031E,,BARDSTOWN,RD,,6.592,,FAIRGROUND,,,,,2,1,CLEAR,DRY,False,FEDERAL,COLLISION WITH BICYCLE,SINGLE VEHICLE,STRAIGHT & LEVEL,DUSK,False,2014-11-25 17:00:00-05:00,38.1629519,-85.5959772,False,False,TUESDAY,878,2014,11,25,17,0,True
ST. MATTHEWS POLICE DEPARTMENT,,,MASSIE,AVE,,0.134,KY1932,CHENOWETH,,,,,2,1,CLOUDY,DRY,False,LOCAL STREET,COLLISION WITH BICYCLE,SINGLE VEHICLE,STRAIGHT & LEVEL,DAYLIGHT,False,2014-12-15 13:10:00-05:00,38.2562664,-85.6582034,True,False,MONDAY,879,2014,12,15,13,10,False
LOUISVILLE METRO POLICE DEPT,US0150,,BROADWAY,,W,2.055,,8TH,,,,,2,1,CLEAR,DRY,False,FEDERAL,COLLISION WITH BICYCLE,SINGLE VEHICLE,STRAIGHT & LEVEL,DAYLIGHT,False,2014-12-16 17:00:00-05:00,38.2466713,-85.7643026,True,False,TUESDAY,880,2014,12,16,17,0,True
LOUISVILLE METRO POLICE DEPT,KY1447,,WESTPORT,RD,,5.821,,,,WESTPORT GREEN,,ASSEMBLY,2,1,RAINING,WET,False,STATE,COLLISION WITH BICYCLIST,SINGLE VEHICLE,STRAIGHT & LEVEL,DARK-HWY NOT LIGHTED,False,2014-12-23 17:15:00-05:00,38.2922153,-85.5625969,True,False,TUESDAY,881,2014,12,23,17,15,False
LOUISVILLE METRO POLICE DEPT,,,18TH,ST,S,0.579,,PLYMOUTH,,,,,2,1,CLOUDY,DRY,False,LOCAL STREET,COLLISION WITH BICYCLE,SINGLE VEHICLE,STRAIGHT & LEVEL,DAYLIGHT,False,2014-12-25 00:00:00-05:00,38.2508783,-85.7812217,True,False,THURSDAY,882,2014,12,25,0,0,False
LOUISVILLE METRO POLICE DEPT,,,7TH,ST,S,0.867,,,,,,,2,1,CLEAR,DRY,False,LOCAL STREET,COLLISION WITH BICYCLIST,SINGLE VEHICLE,STRAIGHT & LEVEL,DAYLIGHT,True,2015-01-14 17:50:00-05:00,38.2295879,-85.7675571,True,False,WEDNESDAY,883,2015,1,14,17,50,False
LOUISVILLE METRO POLICE DEPT,,,CENTRAL STATION,BLVD,,0.051,KY1020,3RD,,,,,2,1,CLEAR,DRY,False,LOCAL STREET,COLLISION WITH BICYCLE,SINGLE VEHICLE,STRAIGHT & LEVEL,DAYLIGHT,False,2015-01-15 16:00:00-05:00,38.2035248,-85.7641338,False,False,THURSDAY,884,2015,1,15,16,0,False
LOUISVILLE METRO POLICE DEPT,US0031E,,MARKET,ST,E,16.635,US0031E,BAXTER,,,,,2,1,CLEAR,DRY,False,FEDERAL,COLLISION WITH BICYCLE,SINGLE VEHICLE,STRAIGHT & LEVEL,DARK-HWY LIGHTED/ON,False,2015-01-15 23:47:00-05:00,38.2525879,-85.7325504,False,False,THURSDAY,885,2015,1,15,23,47,False
INDIAN HILLS POLICE DEPARTMENT,,,RIVER,RD,,1.068,,INDIAN HILLS,,,,,2,1,CLEAR,DRY,False,LOCAL STREET,COLLISION WITH BICYCLE,SINGLE VEHICLE,CURVE & LEVEL,DAYLIGHT,False,2015-01-19 16:55:00-05:00,38.2896723,-85.6825147,True,False,MONDAY,886,2015,1,19,16,55,False
LOUISVILLE METRO POLICE DEPT,KY0155,,TAYLORSVILLE,RD,,16.203,,,,CAROLINA,,BROADMEADE,2,1,CLEAR,WET,False,STATE,COLLISION WITH BICYCLIST,SINGLE VEHICLE,STRAIGHT & LEVEL,DARK-HWY LIGHTED/ON,False,2015-01-23 23:27:00-05:00,38.2236711,-85.6786299,True,False,FRIDAY,887,2015,1,23,23,27,False
LOUISVILLE METRO POLICE DEPT,,,JEANINE,DR,,0.908,,INDIAN,,,,,2,1,CLEAR,DRY,False,LOCAL STREET,COLLISION WITH BICYCLE,SINGLE VEHICLE,STRAIGHT & LEVEL,DAYLIGHT,False,2015-02-10 17:50:00-05:00,38.1706953,-85.6886462,True,False,TUESDAY,888,2015,2,10,17,50,False
LOUISVILLE METRO POLICE DEPT,,,4TH,ST,S,1.017,,BRECKINRIDGE,,,,,2,1,CLEAR,DRY,False,LOCAL STREET,COLLISION WITH BICYCLE,SINGLE VEHICLE,STRAIGHT & LEVEL,DAYLIGHT,False,2015-02-11 15:18:00-05:00,38.2420249,-85.7591114,True,False,WEDNESDAY,889,2015,2,11,15,18,False
LOUISVILLE METRO POLICE DEPT,,,CARLISLE,AVE,,0.21,,WHEELER,,,,,2,1,CLOUDY,DRY,False,LOCAL STREET,COLLISION WITH BICYCLE,SINGLE VEHICLE,STRAIGHT & LEVEL,DARK-HWY LIGHTED/ON,False,2015-02-14 21:36:00-05:00,38.1943768,-85.7883561,True,False,SATURDAY,890,2015,2,14,21,36,False
LOUISVILLE METRO POLICE DEPT,KY0913,,BLANKENBAKER,PKWY,,1.409,,,,ELECTRON,,REHL,2,1,CLOUDY,WET,False,STATE,COLLISION WITH BICYCLIST,SINGLE VEHICLE,CURVE & HILLCREST,DARK-HWY NOT LIGHTED,False,2015-03-09 23:41:00-04:00,38.2046614,-85.5380492,False,True,MONDAY,891,2015,3,9,23,41,False
LOUISVILLE METRO POLICE DEPT,,,BROADWAY,,W,0.813,,,,30TH,,31ST,2,1,CLEAR,DRY,True,LOCAL STREET,COLLISION WITH BICYCLIST,SINGLE VEHICLE,STRAIGHT & LEVEL,DARK-HWY LIGHTED/ON,False,2015-03-11 20:50:00-04:00,38.2497265,-85.8031414,True,False,WEDNESDAY,892,2015,3,11,20,50,False
LOUISVILLE METRO POLICE DEPT,,,HERMAN,ST,,0.736,,43RD,,,,,2,1,CLEAR,DRY,False,LOCAL STREET,COLLISION WITH BICYCLE,SINGLE VEHICLE,STRAIGHT & LEVEL,DAYLIGHT,False,2015-03-16 17:49:00-04:00,38.261497,-85.8205574,True,False,MONDAY,893,2015,3,16,17,49,False
LOUISVILLE METRO POLICE DEPT,US0060A,,TAYLOR,BLVD,,1.792,,OLEANDA,,,,,2,1,CLEAR,DRY,False,FEDERAL,COLLISION WITH BICYCLE,SINGLE VEHICLE,STRAIGHT & LEVEL,DAYLIGHT,False,2015-03-22 15:04:00-04:00,38.2005897,-85.7825645,True,False,SUNDAY,894,2015,3,22,15,4,False
LOUISVILLE METRO POLICE DEPT,,9800.0,LOWER RIVER,RD,,0.27,,,,,,,2,1,CLEAR,DRY,False,LOCAL STREET,COLLISION WITH BICYCLIST,SINGLE VEHICLE,STRAIGHT & LEVEL,DAYLIGHT,False,2015-03-22 17:07:00-04:00,38.1125401,-85.8928262,True,False,SUNDAY,895,2015,3,22,17,7,False
LOUISVILLE METRO POLICE DEPT,,,VERMONT,,,,,0033,,,,,2,1,CLEAR,DRY,False,LOCAL STREET,COLLISION WITH BICYCLE,ANGLE,STRAIGHT & LEVEL,DARK-HWY LIGHTED/ON,False,2015-03-24 04:22:00-04:00,38.201666667,-85.536666667,False,False,TUESDAY,896,2015,3,24,4,22,False
LOUISVILLE METRO POLICE DEPT,,,BROADWAY,,W,1.18,,35TH,,,,,2,1,CLEAR,DRY,False,LOCAL STREET,COLLISION WITH BICYCLE,SINGLE VEHICLE,STRAIGHT & LEVEL,DAYLIGHT,False,2015-03-30 10:00:00-04:00,38.2499238,-85.8098817,True,False,MONDAY,897,2015,3,30,10,0,False
LOUISVILLE METRO POLICE DEPT,,,BROADWAY,,,,,RUBEL,,,,,2,1,CLEAR,DRY,False,LOCAL STREET,COLLISION WITH BICYCLE,HEAD ON,STRAIGHT & LEVEL,DAYLIGHT,False,2015-03-30 17:45:00-04:00,38.201666667,-85.536666667,False,False,MONDAY,898,2015,3,30,17,45,False
LOUISVILLE METRO POLICE DEPT,KY1747,,FERN VALLEY,RD,,2.383,,JEANINE,,,,,3,2,CLEAR,DRY,False,STATE,COLLISION WITH BICYCLE,ANGLE,STRAIGHT & LEVEL,DAYLIGHT,False,2015-03-30 20:00:00-04:00,38.1578699,-85.6885569,True,False,MONDAY,899,2015,3,30,20,0,True
LOUISVILLE METRO POLICE DEPT,,,MUHAMMAD ALI,BLVD,,,,PRESTON,,,,,2,1,CLEAR,WET,True,LOCAL STREET,COLLISION WITH BICYCLE,ANGLE,STRAIGHT & LEVEL,DAYLIGHT,False,2015-04-02 16:55:00-04:00,38.201666667,-85.536666667,True,False,THURSDAY,900,2015,4,2,16,55,False
LOUISVILLE METRO POLICE DEPT,,,EASTERN,PKWY,,0.182,,,,,,,2,1,RAINING,WET,False,LOCAL STREET,COLLISION WITH BICYCLIST,SINGLE VEHICLE,STRAIGHT & LEVEL,DAYLIGHT,False,2015-04-03 08:53:00-04:00,38.2344876,-85.7051825,True,False,FRIDAY,901,2015,4,3,8,53,False
LOUISVILLE METRO POLICE DEPT,,,LINDELL,AVE,,0.064,,,,BROADWAY,,DEL PARK,2,1,CLEAR,DRY,False,LOCAL STREET,COLLISION WITH BICYCLIST,SINGLE VEHICLE,STRAIGHT & LEVEL,DAYLIGHT,False,2015-04-05 15:43:00-04:00,38.2509546,-85.8121732,True,False,SUNDAY,902,2015,4,5,15,43,False
LOUISVILLE METRO POLICE DEPT,,,BROADWAY,,W,1.28,,SUTCLIFFE,,,,,2,1,CLEAR,DRY,False,LOCAL STREET,COLLISION WITH BICYCLE,SINGLE VEHICLE,STRAIGHT & LEVEL,DAYLIGHT,False,2015-04-05 17:36:00-04:00,38.2499855,-85.811703,True,False,SUNDAY,903,2015,4,5,17,36,False
LOUISVILLE METRO POLICE DEPT,,,4TH,ST,S,3.586,,CENTRAL,,,,,2,1,RAINING,WET,False,LOCAL STREET,COLLISION WITH BICYCLE,SINGLE VEHICLE,STRAIGHT & LEVEL,DAYLIGHT,False,2015-04-07 18:20:00-04:00,38.2051647,-85.765586,False,False,TUESDAY,904,2015,4,7,18,20,False
LOUISVILLE METRO POLICE DEPT,KY0907,,3RD,ST,,3.399,,,,LAKERIDGE,,WINDSOR PARK,2,1,RAINING,WET,True,STATE,COLLISION WITH BICYCLIST,SINGLE VEHICLE,STRAIGHT & LEVEL,DUSK,False,2015-04-07 20:08:00-04:00,38.1165329,-85.8116627,True,False,TUESDAY,905,2015,4,7,20,8,False
LOUISVILLE METRO POLICE DEPT,,,FRANFORT AVE,,,,,KENNEDY AVE,,,,,2,1,CLEAR,DRY,False,LOCAL STREET,COLLISION WITH BICYCLE,ANGLE,STRAIGHT & LEVEL,DAYLIGHT,False,2015-04-09 18:45:00-04:00,38.201666667,-85.536666667,True,False,THURSDAY,906,2015,4,9,18,45,False
LOUISVILLE METRO POLICE DEPT,US0031E,,MAIN,ST,E,17.498,,,,,,,2,1,CLEAR,DRY,False,FEDERAL,COLLISION WITH BICYCLIST,SINGLE VEHICLE,STRAIGHT & LEVEL,DAYLIGHT,False,2015-04-17 12:35:00-04:00,38.2555165,-85.7465013,True,False,FRIDAY,907,2015,4,17,12,35,False
LOUISVILLE METRO POLICE DEPT,,,PAYNE,ST,,0.814,,,,SPRING,,CHARLTON,2,1,CLEAR,DRY,False,LOCAL STREET,COLLISION WITH BICYCLIST,SINGLE VEHICLE,STRAIGHT & GRADE,DARK-HWY LIGHTED/ON,False,2015-04-20 21:57:00-04:00,38.2519378,-85.7181856,True,False,MONDAY,908,2015,4,20,21,57,False
SHIVELY POLICE DEPARTMENT,,,CARDINAL,CT,,0.064,,,,VENHOFF,,STEWART,2,1,CLOUDY,DRY,False,LOCAL STREET,COLLISION WITH BICYCLIST,SINGLE VEHICLE,STRAIGHT & LEVEL,DAYLIGHT,False,2015-04-21 17:00:00-04:00,38.1769685,-85.8174463,False,False,TUESDAY,909,2015,4,21,17,0,False
LOUISVILLE METRO POLICE DEPT,,,PEE WEE REESE,RD,,1.537,,ROCK CREEK,,,,,2,1,CLEAR,DRY,False,LOCAL STREET,COLLISION WITH BICYCLE,SINGLE VEHICLE,CURVE & LEVEL,DAYLIGHT,False,2015-04-28 18:18:00-04:00,38.2416729,-85.6735969,True,False,TUESDAY,910,2015,4,28,18,18,False
LOUISVILLE METRO POLICE DEPT,,,RODMAN,ST,,0.463,,CREEL,,,,,2,1,CLEAR,DRY,False,FRONTAGE ROAD,COLLISION WITH BICYCLE,SINGLE VEHICLE,STRAIGHT & LEVEL,DAYLIGHT,False,2015-05-02 16:13:00-04:00,38.2129377,-85.7692768,True,False,SATURDAY,911,2015,5,2,16,13,False
LOUISVILLE METRO POLICE DEPT,KY1727,,TERRY,RD,,1.579,KY1931,GREENWOOD,,,,,2,1,CLEAR,DRY,True,STATE,COLLISION WITH BICYCLE,SINGLE VEHICLE,STRAIGHT & LEVEL,DAYLIGHT,False,2015-05-03 18:30:00-04:00,38.1445276,-85.8719611,True,False,SUNDAY,912,2015,5,3,18,30,False
LOUISVILLE METRO POLICE DEPT,US0031E,,MARKET,ST,W,17.789,US0031W,2ND,,,,,2,1,CLEAR,DRY,False,FEDERAL,COLLISION WITH BICYCLE,SINGLE VEHICLE,STRAIGHT & LEVEL,DAYLIGHT,False,2015-05-05 08:28:00-04:00,38.254873,-85.7535428,True,False,TUESDAY,913,2015,5,5,8,28,False
LOUISVILLE METRO POLICE DEPT,,,MICHAEL EDWARD,DR,,0.174,,SPRUCEWOOD,,,,,2,1,CLEAR,DRY,False,COUNTY ROAD,COLLISION WITH BICYCLE,SINGLE VEHICLE,STRAIGHT & LEVEL,DAYLIGHT,False,2015-05-07 20:13:00-04:00,38.1712006,-85.575873,False,False,THURSDAY,914,2015,5,7,20,13,False
LOUISVILLE METRO POLICE DEPT,,,PORTLAND AVE,,,,,0032,,,,,2,1,CLEAR,DRY,False,LOCAL STREET,COLLISION WITH BICYCLE,ANGLE,STRAIGHT & LEVEL,DAYLIGHT,False,2015-05-09 16:50:00-04:00,38.201666667,-85.536666667,False,False,SATURDAY,915,2015,5,9,16,50,False
SHIVELY POLICE DEPARTMENT,US0031W,,DIXIE,HWY,,15.109,,GARRS,,,,,2,1,CLEAR,DRY,False,FEDERAL,COLLISION WITH BICYCLE,SINGLE VEHICLE,STRAIGHT & LEVEL,DAYLIGHT,False,2015-05-10 11:43:00-04:00,38.1893692,-85.8100026,True,False,SUNDAY,916,2015,5,10,11,43,True
LOUISVILLE METRO POLICE DEPT,,,TAZWELL,DR,,0.633,,PACELLI,,,,,2,1,CLEAR,DRY,False,LOCAL STREET,COLLISION WITH BICYCLE,SINGLE VEHICLE,STRAIGHT & LEVEL,DAYLIGHT,False,2015-05-12 19:33:00-04:00,38.3077486,-85.5311038,True,False,TUESDAY,917,2015,5,12,19,33,False
LOUISVILLE METRO POLICE DEPT,,,26TH,ST,S,1.373,,GRAND,,,,,2,1,CLEAR,DRY,False,LOCAL STREET,COLLISION WITH BICYCLE,SINGLE VEHICLE,STRAIGHT & LEVEL,DAYLIGHT,False,2015-05-15 14:13:00-04:00,38.2409203,-85.7958738,True,False,FRIDAY,918,2015,5,15,14,13,False
LOUISVILLE METRO POLICE DEPT,,,35TH,ST,S,0.65,,,,BROADWAY,,DOERHOEFER,2,1,CLEAR,DRY,False,LOCAL STREET,COLLISION WITH BICYCLIST,SINGLE VEHICLE,STRAIGHT & LEVEL,DAYLIGHT,False,2015-05-23 16:10:00-04:00,38.2489869,-85.8099146,True,False,SATURDAY,919,2015,5,23,16,10,False
LOUISVILLE METRO POLICE DEPT,KY1020,,NATIONAL,TPKE,,4.279,,TOLLS,,,,,2,1,CLOUDY,DRY,False,STATE,COLLISION WITH BICYCLE,SINGLE VEHICLE,STRAIGHT & LEVEL,DAYLIGHT,False,2015-06-03 11:32:00-04:00,38.1356199,-85.7523184,True,False,WEDNESDAY,920,2015,6,3,11,32,False
LOUISVILLE METRO POLICE DEPT,,,BEECHER,ST,,0.205,,PEACHTREE,,,,,2,1,CLEAR,DRY,False,LOCAL STREET,COLLISION WITH BICYCLE,SINGLE VEHICLE,STRAIGHT & LEVEL,DAYLIGHT,False,2015-06-06 15:40:00-04:00,38.1916846,-85.779501,True,False,SATURDAY,921,2015,6,6,15,40,False
LOUISVILLE METRO POLICE DEPT,KY0061,,PRESTON,HWY,,2.982,,HIGH SCHOOL,,,,,2,1,CLEAR,DRY,False,STATE,COLLISION WITH BICYCLE,SINGLE VEHICLE,STRAIGHT & LEVEL,DAYLIGHT,False,2015-06-07 12:50:00-04:00,38.125313,-85.6796295,True,False,SUNDAY,922,2015,6,7,12,50,False
LOUISVILLE METRO POLICE DEPT,,,PAYNE,ST,,0.214,,COOPER,,,,,2,1,CLEAR,DRY,False,LOCAL STREET,COLLISION WITH BICYCLE,SINGLE VEHICLE,STRAIGHT & LEVEL,DARK-HWY LIGHTED/ON,False,2015-06-10 00:00:00-04:00,38.2471157,-85.7273549,True,False,WEDNESDAY,923,2015,6,10,0,0,False
LOUISVILLE METRO POLICE DEPT,,,16TH,ST,S,1.917,KY2054,ALGONQUIN,,,,,2,1,CLEAR,DRY,False,LOCAL STREET,COLLISION WITH BICYCLE,SINGLE VEHICLE,CURVE & LEVEL,DAYLIGHT,False,2015-06-10 15:56:00-04:00,38.2221745,-85.7827977,True,False,WEDNESDAY,924,2015,6,10,15,56,False
LOUISVILLE METRO POLICE DEPT,,,RIVER,RD,,0.832,,,,,,,2,1,CLEAR,DRY,False,LOCAL STREET,COLLISION WITH BICYCLIST,SINGLE VEHICLE,CURVE & LEVEL,DAYLIGHT,False,2015-06-13 09:32:00-04:00,38.262813,-85.7325299,False,False,SATURDAY,925,2015,6,13,9,32,False
LOUISVILLE METRO POLICE DEPT,,3231.0,VIRGINIA,AVE,,0.667,,,,,,,3,2,CLEAR,DRY,False,LOCAL STREET,COLLISION WITH BICYCLIST,ANGLE,STRAIGHT & LEVEL,DAYLIGHT,False,2015-06-14 16:27:00-04:00,38.2388235,-85.8084104,True,False,SUNDAY,926,2015,6,14,16,27,False
LOUISVILLE METRO POLICE DEPT,,,MARKET,ST,W,0.506,,,,,,,2,1,CLEAR,DRY,True,LOCAL STREET,COLLISION WITH BICYCLIST,SINGLE VEHICLE,STRAIGHT & LEVEL,DAYLIGHT,False,2015-06-15 18:10:00-04:00,38.2597385,-85.7956562,True,False,MONDAY,927,2015,6,15,18,10,False
LOUISVILLE METRO POLICE DEPT,KY1065,3521.0,OUTER,LOOP,,5.562,,,,,,,2,1,CLEAR,DRY,False,STATE,COLLISION WITH BICYCLIST,SINGLE VEHICLE,STRAIGHT & LEVEL,DARK-HWY LIGHTED/OFF,False,2015-06-23 23:42:00-04:00,38.1362348,-85.6953923,True,False,TUESDAY,928,2015,6,23,23,42,False
LOUISVILLE METRO POLICE DEPT,,,OLD TOWNE,RD,,0.0,KY1020,NATIONAL,,,,,2,1,CLEAR,DRY,False,LOCAL STREET,COLLISION WITH BICYCLE,SINGLE VEHICLE,STRAIGHT & LEVEL,DAYLIGHT,False,2015-06-25 16:36:00-04:00,38.1483668,-85.7602492,True,False,THURSDAY,929,2015,6,25,16,36,False
LOUISVILLE METRO POLICE DEPT,,,SHELBY,ST,S,0.534,KY0864,GRAY,,,,,2,1,RAINING,WET,False,LOCAL STREET,COLLISION WITH BICYCLE,SINGLE VEHICLE,STRAIGHT & LEVEL,DAYLIGHT,False,2015-06-26 17:44:00-04:00,38.2458395,-85.7393114,True,False,FRIDAY,930,2015,6,26,17,44,False
LOUISVILLE METRO POLICE DEPT,,4450.0,3RD,ST,S,0.748,,,,,,,2,1,CLEAR,DRY,False,LOCAL STREET,COLLISION WITH BICYCLIST,SINGLE VEHICLE,STRAIGHT & LEVEL,DARK-HWY LIGHTED/ON,False,2015-07-04 21:51:00-04:00,38.189757,-85.7648575,False,False,SATURDAY,931,2015,7,4,21,51,False
LOUISVILLE METRO POLICE DEPT,,,5TH,ST,S,3.073,US0150,BROADWAY,,,,,2,1,CLEAR,DRY,False,LOCAL STREET,COLLISION WITH BICYCLE,SINGLE VEHICLE,STRAIGHT & LEVEL,DARK-HWY LIGHTED/ON,False,2015-07-06 23:39:00-04:00,38.2461655,-85.7600269,True,False,MONDAY,932,2015,7,6,23,39,False
LOUISVILLE METRO POLICE DEPT,,7010.0,GREEN MANOR,DR,,0.044,,,,,,,2,1,CLEAR,WET,True,LOCAL STREET,COLLISION WITH BICYCLIST,SINGLE VEHICLE,STRAIGHT & LEVEL,DARK-HWY LIGHTED/ON,False,2015-07-08 01:25:00-04:00,38.1469035,-85.6288442,True,False,WEDNESDAY,933,2015,7,8,1,25,False
LOUISVILLE METRO POLICE DEPT,,,TAYLOR,AVE,,0.533,,,,REDWOOD,,LEE,2,1,CLEAR,DRY,False,LOCAL STREET,COLLISION WITH BICYCLIST,SINGLE VEHICLE,STRAIGHT & LEVEL,DAYLIGHT,False,2015-07-10 15:40:00-04:00,38.1983859,-85.7095098,True,False,FRIDAY,934,2015,7,10,15,40,False
LOUISVILLE METRO POLICE DEPT,,,ROWAN,ST,,1.389,,26TH,,,,,2,1,CLEAR,DRY,False,NONE OF THE ABOVE,COLLISION WITH BICYCLE,SINGLE VEHICLE,STRAIGHT & LEVEL,DAYLIGHT,False,2015-07-12 17:31:00-04:00,38.2621786,-85.7937497,True,False,SUNDAY,935,2015,7,12,17,31,False
LOUISVILLE METRO POLICE DEPT,KY0061,,JACKSON,ST,S,12.731,,,,BALLARD,,LIBERTY,2,1,CLOUDY,WET,False,STATE,COLLISION WITH BICYCLIST,SINGLE VEHICLE,STRAIGHT & LEVEL,DAYLIGHT,False,2015-07-13 15:47:00-04:00,38.2514809,-85.7445084,False,False,MONDAY,936,2015,7,13,15,47,False
LOUISVILLE METRO POLICE DEPT,,900.0,28TH,ST,S,1.17,,,,,,,2,1,CLEAR,DRY,False,LOCAL STREET,COLLISION WITH BICYCLIST,SINGLE VEHICLE,STRAIGHT & LEVEL,DAYLIGHT,False,2015-07-15 15:40:00-04:00,38.2442408,-85.7992253,True,False,WEDNESDAY,937,2015,7,15,15,40,False
LOUISVILLE METRO POLICE DEPT,,,DUTCHMANS,LN,,0.141,,,KY2048  ,CANNONS,KY2048,DUTCHMANS,2,1,CLEAR,DRY,False,LOCAL STREET,COLLISION WITH BICYCLIST,SINGLE VEHICLE,STRAIGHT & LEVEL,DARK-HWY LIGHTED/ON,False,2015-07-17 00:35:00-04:00,38.2270621,-85.6483161,True,False,FRIDAY,938,2015,7,17,0,35,False
LOUISVILLE METRO POLICE DEPT,KY0061,,PRESTON,HWY,,1.609,,,,,,,4,2,CLEAR,DRY,True,STATE,COLLISION WITH BICYCLIST,REAR END,STRAIGHT & LEVEL,DARK-HWY LIGHTED/ON,False,2015-07-22 23:52:00-04:00,38.1061775,-85.6736115,True,False,WEDNESDAY,939,2015,7,22,23,52,False
LOUISVILLE METRO POLICE DEPT,,,OXMOOR,LN,,0.29,,,,BULLITT,,OXMOOR,2,1,CLEAR,DRY,False,COUNTY ROAD,COLLISION WITH BICYCLIST,SINGLE VEHICLE,CURVE & LEVEL,DAYLIGHT,False,2015-07-23 10:26:00-04:00,38.2452431,-85.6129162,True,False,THURSDAY,940,2015,7,23,10,26,False
LOUISVILLE METRO POLICE DEPT,,,GRAND,AVE,,0.458,,,,23RD,,25TH,2,1,CLEAR,DRY,False,LOCAL STREET,COLLISION WITH BICYCLIST,SINGLE VEHICLE,STRAIGHT & LEVEL,DAYLIGHT,False,2015-07-27 12:38:00-04:00,38.24065,-85.7941,True,False,MONDAY,941,2015,7,27,12,38,False
LOUISVILLE METRO POLICE DEPT,US0031W,8019.0,DIXIE,HWY,,11.114,,,,,,,2,1,CLEAR,DRY,False,FEDERAL,COLLISION WITH BICYCLIST,SINGLE VEHICLE,STRAIGHT & LEVEL,DAYLIGHT,False,2015-07-29 16:21:00-04:00,38.1370285,-85.8435345,True,False,WEDNESDAY,942,2015,7,29,16,21,False
LOUISVILLE METRO POLICE DEPT,,,WENZEL,ST,N,0.0,US0031E,MAIN,,,,,2,1,CLEAR,DRY,False,LOCAL STREET,COLLISION WITH BICYCLE,SINGLE VEHICLE,STRAIGHT & LEVEL,DAYLIGHT,False,2015-08-04 13:30:00-04:00,38.2541384,-85.7337545,True,False,TUESDAY,943,2015,8,4,13,30,False
LOUISVILLE METRO POLICE DEPT,US0060A,,TAYLOR,BLVD,,1.619,,LONGFIELD,,,,,2,1,CLEAR,DRY,False,FEDERAL,COLLISION WITH BICYCLE,SINGLE VEHICLE,STRAIGHT & LEVEL,DUSK,False,2015-08-05 22:10:00-04:00,38.1985704,-85.7827587,True,False,WEDNESDAY,944,2015,8,5,22,10,False
LOUISVILLE METRO POLICE DEPT,US0031W,,DIXIE,HWY,,7.981,,DIXIE GARDEN,,,,,2,1,CLEAR,DRY,False,NONE OF THE ABOVE,COLLISION WITH BICYCLE,SINGLE VEHICLE,STRAIGHT & LEVEL,DAYLIGHT,False,2015-08-08 14:38:00-04:00,38.099096,-85.8719319,True,False,SATURDAY,945,2015,8,8,14,38,False
LOUISVILLE METRO POLICE DEPT,KY1020,,3RD,ST,S,12.1,US0150,BROADWAY,,,,,2,1,CLEAR,DRY,False,STATE,COLLISION WITH BICYCLE,SINGLE VEHICLE,STRAIGHT & LEVEL,DARK-HWY LIGHTED/ON,False,2015-08-14 00:22:00-04:00,38.245958,-85.7567122,False,False,FRIDAY,946,2015,8,14,0,22,False