investigating_agency,roadway_number,building_number,roadway_name,roadway_suffix,roadway_direction,milepoint,intersection_roadway_number,intersection_roadway_name,between_street_number_1,between_street_name_1,between_street_number_2,between_street_name_2,units_involved,motor_vehicles_involved,weather,roadway_condition,hit_and_run_indicator,roadway_type,directional_analysis,manner_of_collision,roadway_character,light_condition,secondary_collision_indicator,date,latitude,longitude,injury_indicator,fatality_indicator,day_of_week,accident_id,year,month,day,hour,minute,lighted_signal_indicator
SHIVELY POLICE DEPARTMENT,US0060A,,7TH,ST,,0.348,,,,NOBEL,,LEROY,3,1,CLEAR,DRY,False,FEDERAL,COLLISION WITH BICYCLIST,SINGLE VEHICLE,STRAIGHT & LEVEL,DARK-HWY LIGHTED/ON,False,2015-08-14 22:20:00-04:00,38.1951764,-85.8027393,True,False,FRIDAY,947,2015,8,14,22,20,False
LOUISVILLE METRO POLICE DEPT,,,26TH,ST,S,0.781,,BROADWAY,,,,,2,1,CLEAR,DRY,False,LOCAL STREET,COLLISION WITH BICYCLE,SINGLE VEHICLE,STRAIGHT & GRADE,DUSK,False,2015-08-15 00:29:00-04:00,38.2494709,-85.7949173,False,False,SATURDAY,948,2015,8,15,0,29,False
LOUISVILLE METRO POLICE DEPT,,,26TH,ST,S,1.246,,KENTUCKY,,,,,2,1,CLEAR,DRY,False,LOCAL STREET,COLLISION WITH BICYCLE,SINGLE VEHICLE,STRAIGHT & LEVEL,DARK-HWY LIGHTED/ON,False,2015-08-21 23:19:00-04:00,38.2427472,-85.7956583,True,False,FRIDAY,949,2015,8,21,23,19,False
LOUISVILLE METRO POLICE DEPT,,,ACME,WAY,,0.339,,BAY PINE,,,,,2,1,CLEAR,DRY,False,LOCAL STREET,COLLISION WITH BICYCLE,SINGLE VEHICLE,STRAIGHT & HILLCREST,DAYLIGHT,False,2015-08-23 16:00:00-04:00,38.1300301,-85.6479148,True,False,SUNDAY,950,2015,8,23,16,0,False
SHIVELY POLICE DEPARTMENT,,,AMBOY,DR,,0.112,,,,PEASLEE,,MILDRED,2,1,CLEAR,DRY,False,LOCAL STREET,COLLISION WITH BICYCLIST,SINGLE VEHICLE,STRAIGHT & LEVEL,DAYLIGHT,False,2015-08-24 18:40:00-04:00,38.2030592,-85.817984,True,False,MONDAY,951,2015,8,24,18,40,False
LOUISVILLE METRO POLICE DEPT,KY2054,,ALGONQUIN,PKWY,,2.387,,,,13TH,,13TH,2,1,CLEAR,DRY,True,STATE,COLLISION WITH BICYCLIST,SINGLE VEHICLE,CURVE & LEVEL,DAYLIGHT,False,2015-08-26 08:52:00-04:00,38.2212122,-85.7791369,False,False,WEDNESDAY,952,2015,8,26,8,52,False
LOUISVILLE METRO POLICE DEPT,,,TAYLOR,AVE,,0.66,,,,,,,2,1,CLEAR,DRY,False,LOCAL STREET,COLLISION WITH BICYCLIST,SINGLE VEHICLE,STRAIGHT & LEVEL,DAYLIGHT,False,2015-08-28 16:00:00-04:00,38.199528,-85.7076277,True,False,FRIDAY,953,2015,8,28,16,0,False
LOUISVILLE METRO POLICE DEPT,,,ZORN,AVE,,1.444,,MELLWOOD,,,,,2,1,CLEAR,DRY,False,LOCAL STREET,COLLISION WITH BICYCLE,SINGLE VEHICLE,STRAIGHT & LEVEL,DAYLIGHT,False,2015-08-29 10:03:00-04:00,38.2736925,-85.6961768,True,False,SATURDAY,954,2015,8,29,10,3,False
LOUISVILLE METRO POLICE DEPT,US0042,,MELLWOOD,AVE,,0.806,US0060,FRANKFORT,,,,,2,1,CLEAR,DRY,False,FEDERAL,COLLISION WITH BICYCLE,SINGLE VEHICLE,STRAIGHT & LEVEL,DAYLIGHT,False,2015-08-29 14:36:00-04:00,38.2577341,-85.7194825,False,False,SATURDAY,955,2015,8,29,14,36,False
LOUISVILLE METRO POLICE DEPT,US0031W,10300.0,DIXIE,HWY,,8.555,,,,,,,2,1,CLEAR,DRY,False,FEDERAL,COLLISION WITH BICYCLIST,SINGLE VEHICLE,STRAIGHT & LEVEL,DARK-HWY LIGHTED/ON,False,2015-08-30 22:10:00-04:00,38.1066243,-85.8673829,True,False,SUNDAY,956,2015,8,30,22,10,False
LOUISVILLE METRO POLICE DEPT,,,16TH,ST,S,0.198,,JEFFERSON,,,,,2,1,CLEAR,DRY,False,LOCAL STREET,COLLISION WITH BICYCLE,SINGLE VEHICLE,STRAIGHT & LEVEL,DUSK,False,2015-09-01 19:23:00-04:00,38.255962,-85.7768824,False,False,TUESDAY,957,2015,9,1,19,23,False
JEFFERSONTOWN POLICE DEPT,,,BILLTOWN,RD,,0.15,,WATTERSON,,,,,2,1,CLEAR,DRY,False,LOCAL STREET,COLLISION WITH BICYCLE,SINGLE VEHICLE,STRAIGHT & HILLCREST,DAWN,False,2015-09-02 06:56:00-04:00,38.1923427,-85.5684709,True,False,WEDNESDAY,958,2015,9,2,6,56,False
LOUISVILLE METRO POLICE DEPT,,,JACOB,ST,W,0.0,KY1020,2ND,,,,,2,1,CLEAR,DRY,False,LOCAL STREET,COLLISION WITH BICYCLE,SINGLE VEHICLE,STRAIGHT & LEVEL,DARK-HWY LIGHTED/ON,False,2015-09-03 20:34:00-04:00,38.2445619,-85.7552695,False,False,THURSDAY,959,2015,9,3,20,34,False
LOUISVILLE METRO POLICE DEPT,,,BLANTON,LN,,0.004,,,,,,,2,1,CLEAR,DRY,False,COUNTY ROAD,COLLISION WITH BICYCLIST,SINGLE VEHICLE,STRAIGHT & LEVEL,DAYLIGHT,False,2015-09-06 16:20:00-04:00,38.1573591,-85.8339306,False,False,SUNDAY,960,2015,9,6,16,20,False
LOUISVILLE METRO POLICE DEPT,US0031W,12305.0,DIXIE,HWY,,6.737,,,,,,,2,1,CLOUDY,WET,True,FEDERAL,COLLISION WITH BICYCLIST,SINGLE VEHICLE,STRAIGHT & LEVEL,DUSK,False,2015-09-06 20:50:00-04:00,38.0826844,-85.8813748,True,False,SUNDAY,961,2015,9,6,20,50,False
LOUISVILLE METRO POLICE DEPT,,,TORRINGTON,RD,,0.083,,,,,,,2,1,CLEAR,DRY,False,COUNTY ROAD,COLLISION WITH BICYCLIST,SINGLE VEHICLE,STRAIGHT & LEVEL,DAYLIGHT,False,2015-09-07 00:00:00-04:00,38.0924502,-85.8670519,True,False,MONDAY,962,2015,9,7,0,0,False
LOUISVILLE METRO POLICE DEPT,,,RENAISSANCE VALLEY,WAY,,0.299,,,,,,,2,1,CLEAR,DRY,False,COUNTY ROAD,COLLISION WITH BICYCLIST,SINGLE VEHICLE,STRAIGHT & LEVEL,DARK-HWY LIGHTED/ON,False,2015-09-07 20:45:00-04:00,38.1056884,-85.8613835,True,False,MONDAY,963,2015,9,7,20,45,False
JEFFERSONTOWN POLICE DEPT,KY1819,,RUCKRIEGEL,PKWY,,9.306,,PAVILION,,,,,2,1,RAINING,WET,False,STATE,COLLISION WITH BICYCLE,SINGLE VEHICLE,CURVE & GRADE,DARK-HWY LIGHTED/ON,False,2015-09-09 07:01:00-04:00,38.1897399,-85.5625791,True,False,WEDNESDAY,964,2015,9,9,7,1,False
LOUISVILLE METRO POLICE DEPT,US0150,,DR W J HODGE,ST,,0.765,,,US0031W ,MAIN,,PIRTLE,2,1,CLOUDY,DRY,False,FEDERAL,COLLISION WITH BICYCLIST,SINGLE VEHICLE,STRAIGHT & LEVEL,DAYLIGHT,False,2015-09-09 16:15:00-04:00,38.2596786,-85.7846688,True,False,WEDNESDAY,965,2015,9,9,16,15,False
LOUISVILLE METRO POLICE DEPT,,,PEE WEE REESE,RD,,2.138,KY2048,CANNONS,,,,,2,1,CLEAR,DRY,False,LOCAL STREET,COLLISION WITH BICYCLE,SINGLE VEHICLE,STRAIGHT & LEVEL,DAWN,False,2015-09-11 07:00:00-04:00,38.2462904,-85.6643109,False,False,FRIDAY,966,2015,9,11,7,0,False
LOUISVILLE METRO POLICE DEPT,,,BLUEGRASS,AVE,,1.501,,SOUTHERN PKY,,,,,2,1,CLOUDY,DRY,False,LOCAL STREET,COLLISION WITH BICYCLE,SINGLE VEHICLE,STRAIGHT & LEVEL,DAYLIGHT,False,2015-09-12 10:11:00-04:00,38.1789216,-85.7713375,False,False,SATURDAY,967,2015,9,12,10,11,False
LOUISVILLE METRO POLICE DEPT,KY1020,,NATIONAL,TPKE,,4.992,,SAM,,,,,2,1,CLEAR,DRY,False,STATE,COLLISION WITH BICYCLE,SINGLE VEHICLE,STRAIGHT & LEVEL,DAYLIGHT,False,2015-09-12 16:39:00-04:00,38.1450629,-85.7574504,True,False,SATURDAY,968,2015,9,12,16,39,False
LOUISVILLE METRO POLICE DEPT,,,SENECA PARK,RD,,0.698,,,,,,,2,1,CLEAR,DRY,False,COUNTY ROAD,COLLISION WITH BICYCLIST,SINGLE VEHICLE,STRAIGHT & LEVEL,DAYLIGHT,False,2015-09-15 10:00:00-04:00,38.2346514,-85.6759546,False,False,TUESDAY,969,2015,9,15,10,0,False
LOUISVILLE METRO POLICE DEPT,US0031E,,MAIN,ST,E,17.589,,FLOYD,,,,,2,1,CLEAR,DRY,False,FEDERAL,COLLISION WITH BICYCLE,SINGLE VEHICLE,STRAIGHT & LEVEL,DAYLIGHT,False,2015-09-16 14:03:00-04:00,38.255716,-85.7479036,True,False,WEDNESDAY,970,2015,9,16,14,3,False
LOUISVILLE METRO POLICE DEPT,US0031E,,BARDSTOWN,RD,,14.289,,,,,,,4,3,CLEAR,DRY,False,FEDERAL,COLLISION WITH BICYCLIST,ANGLE,STRAIGHT & LEVEL,DAYLIGHT,False,2015-09-18 18:11:00-04:00,38.2300128,-85.7035148,False,False,FRIDAY,971,2015,9,18,18,11,False
LOUISVILLE METRO POLICE DEPT,KY2048,,DUTCHMANS,LN,,0.413,,ABIGAIL,,,,,2,1,CLEAR,DRY,False,STATE,COLLISION WITH BICYCLE,SINGLE VEHICLE,STRAIGHT & LEVEL,DAYLIGHT,False,2015-09-22 17:01:00-04:00,38.2254166,-85.6516909,True,False,TUESDAY,972,2015,9,22,17,1,False
LOUISVILLE METRO POLICE DEPT,,,RODMAN,ST,,0.234,,M,,,,,2,1,CLEAR,DRY,False,LOCAL STREET,COLLISION WITH BICYCLE,SINGLE VEHICLE,STRAIGHT & LEVEL,DAYLIGHT,False,2015-09-23 10:00:00-04:00,38.2090679,-85.7699435,True,False,WEDNESDAY,973,2015,9,23,10,0,False
LOUISVILLE METRO POLICE DEPT,,,CLARKS,LN,,0.061,,FLEET,,,,,2,1,CLEAR,DRY,False,LOCAL STREET,COLLISION WITH BICYCLE,SINGLE VEHICLE,STRAIGHT & LEVEL,DARK-HWY LIGHTED/ON,False,2015-09-23 20:25:00-04:00,38.2134932,-85.740582,False,False,WEDNESDAY,974,2015,9,23,20,25,False
LOUISVILLE METRO POLICE DEPT,,,MUHAMMAD ALI,BLVD,W,1.0,,12TH,,,,,2,1,CLEAR,DRY,False,LOCAL STREET,COLLISION WITH BICYCLE,SINGLE VEHICLE,STRAIGHT & LEVEL,DAYLIGHT,False,2015-09-26 17:00:00-04:00,38.2525914,-85.7707264,True,False,SATURDAY,975,2015,9,26,17,0,False
LOUISVILLE METRO POLICE DEPT,US0031W,,DIXIE,HWY,,12.553,,BLANTON,,,,,2,1,CLOUDY,DRY,False,FEDERAL,COLLISION WITH BICYCLE,SINGLE VEHICLE,STRAIGHT & LEVEL,DAWN,False,2015-10-01 07:17:00-04:00,38.1575811,-85.8337533,True,False,THURSDAY,976,2015,10,1,7,17,False
LOUISVILLE METRO POLICE DEPT,KY1020,900.0,3RD,ST,S,11.114,,,,,,,2,1,CLEAR,DRY,True,STATE,COLLISION WITH BICYCLIST,SINGLE VEHICLE,STRAIGHT & LEVEL,DAYLIGHT,False,2015-10-01 18:19:00-04:00,38.2318831,-85.7591943,False,False,THURSDAY,977,2015,10,1,18,19,False
LOUISVILLE METRO POLICE DEPT,,,MUHAMMAD ALI,BLVD,W,1.454,,17TH,,,,,2,1,RAINING,WET,False,LOCAL STREET,COLLISION WITH BICYCLE,SINGLE VEHICLE,STRAIGHT & LEVEL,DAYLIGHT,False,2015-10-02 15:36:00-04:00,38.2535027,-85.7790036,True,False,FRIDAY,978,2015,10,2,15,36,False
LOUISVILLE METRO POLICE DEPT,,,BEARGRASS,RD,,0.527,,,,MILLVALE,,BARRET HILL,2,2,CLEAR,DRY,False,LOCAL STREET,COLLISION WITH BICYCLIST,ANGLE,CURVE & LEVEL,DAYLIGHT,False,2015-10-03 00:00:00-04:00,38.2343622,-85.6873123,False,False,SATURDAY,979,2015,10,3,0,0,False
LOUISVILLE METRO POLICE DEPT,US0031E,,BARDSTOWN,RD,,14.615,,,,SHERWOOD,US0060A,EASTERN,2,1,CLEAR,DRY,False,FEDERAL,COLLISION WITH BICYCLIST,SINGLE VEHICLE,STRAIGHT & LEVEL,DAYLIGHT,False,2015-10-05 09:55:00-04:00,38.2319088,-85.7091439,False,False,MONDAY,980,2015,10,5,9,55,False
LOUISVILLE METRO POLICE DEPT,US0150,,BROADWAY,,W,2.653,,1ST,,,,,2,1,CLEAR,DRY,False,FEDERAL,COLLISION WITH BICYCLE,SINGLE VEHICLE,STRAIGHT & LEVEL,DAYLIGHT,False,2015-10-06 00:00:00-04:00,38.2457367,-85.7534337,False,False,TUESDAY,981,2015,10,6,0,0,False
LOUISVILLE METRO POLICE DEPT,,,JEANINE,DR,,0.908,,INDIAN,,,,,2,1,CLEAR,DRY,False,LOCAL STREET,COLLISION WITH BICYCLE,SINGLE VEHICLE,STRAIGHT & GRADE,DARK-HWY LIGHTED/ON,False,2015-10-06 06:13:00-04:00,38.1706931,-85.6886446,True,False,TUESDAY,982,2015,10,6,6,13,False
LOUISVILLE METRO POLICE DEPT,,,HILL,ST,W,0.662,,7TH,,,,,2,1,CLEAR,DRY,False,LOCAL STREET,COLLISION WITH BICYCLE,SINGLE VEHICLE,STRAIGHT & LEVEL,DAYLIGHT,False,2015-10-06 15:00:00-04:00,38.2267603,-85.7690002,True,False,TUESDAY,983,2015,10,6,15,0,True
LOUISVILLE METRO POLICE DEPT,,,GRAY,ST,E,0.286,,,KY0061  ,JACKSON,KY0061,PRESTON,2,1,CLOUDY,DRY,False,LOCAL STREET,COLLISION WITH BICYCLIST,SINGLE VEHICLE,STRAIGHT & LEVEL,DAYLIGHT,False,2015-10-09 15:11:00-04:00,38.2462941,-85.7458786,False,False,FRIDAY,984,2015,10,9,15,11,False
LOUISVILLE METRO POLICE DEPT,,,THORNBERRY,AVE,,0.201,US0060A,TAYLOR,,,,,2,1,CLEAR,DRY,False,LOCAL STREET,COLLISION WITH BICYCLE,SINGLE VEHICLE,STRAIGHT & LEVEL,DAYLIGHT,False,2015-10-10 16:57:00-04:00,38.2041316,-85.7790181,True,False,SATURDAY,985,2015,10,10,16,57,False
LOUISVILLE METRO POLICE DEPT,KY1020,,3RD,ST,S,12.296,,CHESTNUT,,,,,2,1,CLEAR,DRY,False,STATE,COLLISION WITH BICYCLE,SINGLE VEHICLE,STRAIGHT & LEVEL,DAYLIGHT,False,2015-10-12 14:40:00-04:00,38.2487779,-85.756227,True,False,MONDAY,986,2015,10,12,14,40,False
LOUISVILLE METRO POLICE DEPT,US0060A,,BERRY,BLVD,,1.3,,,,LENTZ,,WHEELER,2,1,CLEAR,DRY,False,FEDERAL,COLLISION WITH BICYCLIST,SINGLE VEHICLE,STRAIGHT & LEVEL,DARK-HWY LIGHTED/ON,False,2015-10-13 19:32:00-04:00,38.1964017,-85.786026,True,False,TUESDAY,987,2015,10,13,19,32,False
LOUISVILLE METRO POLICE DEPT,KY1450,,BLUE LICK,RD,,1.907,,,,,,,2,1,CLEAR,DRY,False,STATE,COLLISION WITH BICYCLIST,SINGLE VEHICLE,CURVE & LEVEL,DAYLIGHT,False,2015-10-16 14:49:00-04:00,38.1124969,-85.6898478,False,False,FRIDAY,988,2015,10,16,14,49,False
LOUISVILLE METRO POLICE DEPT,US0031E,,MARKET,ST,E,17.487,,FLOYD,,,,,2,1,CLEAR,DRY,False,FEDERAL,COLLISION WITH BICYCLE,SINGLE VEHICLE,STRAIGHT & LEVEL,DAYLIGHT,False,2015-10-20 17:10:00-04:00,38.2542935,-85.7481331,True,False,TUESDAY,989,2015,10,20,17,10,False
LOUISVILLE METRO POLICE DEPT,,,SHELBY,ST,S,0.531,KY0864,GRAY,,,,,2,1,CLEAR,DRY,True,LOCAL STREET,COLLISION WITH BICYCLE,SINGLE VEHICLE,STRAIGHT & LEVEL,DAYLIGHT,False,2015-10-21 16:47:00-04:00,38.245876,-85.7392912,True,False,WEDNESDAY,990,2015,10,21,16,47,False
LOUISVILLE METRO POLICE DEPT,,,ROY WILKINS,AVE,S,,,MARKET,,,,,2,1,CLEAR,DRY,True,LOCAL STREET,COLLISION WITH BICYCLE,ANGLE,STRAIGHT & LEVEL,DAYLIGHT,False,2015-10-21 18:35:00-04:00,38.201666667,-85.536666667,False,False,WEDNESDAY,991,2015,10,21,18,35,False
LOUISVILLE METRO POLICE DEPT,KY0061,,PRESTON,HWY,,6.808,,,,GILMORE,,VIM,2,1,CLEAR,DRY,False,STATE,COLLISION WITH BICYCLIST,SINGLE VEHICLE,STRAIGHT & LEVEL,DAYLIGHT,False,2015-10-22 13:05:00-04:00,38.1738963,-85.7119078,True,False,THURSDAY,992,2015,10,22,13,5,False
LOUISVILLE METRO POLICE DEPT,,,SPRINGER,ALY,,0.112,KY0061,PRESTON,,,,,2,1,CLEAR,DRY,False,LOCAL STREET,COLLISION WITH BICYCLE,SINGLE VEHICLE,STRAIGHT & LEVEL,DAYLIGHT,False,2015-10-23 09:59:00-04:00,38.2471421,-85.7473047,False,False,FRIDAY,993,2015,10,23,9,59,False
LOUISVILLE METRO POLICE DEPT,KY0061,,PRESTON,HWY,,7.764,,,,,,,2,1,CLEAR,DRY,False,STATE,COLLISION WITH BICYCLIST,SINGLE VEHICLE,STRAIGHT & LEVEL,DAYLIGHT,False,2015-10-23 15:12:00-04:00,38.1847769,-85.722987,True,False,FRIDAY,994,2015,10,23,15,12,False
LOUISVILLE METRO POLICE DEPT,,,LIBERTY,ST,W,0.6,,4TH,,,,,2,1,CLEAR,DRY,True,LOCAL STREET,COLLISION WITH BICYCLE,SINGLE VEHICLE,STRAIGHT & LEVEL,DARK-HWY LIGHTED/ON,False,2015-10-24 04:00:00-04:00,38.2530785,-85.7573043,True,False,SATURDAY,995,2015,10,24,4,0,False
LOUISVILLE METRO POLICE DEPT,,,INDIAN,TRL,E,1.198,KY0864,POPLAR LEVEL,,,,,2,1,RAINING,WET,False,LOCAL STREET,COLLISION WITH BICYCLE,SINGLE VEHICLE,STRAIGHT & GRADE,DARK-HWY LIGHTED/ON,False,2015-10-27 07:04:00-04:00,38.1715475,-85.6849979,False,False,TUESDAY,996,2015,10,27,7,4,True
LOUISVILLE METRO POLICE DEPT,,,29TH,ST,S,,,BROADWAY,,,,,2,1,CLEAR,DRY,False,LOCAL STREET,COLLISION WITH BICYCLE,ANGLE,STRAIGHT & LEVEL,DAYLIGHT,False,2015-11-03 00:00:00-05:00,38.201666667,-85.536666667,False,False,TUESDAY,997,2015,11,3,0,0,False
NORTHFIELD POLICE DEPARTMENT,KY2050,,HERR,LN,,1.632,,GREENLAWN,,,,,2,1,CLOUDY,DRY,False,STATE,COLLISION WITH BICYCLE,SINGLE VEHICLE,STRAIGHT & LEVEL,DAYLIGHT,False,2015-11-09 07:05:00-05:00,38.2772996,-85.6221841,True,False,MONDAY,998,2015,11,9,7,5,False
LOUISVILLE METRO POLICE DEPT,,,DIXIE,HWY,,0.429,,,,GARLAND,,DATE,2,1,CLEAR,DRY,False,LOCAL STREET,COLLISION WITH BICYCLIST,SINGLE VEHICLE,STRAIGHT & LEVEL,DAYLIGHT,False,2015-11-10 15:46:00-05:00,38.2430418,-85.7844986,True,False,TUESDAY,999,2015,11,10,15,46,False
LOUISVILLE METRO POLICE DEPT,,,SMYRNA,PKWY,,0.105,,VANDRE,,,,,2,1,CLEAR,DRY,False,COUNTY ROAD,COLLISION WITH BICYCLE,SINGLE VEHICLE,STRAIGHT & HILLCREST,DARK-HWY LIGHTED/OFF,False,2015-11-15 19:21:00-05:00,38.1364345,-85.6420196,True,False,SUNDAY,1000,2015,11,15,19,21,False
LOUISVILLE METRO POLICE DEPT,US0031W,,DR W J HODGE,ST,,19.62,US0150,BROADWAY,,,,,2,1,CLOUDY,DRY,False,FEDERAL,COLLISION WITH BICYCLE,SINGLE VEHICLE,STRAIGHT & LEVEL,DAYLIGHT,False,2015-11-16 11:34:00-05:00,38.2487361,-85.786601,True,False,MONDAY,1001,2015,11,16,11,34,False
LOUISVILLE METRO POLICE DEPT,,,MURPHY,LN,,0.099,KY1447,WESTPORT,,,,,2,1,CLEAR,DRY,False,LOCAL STREET,COLLISION WITH BICYCLE,SINGLE VEHICLE,STRAIGHT & LEVEL,DARK-HWY LIGHTED/ON,False,2015-11-17 18:17:00-05:00,38.3033063,-85.533411,True,False,TUESDAY,1002,2015,11,17,18,17,True
LOUISVILLE METRO POLICE DEPT,KY1450,,BLUE LICK,RD,,3.351,,,,,,,2,1,CLEAR,DRY,True,STATE,COLLISION WITH BICYCLIST,SINGLE VEHICLE,CURVE & LEVEL,DAYLIGHT,False,2015-11-19 17:00:00-05:00,38.1323209,-85.6869601,False,False,THURSDAY,1003,2015,11,19,17,0,False
ST. MATTHEWS POLICE DEPARTMENT,US0060,4224.0,SHELBYVILLE,RD,,4.578,,,,,,,2,1,RAINING,WET,False,FEDERAL,COLLISION WITH BICYCLIST,SINGLE VEHICLE,STRAIGHT & LEVEL,DAYLIGHT,False,2015-11-21 14:18:00-05:00,38.2513956,-85.6368645,False,False,SATURDAY,1004,2015,11,21,14,18,False
LOUISVILLE METRO POLICE DEPT,,,PARK,RD,S,0.73,,,KY1450  ,BLUE LICK,,WHITEOAK PARK,2,1,CLOUDY,DRY,False,LOCAL STREET,COLLISION WITH BICYCLIST,SINGLE VEHICLE,STRAIGHT & LEVEL,DAYLIGHT,False,2015-11-24 16:53:00-05:00,38.1164283,-85.6901119,True,False,TUESDAY,1005,2015,11,24,16,53,False
LOUISVILLE METRO POLICE DEPT,,,BARRET,AVE,,0.32,US0150,BROADWAY,,,,,2,1,CLEAR,DRY,False,LOCAL STREET,COLLISION WITH BICYCLE,SINGLE VEHICLE,STRAIGHT & LEVEL,DAYLIGHT,False,2015-11-25 16:37:00-05:00,38.2442631,-85.7339588,False,False,WEDNESDAY,1006,2015,11,25,16,37,True
LOUISVILLE METRO POLICE DEPT,KY1065,,OUTER,LOOP,,6.988,,,,LAUREL RIDGE,,JUDGE,2,1,CLEAR,DRY,False,STATE,COLLISION WITH BICYCLIST,SINGLE VEHICLE,STRAIGHT & LEVEL,DAYLIGHT,False,2015-11-27 14:50:00-05:00,38.1378721,-85.6696753,False,False,FRIDAY,1007,2015,11,27,14,50,False
LOUISVILLE METRO POLICE DEPT,,,42ND,ST,S,0.691,,,,ELLIOTT,,BROADWAY,2,1,RAINING,WET,True,LOCAL STREET,COLLISION WITH BICYCLIST,SINGLE VEHICLE,STRAIGHT & LEVEL,DARK-HWY NOT LIGHTED,False,2015-11-29 20:09:00-05:00,38.2521799,-85.8224194,True,False,SUNDAY,1008,2015,11,29,20,9,False
LOUISVILLE METRO POLICE DEPT,US0031E,,BARDSTOWN,RD,,11.344,,BASHFORD MANOR,,,,,2,1,CLEAR,DRY,False,FEDERAL,COLLISION WITH BICYCLE,SINGLE VEHICLE,STRAIGHT & LEVEL,DAYLIGHT,False,2015-12-03 15:56:00-05:00,38.2028855,-85.6645763,False,False,THURSDAY,1009,2015,12,3,15,56,True
SHIVELY POLICE DEPARTMENT,,,STALLINGS,AVE,,0.005,US0031W,DIXIE,,,,,2,1,CLEAR,DRY,False,LOCAL STREET,COLLISION WITH BICYCLE,SINGLE VEHICLE,STRAIGHT & LEVEL,DAYLIGHT,False,2015-12-11 10:44:00-05:00,38.1747011,-85.8227096,True,False,FRIDAY,1010,2015,12,11,10,44,False
LOUISVILLE METRO POLICE DEPT,,,GAGEL,AVE,,0.919,,,,ESTATE,,DE MEL,2,1,CLEAR,DRY,False,LOCAL STREET,COLLISION WITH BICYCLIST,SINGLE VEHICLE,STRAIGHT & HILLCREST,DUSK,False,2015-12-13 18:20:00-05:00,38.1727528,-85.8058467,True,False,SUNDAY,1011,2015,12,13,18,20,False
LOUISVILLE METRO POLICE DEPT,,,REASOR,AVE,,0.0,KY0864,GOSS,,,,,2,1,CLEAR,DRY,False,COUNTY ROAD,COLLISION WITH BICYCLE,SINGLE VEHICLE,STRAIGHT & LEVEL,DAYLIGHT,False,2016-01-02 15:10:00-05:00,38.2245799,-85.7311092,True,False,SATURDAY,1012,2016,1,2,15,10,False
LOUISVILLE METRO POLICE DEPT,US0042,,US42,,,5.925,,,,,,,2,1,CLEAR,DRY,False,FEDERAL,COLLISION WITH BICYCLIST,SINGLE VEHICLE,STRAIGHT & LEVEL,DAYLIGHT,False,2016-01-06 13:56:00-05:00,38.281396,-85.6346458,False,False,WEDNESDAY,1013,2016,1,6,13,56,False
LOUISVILLE METRO POLICE DEPT,KY1020,927.0,2ND,ST,S,11.708,,,,,,,2,1,CLEAR,DRY,True,STATE,COLLISION WITH BICYCLIST,SINGLE VEHICLE,STRAIGHT & LEVEL,DAYLIGHT,False,2016-01-14 10:00:00-05:00,38.2402026,-85.756035,False,False,THURSDAY,1014,2016,1,14,10,0,False
LOUISVILLE METRO POLICE DEPT,KY1020,,2ND,ST,S,11.745,,,,BRECKINRIDGE,,KENTUCKY,2,1,CLEAR,DRY,True,STATE,COLLISION WITH BICYCLIST,SINGLE VEHICLE,STRAIGHT & LEVEL,DAYLIGHT,False,2016-01-14 11:48:00-05:00,38.2407328,-85.7559704,True,False,THURSDAY,1015,2016,1,14,11,48,False
LOUISVILLE METRO POLICE DEPT,,,SAINT CATHERINE,ST,E,0.866,KY0061,JACKSON,,,,,2,1,BLOWING SAND/SOIL/DIRT/SNOW,SNOW/SLUSH,False,LOCAL STREET,COLLISION WITH BICYCLE,SINGLE VEHICLE,STRAIGHT & LEVEL,DARK-HWY LIGHTED/ON,False,2016-01-22 21:40:00-05:00,38.2353304,-85.7472943,True,False,FRIDAY,1016,2016,1,22,21,40,False
LOUISVILLE METRO POLICE DEPT,,,COOPER CHAPEL,RD,,0.819,,,,INDIAN FALLS,,LEISURE,2,1,CLOUDY,DRY,False,LOCAL STREET,COLLISION WITH BICYCLIST,SINGLE VEHICLE,STRAIGHT & LEVEL,DAYLIGHT,False,2016-01-29 09:32:00-05:00,38.1032148,-85.657555,True,False,FRIDAY,1017,2016,1,29,9,32,False
LOUISVILLE METRO POLICE DEPT,,,4TH,ST,S,3.226,US0060A,WINKLER,,,,,2,1,CLEAR,DRY,False,LOCAL STREET,COLLISION WITH BICYCLE,SINGLE VEHICLE,STRAIGHT & LEVEL,DARK-HWY LIGHTED/ON,False,2016-02-03 06:35:00-05:00,38.2102901,-85.7646645,True,False,WEDNESDAY,1018,2016,2,3,6,35,True