investigating_agency,roadway_number,building_number,roadway_name,roadway_suffix,roadway_direction,milepoint,intersection_roadway_number,intersection_roadway_name,between_street_number_1,between_street_name_1,between_street_number_2,between_street_name_2,units_involved,motor_vehicles_involved,weather,roadway_condition,hit_and_run_indicator,roadway_type,directional_analysis,manner_of_collision,roadway_character,light_condition,secondary_collision_indicator,date,latitude,longitude,injury_indicator,fatality_indicator,day_of_week,accident_id,year,month,day,hour,minute,lighted_signal_indicator
LOUISVILLE METRO POLICE DEPT,,,BARRET,AVE,,1.012,,WINTER,,,,,2,1,CLEAR,DRY,False,LOCAL STREET,COLLISION WITH BICYCLE,SINGLE VEHICLE,STRAIGHT & LEVEL,DAYLIGHT,False,2016-02-03 08:55:00-05:00,38.2357083,-85.7276376,True,False,WEDNESDAY,1019,2016,2,3,8,55,False
LOUISVILLE METRO POLICE DEPT,,,HARTLAGE,CT,,0.575,KY1934,CANE RUN,,,,,2,1,CLEAR,DRY,False,LOCAL STREET,COLLISION WITH BICYCLE,SINGLE VEHICLE,STRAIGHT & LEVEL,DAYLIGHT,False,2016-02-06 14:12:00-05:00,38.2004048,-85.8359467,True,False,SATURDAY,1020,2016,2,6,14,12,False
LOUISVILLE METRO POLICE DEPT,,,LINCOLN,AVE,,0.722,KY1931,7TH,,,,,2,1,CLEAR,DRY,False,LOCAL STREET,COLLISION WITH BICYCLE,SINGLE VEHICLE,STRAIGHT & LEVEL,DARK-HWY LIGHTED/ON,False,2016-02-06 22:23:00-05:00,38.2184766,-85.7790853,True,False,SATURDAY,1021,2016,2,6,22,23,False
LOUISVILLE METRO POLICE DEPT,KY1447,,WESTPORT,RD,,4.933,,,,,,,2,1,CLOUDY,DRY,False,STATE,COLLISION WITH BICYCLIST,SINGLE VEHICLE,STRAIGHT & LEVEL,DAYLIGHT,False,2016-03-02 13:44:00-05:00,38.2860233,-85.5777139,False,False,WEDNESDAY,1022,2016,3,2,13,44,False
LOUISVILLE METRO POLICE DEPT,KY1020,,3RD,ST,S,10.323,,CARDINAL,,,,,2,1,CLEAR,DRY,False,STATE,COLLISION WITH BICYCLE,SINGLE VEHICLE,STRAIGHT & LEVEL,DAYLIGHT,False,2016-03-08 10:00:00-05:00,38.2205542,-85.7611768,False,False,TUESDAY,1023,2016,3,8,10,0,False
UNIV. OF LOUISVILLE POLICE,,,4TH,ST,S,2.779,,,,,,,2,1,CLOUDY,DRY,False,LOCAL STREET,COLLISION WITH BICYCLIST,SINGLE VEHICLE,STRAIGHT & HILLCREST,DAYLIGHT,False,2016-03-11 11:05:00-05:00,38.2167243,-85.7635804,True,False,FRIDAY,1024,2016,3,11,11,5,False
LOUISVILLE METRO POLICE DEPT,,,29TH,ST,N,0.715,,,,ALFORD,,DUNCAN,2,1,CLEAR,DRY,True,LOCAL STREET,COLLISION WITH BICYCLIST,SINGLE VEHICLE,STRAIGHT & LEVEL,DAYLIGHT,False,2016-03-11 18:17:00-05:00,38.2653783,-85.7986299,True,False,FRIDAY,1025,2016,3,11,18,17,False
UNIV. OF LOUISVILLE POLICE,,,CARDINAL,BLVD,W,0.106,KY1020,2ND,,,,,2,1,CLEAR,DRY,False,LOCAL STREET,COLLISION WITH BICYCLE,SINGLE VEHICLE,STRAIGHT & LEVEL,DARK-HWY LIGHTED/ON,False,2016-03-21 22:51:00-04:00,38.2204283,-85.7597911,False,False,MONDAY,1026,2016,3,21,22,51,True
LOUISVILLE METRO POLICE DEPT,,1228.0,BARRET,AVE,,1.337,,,,,,,2,1,CLEAR,DRY,False,LOCAL STREET,COLLISION WITH BICYCLIST,SINGLE VEHICLE,STRAIGHT & LEVEL,DAYLIGHT,False,2016-03-22 17:19:00-04:00,38.2316839,-85.7245154,True,False,TUESDAY,1027,2016,3,22,17,19,False
LOUISVILLE METRO POLICE DEPT,,,MADISON,,,,,DR W J HODGE,,,,,2,1,CLEAR,DRY,True,LOCAL STREET,COLLISION WITH BICYCLE,ANGLE,STRAIGHT & LEVEL,DARK-HWY LIGHTED/OFF,False,2016-03-26 00:00:00-04:00,38.201666667,-85.536666667,True,False,SATURDAY,1028,2016,3,26,0,0,False
LOUISVILLE METRO POLICE DEPT,US0031E,967.0,BAXTER,AVE,,15.697,,,,,,,2,1,CLEAR,DRY,True,FEDERAL,COLLISION WITH BICYCLIST,SINGLE VEHICLE,STRAIGHT & LEVEL,DUSK,False,2016-03-26 10:00:00-04:00,38.2408545,-85.7247778,False,False,SATURDAY,1029,2016,3,26,10,0,False
LOUISVILLE METRO POLICE DEPT,,,BARRET,AVE,,0.113,,RUBEL,,,,,2,1,CLOUDY,DRY,False,LOCAL STREET,COLLISION WITH BICYCLE,SINGLE VEHICLE,CURVE & LEVEL,DAYLIGHT,False,2016-03-27 13:38:00-04:00,38.2466188,-85.7315897,False,False,SUNDAY,1030,2016,3,27,13,38,False
LOUISVILLE METRO POLICE DEPT,,,HUBBARDS,LN,,,,,,LEDYARD,,BLEMHIEM,2,1,CLOUDY,DRY,False,LOCAL STREET,COLLISION WITH BICYCLIST,SIDESWIPE-OPPOSITE DIRECTION,STRAIGHT & LEVEL,DARK-HWY LIGHTED/ON,False,2016-03-27 20:30:00-04:00,38.201666667,-85.536666667,False,False,SUNDAY,1031,2016,3,27,20,30,False
LOUISVILLE METRO POLICE DEPT,KY0155,,TAYLORSVILLE,RD,,12.114,,,,ARBORO,,CARDWELL,2,1,CLEAR,DRY,False,STATE,COLLISION WITH BICYCLIST,SINGLE VEHICLE,STRAIGHT & LEVEL,DARK-HWY LIGHTED/ON,False,2016-04-05 22:08:00-04:00,38.2188896,-85.6034284,True,False,TUESDAY,1032,2016,4,5,22,8,False
LOUISVILLE METRO POLICE DEPT,,,16TH,ST,S,0.732,US0150,BROADWAY,,,,,2,1,CLOUDY,WET,False,LOCAL STREET,COLLISION WITH BICYCLE,SINGLE VEHICLE,STRAIGHT & LEVEL,DAYLIGHT,False,2016-04-11 16:10:00-04:00,38.2485537,-85.7781843,True,False,MONDAY,1033,2016,4,11,16,10,False
LOUISVILLE METRO POLICE DEPT,,,WHISPERING BROOK,DR,,0.185,,QUIET WOOD,,,,,2,1,CLEAR,DRY,False,LOCAL STREET,COLLISION WITH BICYCLE,SINGLE VEHICLE,STRAIGHT & GRADE,DAYLIGHT,False,2016-04-15 11:35:00-04:00,38.1042612,-85.6965742,False,True,FRIDAY,1034,2016,4,15,11,35,False
LOUISVILLE METRO POLICE DEPT,US0031E,,BARDSTOWN,RD,,14.049,,ROANOKE,,,,,2,1,CLEAR,DRY,False,FEDERAL,COLLISION WITH BICYCLE,SINGLE VEHICLE,STRAIGHT & LEVEL,DAYLIGHT,False,2016-04-16 18:55:00-04:00,38.2278071,-85.7000018,False,False,SATURDAY,1035,2016,4,16,18,55,True
LOUISVILLE METRO POLICE DEPT,,,DIXIE GARDEN,DR,,0.309,,BLAZE,,,,,2,1,CLEAR,DRY,False,COUNTY ROAD,COLLISION WITH BICYCLE,SINGLE VEHICLE,CURVE & LEVEL,DAYLIGHT,False,2016-04-19 19:50:00-04:00,38.10143,-85.8767086,False,False,TUESDAY,1036,2016,4,19,19,50,False
LOUISVILLE METRO POLICE DEPT,KY0061,,JACKSON,ST,S,11.407,,SHELBY,,,,,2,1,CLEAR,DRY,True,STATE,COLLISION WITH BICYCLE,SINGLE VEHICLE,STRAIGHT & LEVEL,DAYLIGHT,False,2016-04-23 14:08:00-04:00,38.2324702,-85.7478062,False,False,SATURDAY,1037,2016,4,23,14,8,False
LOUISVILLE METRO POLICE DEPT,US0031E,,MARKET,ST,E,17.576,,,,,,,2,1,CLEAR,DRY,False,FEDERAL,COLLISION WITH BICYCLIST,SINGLE VEHICLE,STRAIGHT & LEVEL,DAYLIGHT,False,2016-04-25 09:34:00-04:00,38.2545461,-85.750373,True,False,MONDAY,1038,2016,4,25,9,34,False
LOUISVILLE METRO POLICE DEPT,,1784.0,GAULBERT,AVE,W,0.623,,,,,,,2,1,CLOUDY,WET,False,LOCAL STREET,COLLISION WITH BICYCLIST,SINGLE VEHICLE,STRAIGHT & LEVEL,DAYLIGHT,False,2016-05-02 18:40:00-04:00,38.227533333,-85.789733333,False,False,MONDAY,1039,2016,5,2,18,40,False
LOUISVILLE METRO POLICE DEPT,US0150,,BROADWAY,,W,2.56,KY1020,2ND,,,,,2,1,CLEAR,DRY,False,FEDERAL,COLLISION WITH BICYCLE,SINGLE VEHICLE,STRAIGHT & LEVEL,DAYLIGHT,False,2016-05-03 15:40:00-04:00,38.2458371,-85.7550449,True,False,TUESDAY,1040,2016,5,3,15,40,True
LOUISVILLE METRO POLICE DEPT,,,HOERTZ,AVE,,0.114,,,,,,,2,1,CLEAR,DRY,True,LOCAL STREET,COLLISION WITH BICYCLIST,SINGLE VEHICLE,STRAIGHT & LEVEL,DAYLIGHT,False,2016-05-04 13:30:00-04:00,38.2265882,-85.737744,False,False,WEDNESDAY,1041,2016,5,4,13,30,False
LOUISVILLE METRO POLICE DEPT,,,DIXIE,HWY,,1.494,,HILL,,,,,2,1,CLEAR,DRY,True,LOCAL STREET,COLLISION WITH BICYCLE,SINGLE VEHICLE,STRAIGHT & LEVEL,DAYLIGHT,False,2016-05-09 16:25:00-04:00,38.2283671,-85.7905463,True,False,MONDAY,1042,2016,5,9,16,25,True
LOUISVILLE METRO POLICE DEPT,,,DURRETT,LN,,0.001,KY0061,PRESTON,,,,,2,1,CLOUDY,WET,False,LOCAL STREET,COLLISION WITH BICYCLE,SINGLE VEHICLE,STRAIGHT & LEVEL,DAYLIGHT,False,2016-05-11 05:46:00-04:00,38.1863365,-85.7241763,True,False,WEDNESDAY,1043,2016,5,11,5,46,True
LOUISVILLE METRO POLICE DEPT,,,34TH,ST,S,0.312,,LARKWOOD,,,,,2,1,CLEAR,DRY,False,LOCAL STREET,COLLISION WITH BICYCLE,SINGLE VEHICLE,STRAIGHT & LEVEL,DAYLIGHT,False,2016-05-11 14:21:00-04:00,38.2577575,-85.8075609,False,False,WEDNESDAY,1044,2016,5,11,14,21,False
LOUISVILLE METRO POLICE DEPT,,,ZORN,AVE,,1.749,,RIVER,,,,,2,1,CLEAR,DRY,False,COUNTY ROAD,COLLISION WITH BICYCLE,SINGLE VEHICLE,STRAIGHT & LEVEL,DAYLIGHT,False,2016-05-24 00:00:00-04:00,38.2774136,-85.6991552,True,False,TUESDAY,1045,2016,5,24,0,0,True
SHIVELY POLICE DEPARTMENT,KY1931,3200.0,7TH STREET,RD,,9.146,,,,,,,2,1,CLEAR,DRY,True,STATE,COLLISION WITH BICYCLIST,SINGLE VEHICLE,STRAIGHT & LEVEL,DARK-HWY NOT LIGHTED,False,2016-05-28 22:13:00-04:00,38.2038077,-85.7911266,True,False,SATURDAY,1046,2016,5,28,22,13,False
LOUISVILLE METRO POLICE DEPT,,,MAHONEY,DR,,0.003,,JOHNSONTOWN,,,,,2,1,CLEAR,DRY,False,LOCAL STREET,COLLISION WITH BICYCLE,SINGLE VEHICLE,STRAIGHT & LEVEL,DAYLIGHT,False,2016-05-31 17:32:00-04:00,38.1214351,-85.8616031,False,False,TUESDAY,1047,2016,5,31,17,32,False
SHIVELY POLICE DEPARTMENT,US0031W,,DIXIE,HWY,,15.658,,,,MATHEIS,,MATHEIS,2,1,CLEAR,DRY,False,FEDERAL,COLLISION WITH BICYCLIST,SINGLE VEHICLE,STRAIGHT & LEVEL,DAYLIGHT,False,2016-06-03 16:26:00-04:00,38.1960878,-85.8054222,True,False,FRIDAY,1048,2016,6,3,16,26,False
LOUISVILLE METRO POLICE DEPT,US0031W,5244.0,DIXIE,HWY,,12.761,,,,,,,2,1,CLOUDY,DRY,False,FEDERAL,COLLISION WITH BICYCLIST,SINGLE VEHICLE,STRAIGHT & LEVEL,DAYLIGHT,False,2016-06-03 16:30:00-04:00,38.1604939,-85.832605,True,False,FRIDAY,1049,2016,6,3,16,30,False
LOUISVILLE METRO POLICE DEPT,,,30TH,ST,S,0.841,,,,SOUTHERN,,YOUNG,2,1,RAINING,WET,True,LOCAL STREET,COLLISION WITH BICYCLIST,SINGLE VEHICLE,STRAIGHT & LEVEL,DAYLIGHT,False,2016-06-04 19:05:00-04:00,38.2316607,-85.805915,False,False,SATURDAY,1050,2016,6,4,19,5,False
LOUISVILLE METRO POLICE DEPT,,,NOLTEMEYER WYNDE,,,0.009,KY1065,OUTER,,,,,2,1,CLEAR,DRY,False,LOCAL STREET,COLLISION WITH BICYCLE,SINGLE VEHICLE,STRAIGHT & LEVEL,DAYLIGHT,False,2016-06-10 09:50:00-04:00,38.1382651,-85.680439,True,False,FRIDAY,1051,2016,6,10,9,50,False
LOUISVILLE METRO POLICE DEPT,,,FAIRMOUNT,RD,,2.477,,,,OLD BARDSTOWN,,GENTRY,2,1,CLEAR,DRY,False,LOCAL STREET,COLLISION WITH BICYCLIST,SINGLE VEHICLE,STRAIGHT & LEVEL,DAYLIGHT,False,2016-06-12 10:00:00-04:00,38.1169832,-85.572883,False,False,SUNDAY,1052,2016,6,12,10,0,False
LOUISVILLE METRO POLICE DEPT,,,CHAMPION LAKES,PL,,0.164,,CHAMPION LAKES,,,,,3,1,CLOUDY,DRY,False,LOCAL STREET,COLLISION WITH BICYCLE,SINGLE VEHICLE,STRAIGHT & LEVEL,DARK-HWY LIGHTED/ON,False,2016-06-12 22:51:00-04:00,38.2755902,-85.4810527,True,False,SUNDAY,1053,2016,6,12,22,51,False
LOUISVILLE METRO POLICE DEPT,KY2048,,CANNONS,LN,,1.946,,,,NANZ,,GRANDVIEW,2,1,CLEAR,DRY,False,STATE,COLLISION WITH BICYCLIST,SINGLE VEHICLE,CURVE & LEVEL,DAYLIGHT,False,2016-06-15 15:15:00-04:00,38.2445649,-85.6628452,False,False,WEDNESDAY,1054,2016,6,15,15,15,False
LOUISVILLE METRO POLICE DEPT,US0031E,,BARDSTOWN,RD,,13.209,,,,WEBER,,TREVILIAN,2,1,CLEAR,DRY,False,FEDERAL,COLLISION WITH BICYCLIST,SINGLE VEHICLE,CURVE & GRADE,DAYLIGHT,False,2016-06-16 13:46:00-04:00,38.2234563,-85.686056,False,False,THURSDAY,1055,2016,6,16,13,46,False
LOUISVILLE METRO POLICE DEPT,,,8TH,ST,S,0.073,,,,,,,1,1,CLEAR,DRY,True,LOCAL STREET,COLLISION WITH BICYCLIST,SINGLE VEHICLE,STRAIGHT & LEVEL,DAYLIGHT,False,2016-06-17 10:00:00-04:00,38.2562902,-85.7633325,False,False,FRIDAY,1056,2016,6,17,10,0,False
LOUISVILLE METRO POLICE DEPT,,4911.0,SHASTA,TRL,,0.517,,,,,,,2,1,CLEAR,DRY,False,NONE OF THE ABOVE,COLLISION WITH BICYCLIST,SINGLE VEHICLE,STRAIGHT & LEVEL,DAYLIGHT,False,2016-06-19 18:39:00-04:00,38.1788181,-85.6717813,True,False,SUNDAY,1057,2016,6,19,18,39,False
LOUISVILLE METRO POLICE DEPT,US0060A,,TAYLOR,BLVD,,2.537,,,,IOWA,,TENNESSEE,2,1,CLEAR,DRY,False,FEDERAL,COLLISION WITH BICYCLIST,SINGLE VEHICLE,STRAIGHT & LEVEL,DAYLIGHT,False,2016-06-21 12:00:00-04:00,38.2088419,-85.7730377,False,False,TUESDAY,1058,2016,6,21,12,0,False
LOUISVILLE METRO POLICE DEPT,,,4TH,ST,S,3.267,,,,,,,2,1,CLEAR,DRY,True,LOCAL STREET,COLLISION WITH BICYCLIST,SINGLE VEHICLE,STRAIGHT & GRADE,DAYLIGHT,False,2016-06-22 19:12:00-04:00,38.2097046,-85.7647768,True,False,WEDNESDAY,1059,2016,6,22,19,12,False
LOUISVILLE METRO POLICE DEPT,,,STANDARD,AVE,,0.135,US0031W,22ND,,,,,2,1,CLEAR,DRY,False,LOCAL STREET,COLLISION WITH BICYCLE,SINGLE VEHICLE,STRAIGHT & LEVEL,DAYLIGHT,False,2016-06-24 11:12:00-04:00,38.2315593,-85.7917539,True,False,FRIDAY,1060,2016,6,24,11,12,True
LOUISVILLE METRO POLICE DEPT,,,COLORADO,AVE,,0.643,,,,TENNESSEE,,LINCOLN,2,1,CLEAR,DRY,False,LOCAL STREET,COLLISION WITH BICYCLIST,SINGLE VEHICLE,STRAIGHT & HILLCREST,DAYLIGHT,False,2016-06-26 18:36:00-04:00,38.2127085,-85.7752983,True,False,SUNDAY,1061,2016,6,26,18,36,False
LOUISVILLE METRO POLICE DEPT,KY1931,,7TH,ST,,10.332,,,,,,,2,1,CLEAR,DRY,True,STATE,COLLISION WITH BICYCLIST,SINGLE VEHICLE,STRAIGHT & LEVEL,DAYLIGHT,False,2016-07-03 16:52:00-04:00,38.218253,-85.7793547,True,False,SUNDAY,1062,2016,7,3,16,52,False
JEFFERSONTOWN POLICE DEPT,KY0155,,TAYLORSVILLE,RD,,10.696,,JANLYN,,,,,2,1,CLOUDY,DRY,False,STATE,COLLISION WITH BICYCLE,SINGLE VEHICLE,STRAIGHT & LEVEL,DAYLIGHT,False,2016-07-07 10:01:00-04:00,38.2076413,-85.5831238,True,False,THURSDAY,1063,2016,7,7,10,1,False
LOUISVILLE METRO POLICE DEPT,US0060,,FRANKFORT,AVE,,1.214,,PETERSON,,,,,2,1,CLEAR,DRY,False,FEDERAL,COLLISION WITH BICYCLE,SINGLE VEHICLE,STRAIGHT & LEVEL,DAYLIGHT,False,2016-07-07 15:54:00-04:00,38.2539861,-85.6980822,True,False,THURSDAY,1064,2016,7,7,15,54,False
LOUISVILLE METRO POLICE DEPT,,,LOWELL,AVE,,0.533,US0031E,BARDSTOWN,,,,,2,1,RAINING,WET,False,LOCAL STREET,COLLISION WITH BICYCLE,SINGLE VEHICLE,STRAIGHT & GRADE,DAYLIGHT,False,2016-07-08 11:57:00-04:00,38.2209589,-85.6815157,True,False,FRIDAY,1065,2016,7,8,11,57,False
LOUISVILLE METRO POLICE DEPT,,,TYLER,LN,,0.52,US0031E,BARDSTOWN,,,,,2,1,CLEAR,DRY,False,LOCAL STREET,COLLISION WITH BICYCLE,SINGLE VEHICLE,STRAIGHT & GRADE,DAYLIGHT,False,2016-07-13 14:43:00-04:00,38.2177892,-85.6774723,True,False,WEDNESDAY,1066,2016,7,13,14,43,False
LOUISVILLE METRO POLICE DEPT,KY0061,,PRESTON,HWY,,3.252,,,,SAINT RITA,,TRIO,2,1,CLEAR,DRY,False,STATE,COLLISION WITH BICYCLIST,SINGLE VEHICLE,STRAIGHT & LEVEL,DAYLIGHT,False,2016-07-15 21:06:00-04:00,38.1289293,-85.6814849,False,False,FRIDAY,1067,2016,7,15,21,6,False
LOUISVILLE METRO POLICE DEPT,US0031E,600.0,BAXTER,AVE,,16.082,,,,,,,2,1,CLEAR,DRY,True,FEDERAL,COLLISION WITH BICYCLIST,SINGLE VEHICLE,STRAIGHT & LEVEL,DARK-HWY LIGHTED/ON,False,2016-07-18 00:03:00-04:00,38.2457891,-85.7286052,False,False,MONDAY,1068,2016,7,18,0,3,False
LOUISVILLE METRO POLICE DEPT,,1132.0,CAMDEN,AVE,,0.783,,,,,,,2,1,CLEAR,DRY,False,LOCAL STREET,COLLISION WITH BICYCLIST,SINGLE VEHICLE,STRAIGHT & LEVEL,DAYLIGHT,False,2016-07-19 20:25:00-04:00,38.1925752,-85.7827253,True,False,TUESDAY,1069,2016,7,19,20,25,False
LOUISVILLE METRO POLICE DEPT,,,HILLBROOK,DR,,0.0,KY1932,BRECKENRIDGE,,,,,2,1,CLEAR,DRY,False,LOCAL STREET,COLLISION WITH BICYCLE,SINGLE VEHICLE,CURVE & LEVEL,DAYLIGHT,False,2016-07-21 12:02:00-04:00,38.2241986,-85.634084,False,False,THURSDAY,1070,2016,7,21,12,2,False
LOUISVILLE METRO POLICE DEPT,,,MUHAMMAD ALI,BLVD,W,2.603,,,,,,,3,3,CLEAR,DRY,False,LOCAL STREET,COLLISION WITH BICYCLIST,REAR END,STRAIGHT & LEVEL,DARK-HWY LIGHTED/ON,False,2016-07-30 06:10:00-04:00,38.2558305,-85.7999076,True,False,SATURDAY,1071,2016,7,30,6,10,False
ST. MATTHEWS POLICE DEPARTMENT,US0060,4000.0,SHELBYVILLE,RD,,3.812,,,,,,,2,1,CLOUDY,DRY,False,FEDERAL,COLLISION WITH BICYCLIST,SINGLE VEHICLE,STRAIGHT & LEVEL,DAYLIGHT,False,2016-08-01 14:42:00-04:00,38.2525229,-85.6508934,True,False,MONDAY,1072,2016,8,1,14,42,False
LOUISVILLE METRO POLICE DEPT,,3742.0,LENTZ,AVE,,0.467,,,,,,,2,1,CLEAR,DRY,True,LOCAL STREET,COLLISION WITH BICYCLIST,SINGLE VEHICLE,STRAIGHT & LEVEL,DAYLIGHT,False,2016-08-01 18:50:00-04:00,38.1896266,-85.7861562,False,False,MONDAY,1073,2016,8,1,18,50,False
LOUISVILLE METRO POLICE DEPT,,,CENTRAL,AVE,,1.033,US0060A,TAYLOR,,,,,2,1,CLEAR,DRY,False,LOCAL STREET,COLLISION WITH BICYCLE,SINGLE VEHICLE,STRAIGHT & LEVEL,DARK-HWY LIGHTED/ON,False,2016-08-02 23:47:00-04:00,38.2063757,-85.7762939,True,False,TUESDAY,1074,2016,8,2,23,47,True
SHIVELY POLICE DEPARTMENT,US0031W,,DIXIE,HWY,,13.921,,,,STALLINGS,,KLAGES,3,2,CLEAR,DRY,False,FEDERAL,COLLISION WITH BICYCLIST,ANGLE,STRAIGHT & LEVEL,DARK (UNKNOWN ROADWAY LIGHTING),False,2016-08-03 00:57:00-04:00,38.1751109,-85.8222824,True,False,WEDNESDAY,1075,2016,8,3,0,57,False
LOUISVILLE METRO POLICE DEPT,,1365.0,CYPRESS,ST,,0.255,,,,,,,2,1,CLEAR,DRY,True,LOCAL STREET,COLLISION WITH BICYCLIST,SINGLE VEHICLE,STRAIGHT & LEVEL,DAYLIGHT,False,2016-08-03 19:37:00-04:00,38.2341838,-85.7981286,True,False,WEDNESDAY,1076,2016,8,3,19,37,False
LOUISVILLE METRO POLICE DEPT,,,YORK,ST,,0.416,,,,LIBRARY,,LIBRARY,2,1,CLEAR,DRY,False,LOCAL STREET,COLLISION WITH BICYCLIST,SINGLE VEHICLE,STRAIGHT & LEVEL,DAYLIGHT,False,2016-08-04 10:32:00-04:00,38.2441354,-85.757756,True,False,THURSDAY,1077,2016,8,4,10,32,False
LOUISVILLE METRO POLICE DEPT,KY0061,7121.0,PRESTON,HWY,,4.644,,,,,,,2,1,CLEAR,DRY,False,STATE,COLLISION WITH BICYCLIST,SINGLE VEHICLE,STRAIGHT & LEVEL,DAYLIGHT,False,2016-08-04 11:28:00-04:00,38.1476494,-85.6918352,True,False,THURSDAY,1078,2016,8,4,11,28,False
LOUISVILLE METRO POLICE DEPT,,,SHELBY,ST,S,0.465,,,,BURNETT,,SYLVIA,2,1,CLEAR,DRY,False,LOCAL STREET,COLLISION WITH BICYCLIST,SINGLE VEHICLE,STRAIGHT & LEVEL,DAYLIGHT,False,2016-08-07 14:00:00-04:00,38.2242021,-85.7425338,True,False,SUNDAY,1079,2016,8,7,14,0,False
LOUISVILLE METRO POLICE DEPT,,,HIKES,LN,,2.303,,FURMAN,,,,,2,1,CLEAR,DRY,False,LOCAL STREET,COLLISION WITH BICYCLE,SINGLE VEHICLE,STRAIGHT & LEVEL,DAYLIGHT,False,2016-08-08 17:07:00-04:00,38.2119649,-85.6393858,True,False,MONDAY,1080,2016,8,8,17,7,False
LOUISVILLE METRO POLICE DEPT,,,MILTON,ST,,0.001,,SHELBY,,,,,2,1,CLEAR,DRY,False,LOCAL STREET,COLLISION WITH BICYCLE,SINGLE VEHICLE,STRAIGHT & LEVEL,DAYLIGHT,False,2016-08-12 16:50:00-04:00,38.2258,-85.7418175,False,False,FRIDAY,1081,2016,8,12,16,50,False
SHIVELY POLICE DEPARTMENT,US0031W,,DIXIE,HWY,,15.38,,,KY2049  ,CRUMS,KY2049,CRUMS,2,1,CLEAR,DRY,False,FEDERAL,COLLISION WITH BICYCLIST,SINGLE VEHICLE,STRAIGHT & GRADE,DAYLIGHT,False,2016-08-13 12:50:00-04:00,38.1925268,-85.8077667,True,False,SATURDAY,1082,2016,8,13,12,50,False
LOUISVILLE METRO POLICE DEPT,US0060,,FRANKFORT,AVE,,0.805,,,,CLIFTON,,RASTETTER,2,1,CLEAR,DRY,False,FEDERAL,COLLISION WITH BICYCLIST,SINGLE VEHICLE,STRAIGHT & HILLCREST,DAYLIGHT,False,2016-08-16 17:40:00-04:00,38.2535713,-85.7056277,False,False,TUESDAY,1083,2016,8,16,17,40,False
LOUISVILLE METRO POLICE DEPT,,,26TH,ST,N,0.196,,DUNCAN,,,,,2,1,CLEAR,DRY,False,LOCAL STREET,COLLISION WITH BICYCLE,SINGLE VEHICLE,STRAIGHT & LEVEL,DAYLIGHT,False,2016-08-17 15:26:00-04:00,38.2635577,-85.7932316,True,False,WEDNESDAY,1084,2016,8,17,15,26,False
LOUISVILLE METRO POLICE DEPT,,,26TH,ST,S,0.537,,CHESTNUT,,,,,2,1,CLEAR,DRY,True,LOCAL STREET,COLLISION WITH BICYCLE,SINGLE VEHICLE,STRAIGHT & LEVEL,DARK-HWY LIGHTED/ON,False,2016-08-17 22:23:00-04:00,38.2529874,-85.7945099,False,False,WEDNESDAY,1085,2016,8,17,22,23,False
LOUISVILLE METRO POLICE DEPT,KY2048,,CANNONS,LN,,2.087,,PEE WEE REESE,,,,,2,1,CLEAR,DRY,False,STATE,COLLISION WITH BICYCLE,SINGLE VEHICLE,STRAIGHT & LEVEL,DAYLIGHT,False,2016-08-18 10:00:00-04:00,38.2462472,-85.664296,False,False,THURSDAY,1086,2016,8,18,10,0,False
LOUISVILLE METRO POLICE DEPT,,,STRAWBERRY,LN,,0.276,,,,STEEDLY,,DOWNES,2,1,CLEAR,DRY,True,LOCAL STREET,COLLISION WITH BICYCLIST,SINGLE VEHICLE,STRAIGHT & LEVEL,DARK-HWY NOT LIGHTED,False,2016-08-18 21:10:00-04:00,38.160814,-85.7609155,True,False,THURSDAY,1087,2016,8,18,21,10,False
LOUISVILLE METRO POLICE DEPT,KY0841,,,,,0.286,KY1020,NATIONAL,,,,,2,2,CLEAR,DRY,False,STATE,COLLISION WITH BICYCLE,ANGLE,STRAIGHT & GRADE,DAYLIGHT,False,2016-08-21 12:25:00-04:00,38.1166255,-85.7480769,True,False,SUNDAY,1088,2016,8,21,12,25,False
LOUISVILLE METRO POLICE DEPT,US0031W,,DIXIE,HWY,,8.276,,BARRETT,,,,,2,1,CLEAR,DRY,False,FEDERAL,COLLISION WITH BICYCLE,SINGLE VEHICLE,STRAIGHT & LEVEL,DAYLIGHT,False,2016-08-21 12:25:00-04:00,38.1029702,-85.8696461,True,False,SUNDAY,1089,2016,8,21,12,25,False
ST. MATTHEWS POLICE DEPARTMENT,KY1447,,RIDGEWAY,AVE,,0.455,KY1447,WESTPORT,,,,,2,1,CLOUDY,DRY,False,STATE,COLLISION WITH BICYCLE,SINGLE VEHICLE,STRAIGHT & LEVEL,DAYLIGHT,False,2016-08-21 16:38:00-04:00,38.2568034,-85.6482369,False,False,SUNDAY,1090,2016,8,21,16,38,False
AUDUBON PARK POLICE DEPARTMENT,KY0061,,PRESTON,HWY,,9.934,,,,PARKWAY,,CLARKS,2,1,CLEAR,DRY,False,STATE,COLLISION WITH BICYCLIST,SINGLE VEHICLE,STRAIGHT & GRADE,DAYLIGHT,False,2016-08-22 16:10:00-04:00,38.2127128,-85.7412891,True,False,MONDAY,1091,2016,8,22,16,10,False