investigating_agency,roadway_number,building_number,roadway_name,roadway_suffix,roadway_direction,milepoint,intersection_roadway_number,intersection_roadway_name,between_street_number_1,between_street_name_1,between_street_number_2,between_street_name_2,units_involved,motor_vehicles_involved,weather,roadway_condition,hit_and_run_indicator,roadway_type,directional_analysis,manner_of_collision,roadway_character,light_condition,secondary_collision_indicator,date,latitude,longitude,injury_indicator,fatality_indicator,day_of_week,accident_id,year,month,day,hour,minute,lighted_signal_indicator
LOUISVILLE METRO POLICE DEPT,,,HALE,AVE,,2.619,,45TH,,,,,2,1,CLEAR,DRY,False,LOCAL STREET,COLLISION WITH BICYCLE,SINGLE VEHICLE,STRAIGHT & LEVEL,DAWN,False,2016-08-31 21:10:00-04:00,38.2420202,-85.8279381,True,False,WEDNESDAY,1092,2016,8,31,21,10,False
LOUISVILLE METRO POLICE DEPT,,,CITATION,RD,,0.0,US0031W,DIXIE,,,,,2,1,CLOUDY,DRY,True,LOCAL STREET,COLLISION WITH BICYCLE,SINGLE VEHICLE,STRAIGHT & LEVEL,DAYLIGHT,False,2016-09-01 10:30:00-04:00,38.1132855,-85.8625145,True,False,THURSDAY,1093,2016,9,1,10,30,True
LOUISVILLE METRO POLICE DEPT,,,40TH,ST,N,0.128,,DUNCAN,,,,,2,1,CLEAR,DRY,False,LOCAL STREET,COLLISION WITH BICYCLE,SINGLE VEHICLE,STRAIGHT & LEVEL,DAYLIGHT,False,2016-09-03 18:58:00-04:00,38.2659911,-85.8144405,True,False,SATURDAY,1094,2016,9,3,18,58,False
LOUISVILLE METRO POLICE DEPT,,,PAYNE,ST,,0.108,US0031E,BAXTER,,,,,2,1,CLEAR,DRY,False,COUNTY ROAD,COLLISION WITH BICYCLE,SINGLE VEHICLE,STRAIGHT & LEVEL,DAYLIGHT,False,2016-09-09 14:00:00-04:00,38.246263,-85.7289416,True,False,FRIDAY,1095,2016,9,9,14,0,False
GRAYMOOR-DEVONDALE POLICE DEPT,KY2050,,HERR,LN,,1.031,KY1447,WESTPORT,,,,,2,1,CLEAR,DRY,False,STATE,COLLISION WITH BICYCLE,SINGLE VEHICLE,STRAIGHT & LEVEL,DAYLIGHT,False,2016-09-09 14:55:00-04:00,38.2702171,-85.615673,True,False,FRIDAY,1096,2016,9,9,14,55,True
LOUISVILLE METRO POLICE DEPT,,,MASEMURE,CT,,0.003,,,,GOLDSMITH,,DELL BROOKE,2,1,CLEAR,DRY,False,LOCAL STREET,COLLISION WITH BICYCLIST,SINGLE VEHICLE,STRAIGHT & LEVEL,DAYLIGHT,False,2016-09-09 15:39:00-04:00,38.2072028,-85.6517326,False,False,FRIDAY,1097,2016,9,9,15,39,False
LOUISVILLE METRO POLICE DEPT,,,HANCOCK,ST,S,0.688,US0150,BROADWAY,,,,,2,1,CLEAR,DRY,False,LOCAL STREET,COLLISION WITH BICYCLE,SINGLE VEHICLE,CURVE & LEVEL,DAYLIGHT,False,2016-09-09 17:00:00-04:00,38.2451289,-85.7435651,True,False,FRIDAY,1098,2016,9,9,17,0,False
LOUISVILLE METRO POLICE DEPT,,,DIXIE,HWY,,1.367,,,,,,,2,1,CLEAR,DRY,False,LOCAL STREET,COLLISION WITH BICYCLIST,SINGLE VEHICLE,STRAIGHT & GRADE,DAYLIGHT,False,2016-09-11 10:42:00-04:00,38.2301016,-85.7897785,True,False,SUNDAY,1099,2016,9,11,10,42,False
LOUISVILLE METRO POLICE DEPT,,,HILL,ST,W,0.186,KY1020,3RD,,,,,2,1,CLEAR,DRY,False,LOCAL STREET,COLLISION WITH BICYCLE,SINGLE VEHICLE,STRAIGHT & LEVEL,DAYLIGHT,False,2016-09-11 15:25:00-04:00,38.2258155,-85.7603258,True,False,SUNDAY,1100,2016,9,11,15,25,True
LOUISVILLE METRO POLICE DEPT,,,CHEROKEE,RD,,0.351,,,,HIGHLAND,KY2860,GRINSTEAD,2,1,CLEAR,DRY,False,LOCAL STREET,COLLISION WITH BICYCLIST,SINGLE VEHICLE,STRAIGHT & LEVEL,DAYLIGHT,False,2016-09-12 08:22:00-04:00,38.2405462,-85.7220472,False,False,MONDAY,1101,2016,9,12,8,22,False
LOUISVILLE METRO POLICE DEPT,,,QUEST,DR,,0.0,,CHESTNUT,,,,,2,1,CLEAR,DRY,True,LOCAL STREET,COLLISION WITH BICYCLE,SINGLE VEHICLE,STRAIGHT & LEVEL,DARK-HWY LIGHTED/ON,False,2016-09-14 21:34:00-04:00,38.250553,-85.7724446,False,False,WEDNESDAY,1102,2016,9,14,21,34,False
LOUISVILLE METRO POLICE DEPT,,,SAINT CATHERINE,ST,E,0.866,KY0061,JACKSON,,,,,2,1,CLEAR,DRY,True,LOCAL STREET,COLLISION WITH BICYCLE,SINGLE VEHICLE,STRAIGHT & LEVEL,DAYLIGHT,False,2016-09-16 07:34:00-04:00,38.2353329,-85.7472892,True,False,FRIDAY,1103,2016,9,16,7,34,False
LOUISVILLE METRO POLICE DEPT,,3208.0,DUVALLE,DR,,0.001,,,,,,,2,1,CLEAR,DRY,False,LOCAL STREET,COLLISION WITH BICYCLIST,SINGLE VEHICLE,STRAIGHT & LEVEL,DAYLIGHT,False,2016-09-17 16:00:00-04:00,38.227094,-85.8089138,False,False,SATURDAY,1104,2016,9,17,16,0,False
LOUISVILLE METRO POLICE DEPT,KY0864,,SHELBY,ST,S,15.149,,,,,,,3,3,CLEAR,DRY,True,STATE,COLLISION WITH BICYCLIST,SIDESWIPE-SAME DIRECTION,STRAIGHT & LEVEL,DAYLIGHT,False,2016-09-17 17:30:00-04:00,38.2397949,-85.740335,False,False,SATURDAY,1105,2016,9,17,17,30,False
LOUISVILLE METRO POLICE DEPT,,,7TH,ST,S,0.038,,,KY2054  ,ALGONQUIN,,INDUSTRY,2,1,CLOUDY,DRY,True,LOCAL STREET,COLLISION WITH BICYCLIST,SINGLE VEHICLE,STRAIGHT & LEVEL,DAYLIGHT,False,2016-09-19 00:00:00-04:00,38.2203862,-85.7768133,True,False,MONDAY,1106,2016,9,19,0,0,False
LOUISVILLE METRO POLICE DEPT,,,PARK BOUNDARY,RD,,0.545,,,,,,,2,1,CLEAR,DRY,False,LOCAL STREET,COLLISION WITH BICYCLIST,SINGLE VEHICLE,CURVE & GRADE,DAYLIGHT,False,2016-09-19 15:48:00-04:00,38.2325669,-85.6821604,True,False,MONDAY,1107,2016,9,19,15,48,False
LOUISVILLE METRO POLICE DEPT,US0031E,,BARDSTOWN,RD,,15.35,,,,,,,2,1,CLEAR,DRY,False,FEDERAL,COLLISION WITH BICYCLIST,SINGLE VEHICLE,STRAIGHT & LEVEL,DAWN,False,2016-09-23 08:30:00-04:00,38.2378065,-85.7198949,False,False,FRIDAY,1108,2016,9,23,8,30,False
LOUISVILLE METRO POLICE DEPT,US0031E,,MAIN,ST,W,17.963,,2ND,,,,,2,1,CLEAR,DRY,False,FEDERAL,COLLISION WITH BICYCLE,SINGLE VEHICLE,STRAIGHT & LEVEL,DAYLIGHT,False,2016-09-25 09:28:00-04:00,38.2562754,-85.7533408,False,False,SUNDAY,1109,2016,9,25,9,28,False
LOUISVILLE METRO POLICE DEPT,,5604.0,FOX HORN,CIR,,0.06,,,,,,,2,1,CLEAR,DRY,False,NONE OF THE ABOVE,COLLISION WITH BICYCLIST,SINGLE VEHICLE,STRAIGHT & LEVEL,DAYLIGHT,False,2016-09-27 18:20:00-04:00,38.1628863,-85.8565622,True,False,TUESDAY,1110,2016,9,27,18,20,False
LOUISVILLE METRO POLICE DEPT,US0031E,,BARDSTOWN,RD,,12.012,,,,,,,2,1,CLOUDY,DRY,True,FEDERAL,COLLISION WITH BICYCLIST,SINGLE VEHICLE,CURVE & LEVEL,DAYLIGHT,False,2016-09-29 14:20:00-04:00,38.2108132,-85.6710307,False,False,THURSDAY,1111,2016,9,29,14,20,False
LOUISVILLE METRO POLICE DEPT,US0031W,,DIXIE,HWY,,13.181,,,,,,,2,1,CLOUDY,DRY,False,FEDERAL,COLLISION WITH BICYCLIST,SINGLE VEHICLE,STRAIGHT & LEVEL,DARK-HWY LIGHTED/ON,False,2016-10-03 05:10:00-04:00,38.1668176,-85.8293748,True,False,MONDAY,1112,2016,10,3,5,10,False
LOUISVILLE METRO POLICE DEPT,,,LIBERTY,ST,W,0.699,KY1020,3RD,,,,,2,1,CLEAR,DRY,False,LOCAL STREET,COLLISION WITH BICYCLE,SINGLE VEHICLE,STRAIGHT & LEVEL,DAYLIGHT,False,2016-10-06 17:55:00-04:00,38.2528825,-85.7554972,True,False,THURSDAY,1113,2016,10,6,17,55,True
LOUISVILLE METRO POLICE DEPT,KY1932,,CHENOWETH,LN,,6.28,,,,NAPANEE,,NAPANEE,2,1,CLEAR,DRY,False,STATE,COLLISION WITH BICYCLIST,SINGLE VEHICLE,STRAIGHT & LEVEL,DAYLIGHT,False,2016-10-07 00:00:00-04:00,38.262016,-85.6628759,True,False,FRIDAY,1114,2016,10,7,0,0,False
LOUISVILLE METRO POLICE DEPT,,,18TH,ST,S,0.097,US0031W,MARKET,,,,,2,1,CLEAR,DRY,False,LOCAL STREET,COLLISION WITH BICYCLE,SINGLE VEHICLE,STRAIGHT & LEVEL,DAYLIGHT,False,2016-10-08 18:11:00-04:00,38.2577965,-85.7799468,False,False,SATURDAY,1115,2016,10,8,18,11,True
LOUISVILLE METRO POLICE DEPT,KY1703,,BAXTER,AVE,,5.009,,WINDSOR,,,,,2,1,CLEAR,DRY,False,STATE,COLLISION WITH BICYCLE,SINGLE VEHICLE,STRAIGHT & LEVEL,DAYLIGHT,False,2016-10-09 14:37:00-04:00,38.2319521,-85.7176479,True,False,SUNDAY,1116,2016,10,9,14,37,False
LOUISVILLE METRO POLICE DEPT,KY1020,,2ND,ST,S,12.097,US0150,BROADWAY,,,,,2,1,CLEAR,DRY,False,STATE,COLLISION WITH BICYCLE,SINGLE VEHICLE,STRAIGHT & LEVEL,DARK-HWY LIGHTED/ON,False,2016-10-15 20:55:00-04:00,38.2458317,-85.755024,True,False,SATURDAY,1117,2016,10,15,20,55,False
LOUISVILLE METRO POLICE DEPT,I 0264,,,,,0.322,US0031E,BARDSTOWN,,,,,2,1,CLEAR,DRY,False,INTERSTATE,COLLISION WITH BICYCLE,SINGLE VEHICLE,CURVE & LEVEL,DARK-HWY LIGHTED/ON,False,2016-10-16 00:45:00-04:00,38.2105731,-85.6708753,True,False,SUNDAY,1118,2016,10,16,0,45,False
LOUISVILLE METRO POLICE DEPT,KY0061,,PRESTON,HWY,,1.634,I 0265,I265 N EXIT12 ON RAMP FROM KY61,,,,,2,1,CLEAR,DRY,False,STATE,COLLISION WITH BICYCLE,SINGLE VEHICLE,STRAIGHT & LEVEL,DARK-HWY LIGHTED/ON,False,2016-10-18 20:00:00-04:00,38.1061155,-85.6737153,True,False,TUESDAY,1119,2016,10,18,20,0,False
LOUISVILLE METRO POLICE DEPT,KY1020,,SOUTHERN PKY,,,8.954,,KENTON,,,,,2,1,CLEAR,DRY,False,STATE,COLLISION WITH BICYCLE,SINGLE VEHICLE,CURVE & LEVEL,DAYLIGHT,False,2016-10-23 08:50:00-04:00,38.1981459,-85.7668886,True,False,SUNDAY,1120,2016,10,23,8,50,False
LOUISVILLE METRO POLICE DEPT,US0031E,,BARDSTOWN,RD,,13.89,,ALFRESCO,,,,,2,1,CLEAR,DRY,True,FEDERAL,COLLISION WITH BICYCLE,SINGLE VEHICLE,STRAIGHT & LEVEL,DARK-HWY LIGHTED/ON,False,2016-10-23 21:15:00-04:00,38.2263887,-85.6978405,False,False,SUNDAY,1121,2016,10,23,21,15,False
LOUISVILLE METRO POLICE DEPT,KY1865,,TAYLOR,BLVD,,5.397,,,,MANITAU,,CARRICO,2,1,CLEAR,DRY,True,STATE,COLLISION WITH BICYCLIST,SINGLE VEHICLE,STRAIGHT & LEVEL,DAYLIGHT,False,2016-10-24 17:10:00-04:00,38.1847265,-85.7839902,False,False,MONDAY,1122,2016,10,24,17,10,False
LOUISVILLE METRO POLICE DEPT,,,MADISON,ST,W,0.726,US0031W,DR W J HODGE,,,,,2,1,CLEAR,DRY,False,LOCAL STREET,COLLISION WITH BICYCLE,SINGLE VEHICLE,STRAIGHT & LEVEL,DAYLIGHT,False,2016-10-25 11:37:00-04:00,38.2531511,-85.7858228,True,False,TUESDAY,1123,2016,10,25,11,37,False
LOUISVILLE METRO POLICE DEPT,,,BARRET,AVE,,0.421,,,,,,,2,1,CLEAR,DRY,False,LOCAL STREET,COLLISION WITH BICYCLIST,SINGLE VEHICLE,STRAIGHT & LEVEL,DARK-HWY LIGHTED/OFF,False,2016-10-25 21:04:00-04:00,38.2430038,-85.7333386,True,False,TUESDAY,1124,2016,10,25,21,4,False
LOUISVILLE METRO POLICE DEPT,,,15TH,ST,S,1.853,,MADISON,,,,,2,1,CLEAR,DRY,False,LOCAL STREET,COLLISION WITH BICYCLE,SINGLE VEHICLE,STRAIGHT & LEVEL,DAWN,False,2016-10-31 06:58:00-04:00,38.2520451,-85.7759181,True,False,MONDAY,1125,2016,10,31,6,58,False
JEFFERSONTOWN POLICE DEPT,KY1819,,BILLTOWN,RD,,8.133,,ST RENE,,,,,2,1,CLEAR,DRY,False,STATE,COLLISION WITH BICYCLE,SINGLE VEHICLE,STRAIGHT & LEVEL,DAYLIGHT,False,2016-10-31 15:18:00-04:00,38.1796485,-85.5712901,True,False,MONDAY,1126,2016,10,31,15,18,False
LOUISVILLE METRO POLICE DEPT,US0150,,BROADWAY,,E,3.189,,HANCOCK,,,,,2,1,CLEAR,DRY,False,FEDERAL,COLLISION WITH BICYCLE,SINGLE VEHICLE,STRAIGHT & LEVEL,DUSK,False,2016-11-02 18:30:00-04:00,38.2449841,-85.74357,True,False,WEDNESDAY,1127,2016,11,2,18,30,True
LOUISVILLE METRO POLICE DEPT,,,GRAFTON HALL,RD,,0.243,,,,,,,2,1,CLEAR,DRY,False,LOCAL STREET,COLLISION WITH BICYCLIST,SINGLE VEHICLE,STRAIGHT & LEVEL,DARK-HWY NOT LIGHTED,False,2016-11-04 20:20:00-04:00,38.1019056,-85.8556033,True,False,FRIDAY,1128,2016,11,4,20,20,False
LOUISVILLE METRO POLICE DEPT,US0031W,,DIXIE,HWY,,17.234,,,,HAROLD,,HARDESTY,2,1,CLOUDY,DRY,True,FEDERAL,COLLISION WITH BICYCLIST,SINGLE VEHICLE,STRAIGHT & LEVEL,DARK-HWY LIGHTED/ON,False,2016-11-09 05:23:00-05:00,38.2175738,-85.7953002,True,False,WEDNESDAY,1129,2016,11,9,5,23,False
LOUISVILLE METRO POLICE DEPT,KY1865,,TAYLOR,BLVD,,4.715,,BROOKLINE,,,,,2,1,CLEAR,DRY,True,STATE,COLLISION WITH BICYCLE,SINGLE VEHICLE,STRAIGHT & LEVEL,DAYLIGHT,False,2016-11-10 14:26:00-05:00,38.1750854,-85.7825678,False,False,THURSDAY,1130,2016,11,10,14,26,False
LOUISVILLE METRO POLICE DEPT,,,CAROLINA CROSSINGS,WAY,,0.105,KY2052,SHEPHERDSVILLE,,,,,2,1,CLEAR,DRY,False,LOCAL STREET,COLLISION WITH BICYCLE,SINGLE VEHICLE,STRAIGHT & LEVEL,DAYLIGHT,False,2016-11-10 17:00:00-05:00,38.1474234,-85.6600211,True,False,THURSDAY,1131,2016,11,10,17,0,False
LOUISVILLE METRO POLICE DEPT,,,ARTHUR,ST,,0.017,,WARNOCK,,,,,2,1,CLEAR,DRY,False,LOCAL STREET,COLLISION WITH BICYCLE,SINGLE VEHICLE,STRAIGHT & LEVEL,DAYLIGHT,False,2016-11-15 16:51:00-05:00,38.214582,-85.7527229,False,False,TUESDAY,1132,2016,11,15,16,51,False
LOUISVILLE METRO POLICE DEPT,KY0146,,NEW LA GRANGE,RD,,0.913,,,,,,,2,1,CLEAR,DRY,True,STATE,COLLISION WITH BICYCLIST,SINGLE VEHICLE,STRAIGHT & LEVEL,DUSK,False,2016-11-16 17:35:00-05:00,38.2581237,-85.6049226,False,False,WEDNESDAY,1133,2016,11,16,17,35,False
LOUISVILLE METRO POLICE DEPT,,,ORMSBY,AVE,W,1.088,,,,,,,2,1,CLEAR,DRY,False,LOCAL STREET,COLLISION WITH BICYCLIST,SINGLE VEHICLE,STRAIGHT & GRADE,DAYLIGHT,False,2016-11-18 11:00:00-05:00,38.2344794,-85.7787864,True,False,FRIDAY,1134,2016,11,18,11,0,False
LOUISVILLE METRO POLICE DEPT,,,ROY WILKINS,AVE,,0.199,,JEFFERSON,,,,,2,1,CLEAR,DRY,False,LOCAL STREET,COLLISION WITH BICYCLE,SINGLE VEHICLE,STRAIGHT & LEVEL,DAYLIGHT,False,2016-12-01 16:21:00-05:00,38.2547235,-85.7652871,True,False,THURSDAY,1135,2016,12,1,16,21,False
LOUISVILLE METRO POLICE DEPT,US0060A,,EASTERN,PKWY,,6.684,,NORRIS,,,,,2,1,CLOUDY,DRY,False,FEDERAL,COLLISION WITH BICYCLE,SINGLE VEHICLE,STRAIGHT & GRADE,DARK-HWY LIGHTED/ON,False,2016-12-02 10:00:00-05:00,38.2308616,-85.7115486,True,False,FRIDAY,1136,2016,12,2,10,0,True
LOUISVILLE METRO POLICE DEPT,,,BROWNS,LN,,1.952,,LYNNBROOK,,,,,2,1,CLEAR,DRY,False,LOCAL STREET,COLLISION WITH BICYCLE,SINGLE VEHICLE,STRAIGHT & LEVEL,DAWN,False,2016-12-03 06:55:00-05:00,38.2306444,-85.6249941,True,False,SATURDAY,1137,2016,12,3,6,55,False
LOUISVILLE METRO POLICE DEPT,US0031,,CLARK MEMORIAL BRG,,,0.404,,,,,,,2,1,RAINING,WET,True,FEDERAL,COLLISION WITH BICYCLIST,SINGLE VEHICLE,STRAIGHT & LEVEL,DARK-HWY LIGHTED/ON,False,2016-12-04 18:40:00-05:00,38.262014,-85.7521029,True,False,SUNDAY,1138,2016,12,4,18,40,False
JEFFERSONTOWN POLICE DEPT,KY1819,,WATTERSON,TRL,,11.1,,BUNSEN,,,,,2,1,CLOUDY,DRY,False,STATE,COLLISION WITH BICYCLE,SINGLE VEHICLE,CURVE & GRADE,DUSK,False,2016-12-08 17:16:00-05:00,38.212607,-85.5587841,True,False,THURSDAY,1139,2016,12,8,17,16,False
LOUISVILLE METRO POLICE DEPT,US0150,,BROADWAY,,W,2.333,,,,4TH,,5TH,2,1,CLEAR,DRY,False,FEDERAL,COLLISION WITH BICYCLIST,SINGLE VEHICLE,STRAIGHT & LEVEL,DAYLIGHT,False,2016-12-27 16:12:00-05:00,38.2461647,-85.7592896,False,False,TUESDAY,1140,2016,12,27,16,12,False
LOUISVILLE METRO POLICE DEPT,,,LAMBORNE,BLVD,,0.114,,,KY0907  ,3RD,,SCARBOROUGH,2,1,CLOUDY,DRY,False,LOCAL STREET,COLLISION WITH BICYCLIST,SINGLE VEHICLE,CURVE & GRADE,DAYLIGHT,False,2017-01-18 12:10:00-05:00,38.1147767,-85.8136114,False,False,WEDNESDAY,1141,2017,1,18,12,10,False
LOUISVILLE METRO POLICE DEPT,KY2050,,LYNDON,LN,,0.267,,LA GRANGE,,,,,2,1,CLEAR,DRY,True,STATE,COLLISION WITH BICYCLE,SINGLE VEHICLE,STRAIGHT & LEVEL,DARK-HWY LIGHTED/ON,False,2017-02-01 22:15:00-05:00,38.2620276,-85.606885,False,False,WEDNESDAY,1142,2017,2,1,22,15,True
LOUISVILLE METRO POLICE DEPT,KY1934,,GREENBELT,HWY,,4.965,,,,DISTRIBUTION,,INTERMODAL,2,1,CLOUDY,DRY,False,STATE,COLLISION WITH BICYCLIST,SINGLE VEHICLE,STRAIGHT & LEVEL,DARK-HWY NOT LIGHTED,False,2017-02-03 19:59:00-05:00,38.1542255,-85.8854641,True,False,FRIDAY,1143,2017,2,3,19,59,False
LOUISVILLE METRO POLICE DEPT,US0060A,,BERRY,BLVD,,1.074,,POWELL,,,,,2,1,CLEAR,DRY,False,FEDERAL,COLLISION WITH BICYCLE,SINGLE VEHICLE,STRAIGHT & LEVEL,DAYLIGHT,False,2017-02-05 17:05:00-05:00,38.1965228,-85.7900272,True,False,SUNDAY,1144,2017,2,5,17,5,True
LOUISVILLE METRO POLICE DEPT,,,MAIN,ST,W,0.605,,28TH,,,,,2,1,CLEAR,DRY,False,LOCAL STREET,COLLISION WITH BICYCLE,SINGLE VEHICLE,STRAIGHT & LEVEL,DAYLIGHT,False,2017-02-10 14:35:00-05:00,38.2611499,-85.7973257,True,False,FRIDAY,1145,2017,2,10,14,35,False
LOUISVILLE METRO POLICE DEPT,,,MARKET,ST,W,1.528,,39TH,,,,,2,1,CLOUDY,DRY,False,LOCAL STREET,COLLISION WITH BICYCLE,SINGLE VEHICLE,STRAIGHT & LEVEL,DARK-HWY LIGHTED/ON,False,2017-02-10 21:23:00-05:00,38.26196,-85.8141929,True,False,FRIDAY,1146,2017,2,10,21,23,False
LOUISVILLE METRO POLICE DEPT,US0060,,SHELBYVILLE,RD,,5.86,,OXMOOR,,,,,2,1,CLEAR,DRY,False,FEDERAL,COLLISION WITH BICYCLE,SINGLE VEHICLE,STRAIGHT & LEVEL,DARK-HWY LIGHTED/ON,False,2017-02-11 05:43:00-05:00,38.2493432,-85.6133356,False,False,SATURDAY,1147,2017,2,11,5,43,False
LOUISVILLE METRO POLICE DEPT,US0031E,,BARDSTOWN,RD,,13.723,,PRINCETON,,,,,2,1,CLEAR,DRY,False,FEDERAL,COLLISION WITH BICYCLE,SINGLE VEHICLE,STRAIGHT & LEVEL,DAYLIGHT,False,2017-02-13 12:20:00-05:00,38.2251867,-85.6952328,True,False,MONDAY,1148,2017,2,13,12,20,True
LOUISVILLE METRO POLICE DEPT,KY1020,600.0,3RD,ST,S,12.127,,,,,,,2,1,CLEAR,DRY,False,STATE,COLLISION WITH BICYCLIST,SINGLE VEHICLE,STRAIGHT & LEVEL,DAYLIGHT,False,2017-02-17 12:34:00-05:00,38.2463502,-85.7567126,False,False,FRIDAY,1149,2017,2,17,12,34,False
LOUISVILLE METRO POLICE DEPT,US0150,,BROADWAY,,E,3.075,KY0061,JACKSON,,,,,2,1,CLEAR,DRY,False,FEDERAL,COLLISION WITH BICYCLE,SINGLE VEHICLE,STRAIGHT & LEVEL,DAYLIGHT,False,2017-02-20 14:45:00-05:00,38.2451971,-85.7455919,True,False,MONDAY,1150,2017,2,20,14,45,True
LOUISVILLE METRO POLICE DEPT,KY1065,,OUTER,LOOP,,1.028,KY1865,NEW CUT,,,,,2,1,CLOUDY,DRY,False,STATE,COLLISION WITH BICYCLE,SINGLE VEHICLE,STRAIGHT & LEVEL,DARK-HWY NOT LIGHTED,False,2017-03-07 19:32:00-05:00,38.1263906,-85.7761219,True,False,TUESDAY,1151,2017,3,7,19,32,False
LOUISVILLE METRO POLICE DEPT,,,28TH,ST,S,0.383,,MUHAMMAD ALI,,,,,2,1,CLEAR,DRY,False,LOCAL STREET,COLLISION WITH BICYCLE,SINGLE VEHICLE,STRAIGHT & LEVEL,DAYLIGHT,False,2017-03-08 15:58:00-05:00,38.2555316,-85.797222,False,False,WEDNESDAY,1152,2017,3,8,15,58,True
LOUISVILLE METRO POLICE DEPT,,,MAGNOLIA,AVE,W,0.09,KY1020,2ND,,,,,2,1,CLEAR,DRY,False,LOCAL STREET,COLLISION WITH BICYCLE,SINGLE VEHICLE,STRAIGHT & LEVEL,DAYLIGHT,False,2017-03-13 08:14:00-04:00,38.2287814,-85.7580532,False,False,MONDAY,1153,2017,3,13,8,14,True
LOUISVILLE METRO POLICE DEPT,KY1142,1020.0,PALATKA,RD,,0.917,,,,,,,2,1,CLEAR,DRY,False,STATE,COLLISION WITH BICYCLIST,SINGLE VEHICLE,STRAIGHT & GRADE,DARK-HWY LIGHTED/ON,False,2017-03-19 22:38:00-04:00,38.1521087,-85.7858086,False,True,SUNDAY,1154,2017,3,19,22,38,False
LOUISVILLE METRO POLICE DEPT,KY0155,,TAYLORSVILLE,RD,,14.561,,,I 0264  ,I264 E EXIT17A OFF RAMP TO KY155,,FURMAN,2,1,CLEAR,DRY,False,STATE,COLLISION WITH BICYCLIST,SINGLE VEHICLE,STRAIGHT & GRADE,DAYLIGHT,False,2017-03-23 00:00:00-04:00,38.221237,-85.648508,True,False,THURSDAY,1155,2017,3,23,0,0,False
LOUISVILLE METRO POLICE DEPT,US0031E,,BARDSTOWN,RD,,15.421,,,,,,,2,1,CLEAR,DRY,False,FEDERAL,COLLISION WITH BICYCLIST,SINGLE VEHICLE,STRAIGHT & LEVEL,DAYLIGHT,False,2017-03-27 13:44:00-04:00,38.2383992,-85.720946,False,False,MONDAY,1156,2017,3,27,13,44,False
LOUISVILLE METRO POLICE DEPT,,,1ST,ST,S,0.377,,,,MUHAMMAD ALI,I 0065,I65 S EXIT136 ON RAMP FROM  S 1ST ST,2,1,CLOUDY,DRY,False,LOCAL STREET,COLLISION WITH BICYCLIST,SINGLE VEHICLE,STRAIGHT & LEVEL,DAYLIGHT,False,2017-03-31 12:06:00-04:00,38.2506564,-85.7525097,True,False,FRIDAY,1157,2017,3,31,12,6,False
LOUISVILLE METRO POLICE DEPT,US0031E,,BARDSTOWN,RD,,15.065,,,,LONGEST,,BEECHWOOD,2,1,CLOUDY,DRY,False,FEDERAL,COLLISION WITH BICYCLIST,SINGLE VEHICLE,STRAIGHT & LEVEL,DAYLIGHT,False,2017-03-31 14:46:00-04:00,38.2354495,-85.7155869,True,False,FRIDAY,1158,2017,3,31,14,46,False
SHIVELY POLICE DEPARTMENT,KY1931,,7TH ST,RD,,9.612,,ARCADE,,,,,2,1,CLEAR,DRY,True,STATE,COLLISION WITH BICYCLE,SINGLE VEHICLE,STRAIGHT & LEVEL,DARK-HWY LIGHTED/ON,False,2017-04-01 21:22:00-04:00,38.2093801,-85.7871292,True,False,SATURDAY,1159,2017,4,1,21,22,False
LOUISVILLE METRO POLICE DEPT,,,PHILLIPS,LN,,0.729,,FREEDOM,,,,,2,1,CLEAR,DRY,False,LOCAL STREET,COLLISION WITH BICYCLE,SINGLE VEHICLE,STRAIGHT & LEVEL,DARK-HWY LIGHTED/ON,False,2017-04-03 05:35:00-04:00,38.1934249,-85.7397849,True,False,MONDAY,1160,2017,4,3,5,35,False
LOUISVILLE METRO POLICE DEPT,,,BURNETT,AVE,E,0.544,,HANCOCK,,,,,2,1,CLEAR,DRY,False,LOCAL STREET,COLLISION WITH BICYCLE,SINGLE VEHICLE,STRAIGHT & LEVEL,DARK-HWY LIGHTED/ON,False,2017-04-04 19:08:00-04:00,38.225721,-85.7468884,True,False,TUESDAY,1161,2017,4,4,19,8,False
LOUISVILLE METRO POLICE DEPT,,,TENNY,AVE,E,0.031,,,,HOLLINS,,1ST,2,1,CLEAR,DRY,False,LOCAL STREET,COLLISION WITH BICYCLIST,SINGLE VEHICLE,STRAIGHT & LEVEL,DAYLIGHT,False,2017-04-07 16:45:00-04:00,38.1765693,-85.7627621,False,False,FRIDAY,1162,2017,4,7,16,45,False
LOUISVILLE METRO POLICE DEPT,,,FLORENCE,AVE,W,0.478,,,,BELLEVUE,,BELLEVUE,2,1,CLEAR,DRY,True,LOCAL STREET,COLLISION WITH BICYCLIST,SINGLE VEHICLE,STRAIGHT & LEVEL,DAYLIGHT,False,2017-04-08 14:15:00-04:00,38.1910684,-85.7724529,False,False,SATURDAY,1163,2017,4,8,14,15,False