investigating_agency,roadway_number,building_number,roadway_name,roadway_suffix,roadway_direction,milepoint,intersection_roadway_number,intersection_roadway_name,between_street_number_1,between_street_name_1,between_street_number_2,between_street_name_2,units_involved,motor_vehicles_involved,weather,roadway_condition,hit_and_run_indicator,roadway_type,directional_analysis,manner_of_collision,roadway_character,light_condition,secondary_collision_indicator,date,latitude,longitude,injury_indicator,fatality_indicator,day_of_week,accident_id,year,month,day,hour,minute,lighted_signal_indicator
ST. MATTHEWS POLICE DEPARTMENT,KY1447,4200.0,WESTPORT,RD,,0.968,,,,,,,2,1,CLEAR,DRY,False,STATE,COLLISION WITH BICYCLIST,SINGLE VEHICLE,STRAIGHT & LEVEL,DAYLIGHT,False,2017-04-08 14:38:00-04:00,38.2606387,-85.6402639,False,False,SATURDAY,1164,2017,4,8,14,38,False
LOUISVILLE METRO POLICE DEPT,US0031E,,BARDSTOWN,RD,,14.5,,STEVENS,,,,,2,1,CLEAR,DRY,True,FEDERAL,COLLISION WITH BICYCLE,SINGLE VEHICLE,STRAIGHT & LEVEL,DAYLIGHT,False,2017-04-19 00:00:00-04:00,38.2313675,-85.707007,True,False,WEDNESDAY,1165,2017,4,19,0,0,True
LOUISVILLE METRO POLICE DEPT,,,FOX HORN,CIR,,0.075,,STERLING,,,,,2,1,CLEAR,DRY,False,LOCAL STREET,COLLISION WITH BICYCLE,SINGLE VEHICLE,STRAIGHT & LEVEL,DAYLIGHT,False,2017-04-19 09:00:00-04:00,38.1629942,-85.8568611,True,False,WEDNESDAY,1166,2017,4,19,9,0,False
LOUISVILLE METRO POLICE DEPT,KY2052,,HIKES,LN,,4.205,US0031E,BUECHEL,,,,,2,1,CLEAR,DRY,False,STATE,COLLISION WITH BICYCLE,SINGLE VEHICLE,STRAIGHT & LEVEL,DAYLIGHT,False,2017-04-20 16:55:00-04:00,38.1984236,-85.6609371,True,False,THURSDAY,1167,2017,4,20,16,55,False
LOUISVILLE METRO POLICE DEPT,KY1703,,BAXTER,AVE,,5.533,,,,,,,2,1,CLEAR,DRY,False,STATE,COLLISION WITH BICYCLIST,SINGLE VEHICLE,STRAIGHT & LEVEL,DAYLIGHT,False,2017-04-21 18:13:00-04:00,38.2383452,-85.7228154,False,False,FRIDAY,1168,2017,4,21,18,13,False
LOUISVILLE METRO POLICE DEPT,,,GARDEN,DR,,0.001,US0060A,LEXINGTON,,,,,2,1,CLEAR,DRY,False,LOCAL STREET,COLLISION WITH BICYCLE,SINGLE VEHICLE,STRAIGHT & LEVEL,DAYLIGHT,False,2017-04-24 16:02:00-04:00,38.2486696,-85.6805871,True,False,MONDAY,1169,2017,4,24,16,2,True
LOUISVILLE METRO POLICE DEPT,US0060,,FRANKFORT,AVE,,0.351,,,,STOLL,,HALDEMAN,2,1,CLEAR,DRY,False,FEDERAL,COLLISION WITH BICYCLIST,SINGLE VEHICLE,STRAIGHT & LEVEL,DAYLIGHT,False,2017-04-25 07:59:00-04:00,38.2557134,-85.7133606,False,False,TUESDAY,1170,2017,4,25,7,59,False
LOUISVILLE METRO POLICE DEPT,US0031W,,DIXIE,HWY,,6.851,,,,,,,2,1,RAINING,WET,False,FEDERAL,COLLISION WITH BICYCLIST,SINGLE VEHICLE,STRAIGHT & LEVEL,DAYLIGHT,False,2017-05-04 08:19:00-04:00,38.0842392,-85.8806503,False,False,THURSDAY,1171,2017,5,4,8,19,False
LOUISVILLE METRO POLICE DEPT,KY1703,,BAXTER,AVE,,5.441,,RUFER,,,,,2,1,RAINING,WET,False,STATE,COLLISION WITH BICYCLE,SINGLE VEHICLE,STRAIGHT & LEVEL,DAYLIGHT,False,2017-05-04 15:21:00-04:00,38.2372224,-85.7219096,False,False,THURSDAY,1172,2017,5,4,15,21,False
LOUISVILLE METRO POLICE DEPT,KY1931,,7TH,ST,,10.468,,,,,,,2,1,CLEAR,DRY,False,STATE,COLLISION WITH BICYCLIST,SINGLE VEHICLE,STRAIGHT & LEVEL,DAYLIGHT,False,2017-05-08 13:01:00-04:00,38.219866,-85.7776617,True,False,MONDAY,1173,2017,5,8,13,1,False
LOUISVILLE METRO POLICE DEPT,,,FENLEY,AVE,,0.078,,SEMINARY VILLAGE,,,,,2,1,CLEAR,DRY,False,LOCAL STREET,COLLISION WITH BICYCLE,SINGLE VEHICLE,STRAIGHT & LEVEL,DAYLIGHT,False,2017-05-08 17:40:00-04:00,38.2550004,-85.6712554,True,False,MONDAY,1174,2017,5,8,17,40,False
LOUISVILLE METRO POLICE DEPT,,,CHESTNUT,ST,W,2.319,,,,4TH,,5TH,2,1,RAINING,WET,False,LOCAL STREET,COLLISION WITH BICYCLIST,SINGLE VEHICLE,STRAIGHT & LEVEL,DAYLIGHT,False,2017-05-11 17:10:00-04:00,38.2490356,-85.7586892,False,False,THURSDAY,1175,2017,5,11,17,10,False
LOUISVILLE METRO POLICE DEPT,,2106.0,OAK,ST,W,1.943,,,,,,,2,1,CLEAR,DRY,False,LOCAL STREET,COLLISION WITH BICYCLIST,SINGLE VEHICLE,STRAIGHT & LEVEL,DAYLIGHT,False,2017-05-14 11:05:00-04:00,38.2375187,-85.7907594,False,False,SUNDAY,1176,2017,5,14,11,5,False
LOUISVILLE METRO POLICE DEPT,,2633.0,DIXDALE,AVE,,0.34,,,,,,,2,1,CLEAR,DRY,False,LOCAL STREET,COLLISION WITH BICYCLIST,SINGLE VEHICLE,STRAIGHT & LEVEL,DAYLIGHT,False,2017-05-17 00:00:00-04:00,38.2220291,-85.7904461,False,False,WEDNESDAY,1177,2017,5,17,0,0,False
LOUISVILLE METRO POLICE DEPT,KY0148,,TAYLORSVILLE,RD,,1.238,,,,,,,2,1,CLEAR,DRY,True,STATE,COLLISION WITH BICYCLIST,SINGLE VEHICLE,STRAIGHT & LEVEL,DAYLIGHT,False,2017-05-20 10:10:00-04:00,38.1889194,-85.4545864,True,False,SATURDAY,1178,2017,5,20,10,10,False
LOUISVILLE METRO POLICE DEPT,US0031E,,BARDSTOWN,RD,,13.366,,DOROTHY,,,,,2,1,CLOUDY,DRY,False,FEDERAL,COLLISION WITH BICYCLE,SINGLE VEHICLE,STRAIGHT & LEVEL,DAYLIGHT,False,2017-05-21 14:00:00-04:00,38.2238062,-85.6887953,True,False,SUNDAY,1179,2017,5,21,14,0,False
LOUISVILLE METRO POLICE DEPT,KY1447,,WESTPORT,RD,,7.799,,,,,,,2,1,CLOUDY,DRY,True,STATE,COLLISION WITH BICYCLIST,SINGLE VEHICLE,STRAIGHT & LEVEL,DAYLIGHT,False,2017-05-21 14:44:00-04:00,38.3031483,-85.5283342,False,False,SUNDAY,1180,2017,5,21,14,44,False
LOUISVILLE METRO POLICE DEPT,,,VIRGINIA,AVE,,1.433,,43RD,,,,,2,1,CLEAR,DRY,False,LOCAL STREET,COLLISION WITH BICYCLE,SINGLE VEHICLE,STRAIGHT & LEVEL,DAYLIGHT,False,2017-05-21 18:19:00-04:00,38.2403825,-85.8253548,True,False,SUNDAY,1181,2017,5,21,18,19,False
LOUISVILLE METRO POLICE DEPT,,,GARFIELD,AVE,,0.096,,,,,,,2,1,RAINING,WET,False,LOCAL STREET,COLLISION WITH BICYCLIST,SINGLE VEHICLE,STRAIGHT & LEVEL,DAYLIGHT,False,2017-05-24 18:15:00-04:00,38.2643276,-85.7869983,True,False,WEDNESDAY,1182,2017,5,24,18,15,False
LOUISVILLE METRO POLICE DEPT,,,CENTRAL,AVE,,0.503,,,,,,,2,1,CLEAR,DRY,False,NONE OF THE ABOVE,COLLISION WITH BICYCLIST,SINGLE VEHICLE,STRAIGHT & LEVEL,DAYLIGHT,False,2017-05-26 15:30:00-04:00,38.2052784,-85.7666717,False,False,FRIDAY,1183,2017,5,26,15,30,False
LOUISVILLE METRO POLICE DEPT,KY1747,,FERN VALLEY,RD,,2.101,,,,,,,2,1,CLEAR,DRY,False,STATE,COLLISION WITH BICYCLIST,SINGLE VEHICLE,STRAIGHT & LEVEL,DAYLIGHT,False,2017-05-30 17:17:00-04:00,38.1578567,-85.6941618,True,False,TUESDAY,1184,2017,5,30,17,17,False
LOUISVILLE METRO POLICE DEPT,,,SCHNEITER,AVE,,0.345,,,,,,,2,1,CLEAR,DRY,False,LOCAL STREET,COLLISION WITH BICYCLIST,SINGLE VEHICLE,STRAIGHT & LEVEL,DAWN,False,2017-06-01 14:57:00-04:00,38.2051593,-85.7877467,False,False,THURSDAY,1185,2017,6,1,14,57,False
LOUISVILLE METRO POLICE DEPT,US0031E,,MARKET,ST,E,16.936,,SHELBY,,,,,2,1,CLEAR,DRY,False,FEDERAL,COLLISION WITH BICYCLE,SINGLE VEHICLE,STRAIGHT & LEVEL,DAYLIGHT,False,2017-06-01 18:27:00-04:00,38.2531839,-85.7380384,False,False,THURSDAY,1186,2017,6,1,18,27,True
LOUISVILLE METRO POLICE DEPT,,,DIXIE,HWY,,1.369,,BURNETT,,,,,2,1,CLEAR,DRY,False,LOCAL STREET,COLLISION WITH BICYCLE,SINGLE VEHICLE,STRAIGHT & LEVEL,DAYLIGHT,False,2017-06-02 15:30:00-04:00,38.2300663,-85.789756,True,False,FRIDAY,1187,2017,6,2,15,30,False
LOUISVILLE METRO POLICE DEPT,,,HAWTHORNE,AVE,,0.575,,BON AIR,,,,,2,1,CLEAR,DRY,False,LOCAL STREET,COLLISION WITH BICYCLE,SINGLE VEHICLE,STRAIGHT & LEVEL,DAYLIGHT,False,2017-06-04 11:01:00-04:00,38.2215361,-85.6674997,True,False,SUNDAY,1188,2017,6,4,11,1,False
LOUISVILLE METRO POLICE DEPT,,,4TH,ST,S,4.005,,WINN,,,,,2,1,CLEAR,DRY,False,LOCAL STREET,COLLISION WITH BICYCLE,SINGLE VEHICLE,CURVE & LEVEL,DAYLIGHT,False,2017-06-04 16:39:00-04:00,38.1993083,-85.7677425,True,False,SUNDAY,1189,2017,6,4,16,39,False
LOUISVILLE METRO POLICE DEPT,,,3RD,ST,S,0.449,,,,WHITNEY,,FAIRMONT,2,1,CLEAR,DRY,False,LOCAL STREET,COLLISION WITH BICYCLIST,SINGLE VEHICLE,STRAIGHT & LEVEL,DAYLIGHT,False,2017-06-04 18:35:00-04:00,38.1940915,-85.764955,False,False,SUNDAY,1190,2017,6,4,18,35,False
LOUISVILLE METRO POLICE DEPT,,,3RD,ST,S,1.511,,KENWOOD,,,,,2,1,CLEAR,DRY,False,LOCAL STREET,COLLISION WITH BICYCLE,SINGLE VEHICLE,STRAIGHT & LEVEL,DAYLIGHT,False,2017-06-05 14:04:00-04:00,38.1787997,-85.7667202,False,False,MONDAY,1191,2017,6,5,14,4,True
LOUISVILLE METRO POLICE DEPT,KY0907,,3RD,ST,,2.151,,,,PAGES,,HOLIDAY,2,1,CLEAR,DRY,True,STATE,COLLISION WITH BICYCLIST,SINGLE VEHICLE,STRAIGHT & LEVEL,DARK-HWY NOT LIGHTED,False,2017-06-05 22:23:00-04:00,38.1152149,-85.834111,False,False,MONDAY,1192,2017,6,5,22,23,False
LOUISVILLE METRO POLICE DEPT,,,SLEVIN,ST,,0.113,,,,,,,2,1,CLEAR,DRY,False,LOCAL STREET,COLLISION WITH BICYCLIST,SINGLE VEHICLE,STRAIGHT & LEVEL,DAYLIGHT,False,2017-06-08 13:45:00-04:00,38.2649334,-85.7905334,True,False,THURSDAY,1193,2017,6,8,13,45,False
LOUISVILLE METRO POLICE DEPT,KY1020,,3RD,ST,S,9.238,,,,,,,2,1,CLEAR,DRY,False,STATE,COLLISION WITH BICYCLIST,SINGLE VEHICLE,STRAIGHT & LEVEL,DUSK,False,2017-06-11 21:04:00-04:00,38.2016649,-85.7645054,True,False,SUNDAY,1194,2017,6,11,21,4,False
LOUISVILLE METRO POLICE DEPT,US0150,,BROADWAY,,W,2.008,,8TH,,,,,2,1,CLEAR,DRY,False,FEDERAL,COLLISION WITH BICYCLE,SINGLE VEHICLE,STRAIGHT & GRADE,DAYLIGHT,False,2017-06-12 17:00:00-04:00,38.2467655,-85.7651598,True,False,MONDAY,1195,2017,6,12,17,0,True
LOUISVILLE METRO POLICE DEPT,,10400.0,CASA LANDA,DR,,0.098,,,,,,,2,1,CLEAR,DRY,False,LOCAL STREET,COLLISION WITH BICYCLIST,SINGLE VEHICLE,STRAIGHT & LEVEL,DAYLIGHT,False,2017-06-14 12:28:00-04:00,38.1061225,-85.8740085,True,False,WEDNESDAY,1196,2017,6,14,12,28,False
LOUISVILLE METRO POLICE DEPT,,,11TH,ST,S,0.337,,FISK,,,,,2,1,CLEAR,DRY,False,LOCAL STREET,COLLISION WITH BICYCLE,SINGLE VEHICLE,STRAIGHT & LEVEL,DARK-HWY LIGHTED/ON,False,2017-06-14 23:04:00-04:00,38.2530512,-85.7689626,True,False,WEDNESDAY,1197,2017,6,14,23,4,False
LOUISVILLE METRO POLICE DEPT,,,ENTERPRISE,DR,,0.039,KY1020,NATIONAL,,,,,2,1,CLOUDY,DRY,False,LOCAL STREET,COLLISION WITH BICYCLE,SINGLE VEHICLE,STRAIGHT & LEVEL,DAYLIGHT,False,2017-06-15 14:20:00-04:00,38.1477211,-85.7588344,True,False,THURSDAY,1198,2017,6,15,14,20,True
LOUISVILLE METRO POLICE DEPT,US0150,,BROADWAY,,W,0.841,,,,,,,2,1,CLEAR,DRY,False,FEDERAL,COLLISION WITH BICYCLIST,SINGLE VEHICLE,STRAIGHT & LEVEL,DAYLIGHT,False,2017-06-17 10:00:00-04:00,38.2491353,-85.7862138,True,False,SATURDAY,1199,2017,6,17,10,0,False
UNIV. OF LOUISVILLE POLICE,KY1020,2200.0,3RD,ST,S,10.043,,,,,,,2,1,CLEAR,DRY,False,STATE,COLLISION WITH BICYCLIST,SINGLE VEHICLE,STRAIGHT & LEVEL,DAYLIGHT,False,2017-06-19 07:42:00-04:00,38.216431056,-85.761771146,True,False,MONDAY,1200,2017,6,19,7,42,False
LOUISVILLE METRO POLICE DEPT,KY0864,,SHELBY,ST,S,15.056,,CALDWELL,,,,,2,1,CLEAR,DRY,False,STATE,COLLISION WITH BICYCLE,SINGLE VEHICLE,STRAIGHT & LEVEL,DAYLIGHT,False,2017-06-21 10:00:00-04:00,38.2384586,-85.7405865,True,False,WEDNESDAY,1201,2017,6,21,10,0,False
LOUISVILLE METRO POLICE DEPT,,,WAMPUM,AVE,W,0.182,,3RD,,,,,2,1,CLEAR,DRY,False,LOCAL STREET,COLLISION WITH BICYCLE,SINGLE VEHICLE,STRAIGHT & GRADE,DAYLIGHT,False,2017-06-23 06:50:00-04:00,38.1864054,-85.7653344,True,False,FRIDAY,1202,2017,6,23,6,50,False
LOUISVILLE METRO POLICE DEPT,KY0061,,JACKSON,ST,S,11.616,,SAINT CATHERINE,,,,,2,1,CLEAR,DRY,False,STATE,COLLISION WITH BICYCLE,SINGLE VEHICLE,STRAIGHT & LEVEL,DARK-HWY NOT LIGHTED,False,2017-06-29 22:17:00-04:00,38.2353261,-85.7472948,True,False,THURSDAY,1203,2017,6,29,22,17,False
LOUISVILLE METRO POLICE DEPT,KY1020,,3RD,ST,S,9.675,,IOWA,,,,,2,1,CLEAR,DRY,False,STATE,COLLISION WITH BICYCLE,SINGLE VEHICLE,STRAIGHT & LEVEL,DAYLIGHT,False,2017-06-30 15:22:00-04:00,38.2075376,-85.7634575,True,False,FRIDAY,1204,2017,6,30,15,22,False
LOUISVILLE METRO POLICE DEPT,,,PATTON,CT,,0.225,,,,,,,2,1,CLEAR,DRY,False,LOCAL STREET,COLLISION WITH BICYCLIST,SINGLE VEHICLE,STRAIGHT & LEVEL,DAYLIGHT,False,2017-06-30 17:00:00-04:00,38.2248253,-85.777717,True,False,FRIDAY,1205,2017,6,30,17,0,False
LOUISVILLE METRO POLICE DEPT,I 0065,,I65 S,,,124.526,,,,,,,2,1,CLEAR,DRY,False,INTERSTATE,COLLISION WITH BICYCLIST,SINGLE VEHICLE,STRAIGHT & LEVEL,DAYLIGHT,False,2017-07-03 20:28:00-04:00,38.1058538,-85.7013088,True,False,MONDAY,1206,2017,7,3,20,28,False
LOUISVILLE METRO POLICE DEPT,US0060A,,TAYLOR,BLVD,,1.759,,,,,,,2,1,CLEAR,DRY,False,FEDERAL,COLLISION WITH BICYCLIST,SINGLE VEHICLE,STRAIGHT & LEVEL,DAYLIGHT,False,2017-07-06 16:00:00-04:00,38.2001966,-85.7825663,True,False,THURSDAY,1207,2017,7,6,16,0,False
LOUISVILLE METRO POLICE DEPT,US0060,,SHELBYVILLE,RD,,10.396,,EVERGREEN,,,,,2,1,CLOUDY,WET,False,FEDERAL,COLLISION WITH BICYCLE,SINGLE VEHICLE,STRAIGHT & LEVEL,DARK-HWY LIGHTED/ON,False,2017-07-07 23:35:00-04:00,38.2485657,-85.5313291,True,False,FRIDAY,1208,2017,7,7,23,35,False
LOUISVILLE METRO POLICE DEPT,US0060,,FRANKFORT,AVE,,0.546,,,,,,,2,1,CLEAR,DRY,False,FEDERAL,COLLISION WITH BICYCLIST,SINGLE VEHICLE,STRAIGHT & LEVEL,DAYLIGHT,False,2017-07-10 10:45:00-04:00,38.2546609,-85.7100339,False,False,MONDAY,1209,2017,7,10,10,45,False
LOUISVILLE METRO POLICE DEPT,,4200.0,MEDALLION,CT,,0.012,,,,,,,2,1,CLEAR,DRY,False,NONE OF THE ABOVE,COLLISION WITH BICYCLIST,SINGLE VEHICLE,STRAIGHT & LEVEL,DAYLIGHT,False,2017-07-11 13:08:00-04:00,38.1667757,-85.6815594,False,False,TUESDAY,1210,2017,7,11,13,8,False
LOUISVILLE METRO POLICE DEPT,,,NORRIS,PL,,0.301,,BONNYCASTLE,,,,,2,1,CLOUDY,DRY,False,LOCAL STREET,COLLISION WITH BICYCLE,SINGLE VEHICLE,STRAIGHT & LEVEL,DAYLIGHT,False,2017-07-11 16:37:00-04:00,38.22808,-85.709352,False,False,TUESDAY,1211,2017,7,11,16,37,False
LOUISVILLE METRO POLICE DEPT,KY3082,,BANK,ST,,1.26,,,,,,,2,1,CLEAR,DRY,False,STATE,COLLISION WITH BICYCLIST,SINGLE VEHICLE,STRAIGHT & LEVEL,DAYLIGHT,False,2017-07-11 17:00:00-04:00,38.2683044,-85.7881387,False,False,TUESDAY,1212,2017,7,11,17,0,False
LOUISVILLE METRO POLICE DEPT,US0031E,,BARDSTOWN,RD,,8.43,,,,WATTERSON,,WATTERSON,2,1,CLOUDY,DRY,False,FEDERAL,COLLISION WITH BICYCLIST,SINGLE VEHICLE,STRAIGHT & LEVEL,DARK-HWY NOT LIGHTED,False,2017-07-13 01:50:00-04:00,38.1789809,-85.6227626,False,True,THURSDAY,1213,2017,7,13,1,50,False
LOUISVILLE METRO POLICE DEPT,KY1020,,2ND,ST,S,10.416,,BLOOM,,,,,2,1,CLEAR,DRY,False,STATE,COLLISION WITH BICYCLE,SINGLE VEHICLE,STRAIGHT & LEVEL,DAYLIGHT,False,2017-07-13 09:00:00-04:00,38.2217074,-85.7593105,True,False,THURSDAY,1214,2017,7,13,9,0,False
LOUISVILLE METRO POLICE DEPT,,,YORK,ST,,0.36,,,,,,,2,1,CLEAR,DRY,True,LOCAL STREET,COLLISION WITH BICYCLIST,SINGLE VEHICLE,STRAIGHT & LEVEL,DAYLIGHT,False,2017-07-14 15:45:00-04:00,38.2442458,-85.7587689,True,False,FRIDAY,1215,2017,7,14,15,45,False
LOUISVILLE METRO POLICE DEPT,,,MACON,AVE,,0.004,US0060A,LEXINGTON,,,,,2,1,CLEAR,DRY,False,LOCAL STREET,COLLISION WITH BICYCLE,SINGLE VEHICLE,STRAIGHT & LEVEL,DAYLIGHT,False,2017-07-16 19:54:00-04:00,38.2520273,-85.6597745,True,False,SUNDAY,1216,2017,7,16,19,54,False
LOUISVILLE METRO POLICE DEPT,,,16TH,ST,S,0.734,US0150,BROADWAY,,,,,2,1,CLEAR,DRY,False,LOCAL STREET,COLLISION WITH BICYCLE,SINGLE VEHICLE,STRAIGHT & LEVEL,DAYLIGHT,False,2017-07-18 11:00:00-04:00,38.2485802,-85.7781855,True,False,TUESDAY,1217,2017,7,18,11,0,False
JEFFERSONTOWN POLICE DEPT,,9800.0,LINN STATION,RD,,1.272,,,,,,,2,1,CLOUDY,DRY,False,LOCAL STREET,COLLISION WITH BICYCLIST,SINGLE VEHICLE,STRAIGHT & LEVEL,DAYLIGHT,False,2017-07-20 00:00:00-04:00,38.2279022,-85.5752596,True,False,THURSDAY,1218,2017,7,20,0,0,False
LOUISVILLE METRO POLICE DEPT,,,HIKES,LN,,2.86,,EL PATIO,,,,,2,1,CLEAR,DRY,False,LOCAL STREET,COLLISION WITH BICYCLE,SINGLE VEHICLE,STRAIGHT & LEVEL,DARK-HWY LIGHTED/ON,False,2017-07-28 21:05:00-04:00,38.2166879,-85.6311141,True,False,FRIDAY,1219,2017,7,28,21,5,False
LOUISVILLE METRO POLICE DEPT,KY1020,,SOUTHERN,PKWY,,8.001,,WELLINGTON,,,,,2,1,CLEAR,DRY,False,STATE,COLLISION WITH BICYCLE,SINGLE VEHICLE,CURVE & LEVEL,DAYLIGHT,False,2017-07-29 13:19:00-04:00,38.1841092,-85.7675946,True,False,SATURDAY,1220,2017,7,29,13,19,False
LOUISVILLE METRO POLICE DEPT,,,CHESTNUT,ST,W,2.09,,,,,,,2,1,CLEAR,DRY,False,LOCAL STREET,COLLISION WITH BICYCLIST,SINGLE VEHICLE,STRAIGHT & LEVEL,DAYLIGHT,False,2017-07-30 13:20:00-04:00,38.2495076,-85.7628548,False,False,SUNDAY,1221,2017,7,30,13,20,False
LOUISVILLE METRO POLICE DEPT,US0031W,,MAIN,ST,W,21.748,,6TH,,,,,2,1,CLEAR,DRY,False,FEDERAL,COLLISION WITH BICYCLE,SINGLE VEHICLE,STRAIGHT & GRADE,DAYLIGHT,False,2017-07-30 15:45:00-04:00,38.2569983,-85.7598679,False,False,SUNDAY,1222,2017,7,30,15,45,True
LOUISVILLE METRO POLICE DEPT,,,KESWICK,BLVD,,0.399,,,,,,,3,2,CLEAR,DRY,False,LOCAL STREET,COLLISION WITH BICYCLIST,ANGLE,STRAIGHT & LEVEL,DUSK,False,2017-08-02 20:00:00-04:00,38.217252,-85.7372792,False,False,WEDNESDAY,1223,2017,8,2,20,0,False
SHIVELY POLICE DEPARTMENT,,,FARNSLEY,RD,,1.428,,RIEDLEY,,,,,2,1,CLEAR,DRY,False,LOCAL STREET,COLLISION WITH BICYCLE,SINGLE VEHICLE,STRAIGHT & LEVEL,DAYLIGHT,False,2017-08-03 18:35:00-04:00,38.203144723,-85.828061658,False,True,THURSDAY,1224,2017,8,3,18,35,False
LOUISVILLE METRO POLICE DEPT,,,JEFFERSON,ST,W,2.3,,26TH,,,,,2,1,CLEAR,DRY,False,LOCAL STREET,COLLISION WITH BICYCLE,SINGLE VEHICLE,STRAIGHT & LEVEL,DAYLIGHT,False,2017-08-03 18:43:00-04:00,38.2579278,-85.7939338,True,False,THURSDAY,1225,2017,8,3,18,43,True
LOUISVILLE METRO POLICE DEPT,US0031E,,BARDSTOWN,RD,,15.199,,BEECHWOOD,,,,,2,1,CLOUDY,DRY,False,FEDERAL,COLLISION WITH BICYCLE,SINGLE VEHICLE,STRAIGHT & LEVEL,DAYLIGHT,False,2017-08-04 11:45:00-04:00,38.2365487,-85.7176138,False,False,FRIDAY,1226,2017,8,4,11,45,True
LOUISVILLE METRO POLICE DEPT,US0031E,,BARDSTOWN,RD,,13.637,,DOUGLASS,,,,,2,1,CLOUDY,DRY,False,FEDERAL,COLLISION WITH BICYCLE,SINGLE VEHICLE,STRAIGHT & LEVEL,DAYLIGHT,False,2017-08-11 17:32:00-04:00,38.2245214,-85.6938729,True,False,FRIDAY,1227,2017,8,11,17,32,True
LOUISVILLE METRO POLICE DEPT,KY1142,,PALATKA,RD,,0.416,,,,,,,2,1,CLEAR,DRY,False,STATE,COLLISION WITH BICYCLIST,SINGLE VEHICLE,CURVE & LEVEL,DARK-HWY NOT LIGHTED,False,2017-08-11 21:54:00-04:00,38.1538186,-85.7946866,True,False,FRIDAY,1228,2017,8,11,21,54,False
LOUISVILLE METRO POLICE DEPT,KY1932,,CHENOWETH,LN,,6.548,,,US0042  ,BROWNSBORO,,OLYMPIC,2,1,CLEAR,DRY,False,STATE,COLLISION WITH BICYCLIST,SINGLE VEHICLE,STRAIGHT & LEVEL,DAYLIGHT,False,2017-08-12 12:38:00-04:00,38.2652776,-85.6654869,False,False,SATURDAY,1229,2017,8,12,12,38,False
LOUISVILLE METRO POLICE DEPT,KY1932,,CHENOWETH,LN,,6.548,,,US0042  ,BROWNSBORO,,OLYMPIC,2,1,CLEAR,DRY,False,STATE,COLLISION WITH BICYCLIST,SINGLE VEHICLE,STRAIGHT & LEVEL,DAYLIGHT,False,2017-08-12 12:38:00-04:00,38.2652776,-85.6654869,False,False,SATURDAY,1230,2017,8,12,12,38,False
LOUISVILLE METRO POLICE DEPT,,,POPE LICK,RD,S,2.745,,,,,,,2,2,CLEAR,DRY,False,COUNTY ROAD,COLLISION WITH BICYCLIST,REAR END,STRAIGHT & LEVEL,DAYLIGHT,False,2017-08-13 12:51:00-04:00,38.21972,-85.5079058,True,False,SUNDAY,1231,2017,8,13,12,51,False
LOUISVILLE METRO POLICE DEPT,KY0864,,POPLAR LEVEL,RD,,9.226,,INDIAN,,,,,2,1,CLEAR,DRY,False,STATE,COLLISION WITH BICYCLE,SINGLE VEHICLE,STRAIGHT & LEVEL,DAWN,False,2017-08-15 06:35:00-04:00,38.171553,-85.6847956,False,False,TUESDAY,1232,2017,8,15,6,35,False
LOUISVILLE METRO POLICE DEPT,US0031W,,DIXIE,HWY,,6.961,,FLOWERVALE,,,,,2,1,CLEAR,DRY,False,FEDERAL,COLLISION WITH BICYCLE,SINGLE VEHICLE,STRAIGHT & LEVEL,DAYLIGHT,False,2017-08-19 17:50:00-04:00,38.0856908,-85.8797836,True,False,SATURDAY,1233,2017,8,19,17,50,True
LOUISVILLE METRO POLICE DEPT,US0150,,BROADWAY,,E,3.18,,,,,,,2,1,CLEAR,DRY,False,FEDERAL,COLLISION WITH BICYCLIST,SINGLE VEHICLE,STRAIGHT & LEVEL,DARK-HWY LIGHTED/ON,False,2017-08-20 20:52:00-04:00,38.2449707,-85.7437234,False,False,SUNDAY,1234,2017,8,20,20,52,False
LOUISVILLE METRO POLICE DEPT,,,HILL,ST,W,0.23,,,KY1020  ,3RD,,4TH,2,1,CLEAR,DRY,False,LOCAL STREET,COLLISION WITH BICYCLIST,SINGLE VEHICLE,STRAIGHT & LEVEL,DAYLIGHT,False,2017-08-21 13:27:00-04:00,38.2259287,-85.761116,True,False,MONDAY,1235,2017,8,21,13,27,False
LOUISVILLE METRO POLICE DEPT,,,MUD,LN,,0.897,,,        ,ELDA,,BROOKLEY,2,1,CLEAR,DRY,False,LOCAL STREET,COLLISION WITH BICYCLIST,SINGLE VEHICLE,STRAIGHT & LEVEL,DARK-HWY LIGHTED/OFF,False,2017-08-21 22:20:00-04:00,38.088146,-85.6782821,False,False,MONDAY,1236,2017,8,21,22,20,False