investigating_agency,roadway_number,building_number,roadway_name,roadway_suffix,roadway_direction,milepoint,intersection_roadway_number,intersection_roadway_name,between_street_number_1,between_street_name_1,between_street_number_2,between_street_name_2,units_involved,motor_vehicles_involved,weather,roadway_condition,hit_and_run_indicator,roadway_type,directional_analysis,manner_of_collision,roadway_character,light_condition,secondary_collision_indicator,date,latitude,longitude,injury_indicator,fatality_indicator,day_of_week,accident_id,year,month,day,hour,minute,lighted_signal_indicator
LOUISVILLE METRO POLICE DEPT,US0031W,,DIXIE,HWY,,10.438,,,        ,PAGES,,STEPHAN,2,1,CLEAR,DRY,False,FEDERAL,COLLISION WITH BICYCLIST,SINGLE VEHICLE,STRAIGHT & LEVEL,DAYLIGHT,False,2017-08-25 11:39:00-04:00,38.1293826,-85.8484052,True,False,FRIDAY,1237,2017,8,25,11,39,False
LOUISVILLE METRO POLICE DEPT,,,VETTER,AVE,,0.043,,,        ,QUEEN,,OLEANDA,2,1,CLEAR,DRY,False,LOCAL STREET,COLLISION WITH BICYCLIST,SINGLE VEHICLE,STRAIGHT & LEVEL,DAYLIGHT,False,2017-08-25 16:20:00-04:00,38.2012126,-85.781096,True,False,FRIDAY,1238,2017,8,25,16,20,False
LOUISVILLE METRO POLICE DEPT,,,VETTER,AVE,,0.043,,,        ,QUEEN,,OLEANDA,2,1,CLEAR,DRY,False,LOCAL STREET,COLLISION WITH BICYCLIST,SINGLE VEHICLE,STRAIGHT & LEVEL,DAYLIGHT,False,2017-08-25 16:20:00-04:00,38.2012126,-85.781096,True,False,FRIDAY,1239,2017,8,25,16,20,False
LOUISVILLE METRO POLICE DEPT,,,MONTICELLO,AVE,,0.062,,SHELTON,,,,,2,1,CLEAR,DRY,False,LOCAL STREET,COLLISION WITH BICYCLE,SINGLE VEHICLE,CURVE & LEVEL,DUSK,False,2017-08-26 21:30:00-04:00,38.1893223,-85.6609316,True,False,SATURDAY,1240,2017,8,26,21,30,False
LOUISVILLE METRO POLICE DEPT,,,BROOK,ST,N,0.062,,,        ,WASHINGTON,,WITHERSPOON,2,1,CLEAR,DRY,True,LOCAL STREET,COLLISION WITH BICYCLIST,SINGLE VEHICLE,STRAIGHT & LEVEL,DAYLIGHT,False,2017-08-27 13:30:00-04:00,38.2567893,-85.7497765,False,False,SUNDAY,1241,2017,8,27,13,30,False
LOUISVILLE METRO POLICE DEPT,,,INDIAN,TRL,E,1.013,,,,,,,2,1,CLEAR,DRY,False,LOCAL STREET,COLLISION WITH BICYCLIST,SINGLE VEHICLE,STRAIGHT & LEVEL,DAYLIGHT,False,2017-08-27 18:47:00-04:00,38.170769,-85.6882994,True,False,SUNDAY,1242,2017,8,27,18,47,False
LOUISVILLE METRO POLICE DEPT,,,YORK,ST,,0.366,,LIBRARY,,,,,2,1,CLOUDY,DRY,True,LOCAL STREET,COLLISION WITH BICYCLE,SINGLE VEHICLE,STRAIGHT & GRADE,DAYLIGHT,False,2017-08-29 16:19:00-04:00,38.2442003,-85.7586613,True,False,TUESDAY,1243,2017,8,29,16,19,False
UNIV. OF LOUISVILLE POLICE,,430.0,CARDINAL,BLVD,W,0.348,,,,,,,2,1,CLEAR,DRY,True,NONE OF THE ABOVE,COLLISION WITH BICYCLIST,SINGLE VEHICLE,CURVE & LEVEL,DARK-HWY LIGHTED/ON,False,2017-09-04 20:00:00-04:00,38.221120326,-85.764599772,False,False,MONDAY,1244,2017,9,4,20,0,False
ST. MATTHEWS POLICE DEPARTMENT,,,HUBBARDS,LN,S,0.005,,,,,,,2,2,RAINING,WET,False,LOCAL STREET,COLLISION WITH BICYCLIST,ANGLE,STRAIGHT & LEVEL,DAYLIGHT,False,2017-09-13 16:55:00-04:00,38.251579946,-85.640000371,False,False,WEDNESDAY,1245,2017,9,13,16,55,False
JEFFERSONTOWN POLICE DEPT,KY0155,9410.0,TAYLORSVILLE,RD,,10.688,,,,,,,2,1,CLEAR,DRY,False,STATE,COLLISION WITH BICYCLIST,SINGLE VEHICLE,STRAIGHT & LEVEL,DAYLIGHT,False,2017-09-16 14:51:00-04:00,38.207532972,-85.58307099,True,False,SATURDAY,1246,2017,9,16,14,51,False
SHIVELY POLICE DEPARTMENT,US0031W,3200.0,DIXIE,HWY,,16.237,,,        ,CLINTON,,GILLETTE,2,1,CLEAR,DRY,True,LOCAL STREET,COLLISION WITH BICYCLIST,SINGLE VEHICLE,STRAIGHT & LEVEL,DAYLIGHT,False,2017-09-16 16:18:00-04:00,38.20399161,-85.800293154,True,False,SATURDAY,1247,2017,9,16,16,18,False
LOUISVILLE METRO POLICE DEPT,KY0061,634.0,PRESTON,ST,S,12.372,,,,,,,2,1,CLEAR,DRY,False,STATE,COLLISION WITH BICYCLIST,SINGLE VEHICLE,STRAIGHT & LEVEL,DAYLIGHT,False,2017-09-19 10:00:00-04:00,38.2469436,-85.7473397,True,False,TUESDAY,1248,2017,9,19,10,0,False
LOUISVILLE METRO POLICE DEPT,,,PINOAK VIEW,DR,,0.223,,,,,,,2,1,CLEAR,DRY,False,LOCAL STREET,COLLISION WITH BICYCLIST,SINGLE VEHICLE,STRAIGHT & LEVEL,DUSK,False,2017-09-26 19:00:00-04:00,38.1858223,-85.5619645,False,False,TUESDAY,1249,2017,9,26,19,0,False
ST. MATTHEWS POLICE DEPARTMENT,,,HUBBARDS,LN,S,0.084,,,US0060  ,SHELBYVILLE,,NORBOURNE,2,1,CLEAR,DRY,False,NONE OF THE ABOVE,COLLISION WITH BICYCLIST,SINGLE VEHICLE,STRAIGHT & LEVEL,DAYLIGHT,False,2017-09-28 16:56:00-04:00,38.250442317,-85.640156352,False,False,THURSDAY,1250,2017,9,28,16,56,False
LOUISVILLE METRO POLICE DEPT,,,7TH,ST,S,2.023,US0150,BROADWAY,,,,,2,1,CLEAR,DRY,False,COUNTY ROAD,COLLISION WITH BICYCLE,SINGLE VEHICLE,STRAIGHT & LEVEL,DAYLIGHT,False,2017-09-28 17:04:00-04:00,38.2464642,-85.763374,True,False,THURSDAY,1251,2017,9,28,17,4,False
LOUISVILLE METRO POLICE DEPT,I 0065,,I65 N EXIT131A OFF RAMP,,,0.87,I 0065,I65 N EXIT131A RAMP TO I264 W,,,,,2,2,CLEAR,DRY,False,INTERSTATE,COLLISION WITH BICYCLE,SIDESWIPE-SAME DIRECTION,STRAIGHT & LEVEL,DARK-HWY LIGHTED/ON,False,2017-09-29 04:23:00-04:00,38.1874864,-85.7264601,False,False,FRIDAY,1252,2017,9,29,4,23,False
LOUISVILLE METRO POLICE DEPT,US0031E,,MARKET,ST,E,16.717,,WENZEL,,,,,2,1,CLEAR,DRY,False,FEDERAL,COLLISION WITH BICYCLE,SINGLE VEHICLE,STRAIGHT & LEVEL,DAYLIGHT,False,2017-09-29 13:40:00-04:00,38.2527513,-85.7340378,True,False,FRIDAY,1253,2017,9,29,13,40,True
LOUISVILLE METRO POLICE DEPT,,,BLENHEIM,RD,,0.224,,HUBBARDS,,,,,2,1,CLEAR,DRY,False,LOCAL STREET,COLLISION WITH BICYCLE,SINGLE VEHICLE,STRAIGHT & LEVEL,DAYLIGHT,False,2017-09-30 13:17:00-04:00,38.2561863,-85.6394439,False,False,SATURDAY,1254,2017,9,30,13,17,False
LOUISVILLE METRO POLICE DEPT,,,CRAWFORD,AVE,,0.009,US0031W,DIXIE,,,,,2,1,CLEAR,DRY,False,LOCAL STREET,COLLISION WITH BICYCLE,SINGLE VEHICLE,STRAIGHT & LEVEL,DAYLIGHT,False,2017-10-03 13:57:00-04:00,38.1500788,-85.837209,True,False,TUESDAY,1255,2017,10,3,13,57,False
LOUISVILLE METRO POLICE DEPT,KY0061,,PRESTON,HWY,,5.946,,,        ,VINEWOOD,,BENNETT,2,1,CLOUDY,DRY,False,STATE,COLLISION WITH BICYCLIST,SINGLE VEHICLE,STRAIGHT & HILLCREST,DAYLIGHT,False,2017-10-12 12:19:00-04:00,38.1643798,-85.7019517,True,False,THURSDAY,1256,2017,10,12,12,19,False
SHIVELY POLICE DEPARTMENT,KY2049,,CRUMS,LN,,0.651,,,        ,BURRELL,,BURRELL,2,1,CLEAR,DRY,False,STATE,COLLISION WITH BICYCLIST,SINGLE VEHICLE,STRAIGHT & LEVEL,DAYLIGHT,False,2017-10-16 16:16:00-04:00,38.195109004,-85.826367793,True,False,MONDAY,1257,2017,10,16,16,16,False
LOUISVILLE METRO POLICE DEPT,KY1020,,3RD,ST,S,10.323,,CARDINAL,,,,,2,1,CLEAR,DRY,False,STATE,COLLISION WITH BICYCLE,SINGLE VEHICLE,STRAIGHT & LEVEL,DAWN,False,2017-10-22 19:58:00-04:00,38.2205532,-85.761176,False,False,SUNDAY,1258,2017,10,22,19,58,False
LOUISVILLE METRO POLICE DEPT,US0031W,,DIXIE,HWY,,10.501,,PAGES,,,,,2,1,CLEAR,DRY,False,FEDERAL,COLLISION WITH BICYCLE,SINGLE VEHICLE,STRAIGHT & LEVEL,DARK-HWY LIGHTED/ON,False,2017-11-03 10:00:00-04:00,38.1301812,-85.8478458,False,False,FRIDAY,1259,2017,11,3,10,0,True
LOUISVILLE METRO POLICE DEPT,I 0265,,I265 S,,,30.311,,,I 0265  ,I265 S EXIT30 ON RAMP FROM KY146,I 0265,I265 S EXIT30 OFF RAMP KY146,2,2,CLOUDY,DRY,False,INTERSTATE,COLLISION WITH BICYCLIST,REAR END,STRAIGHT & LEVEL,DAYLIGHT,False,2017-11-05 14:57:00-05:00,38.286067,-85.5127418,False,False,SUNDAY,1260,2017,11,5,14,57,False
LOUISVILLE METRO POLICE DEPT,,,CHESTNUT,ST,W,2.542,KY1020,2ND,,,,,2,1,CLEAR,DRY,True,LOCAL STREET,COLLISION WITH BICYCLE,SINGLE VEHICLE,STRAIGHT & LEVEL,DARK (UNKNOWN ROADWAY LIGHTING),False,2017-11-10 19:12:00-05:00,38.2485865,-85.7546379,True,False,FRIDAY,1261,2017,11,10,19,12,True
LOUISVILLE METRO POLICE DEPT,,,30TH,ST,N,0.553,,,,,,,2,1,CLEAR,DRY,True,LOCAL STREET,COLLISION WITH BICYCLIST,SINGLE VEHICLE,STRAIGHT & LEVEL,DARK-HWY NOT LIGHTED,False,2017-11-13 18:10:00-05:00,38.2635249,-85.8002771,True,False,MONDAY,1262,2017,11,13,18,10,False
LOUISVILLE METRO POLICE DEPT,,,WILSON,AVE,,1.679,,HEMLOCK,,,,,2,1,CLEAR,DRY,False,LOCAL STREET,COLLISION WITH BICYCLE,SINGLE VEHICLE,STRAIGHT & LEVEL,DAYLIGHT,False,2017-11-22 17:01:00-05:00,38.2301964,-85.8038105,True,False,WEDNESDAY,1263,2017,11,22,17,1,False
LOUISVILLE METRO POLICE DEPT,US0060A,3340.0,TAYLOR,BLVD,,1.785,,,,,,,2,1,CLEAR,DRY,False,FEDERAL,COLLISION WITH BICYCLIST,SINGLE VEHICLE,STRAIGHT & LEVEL,DAYLIGHT,False,2017-11-28 15:39:00-05:00,38.2005066,-85.7825728,True,False,TUESDAY,1264,2017,11,28,15,39,False
LOUISVILLE METRO POLICE DEPT,US0031E,,MARKET,ST,E,17.265,KY0061,JACKSON,,,,,2,1,CLEAR,DRY,False,FEDERAL,COLLISION WITH BICYCLE,SINGLE VEHICLE,STRAIGHT & LEVEL,DARK-HWY LIGHTED/ON,False,2017-12-01 23:20:00-05:00,38.253831,-85.744082,False,False,FRIDAY,1265,2017,12,1,23,20,False
LOUISVILLE METRO POLICE DEPT,KY1931,,GREENWOOD,RD,,2.132,,FEYHURST,,,,,2,1,CLEAR,DRY,False,STATE,COLLISION WITH BICYCLE,SINGLE VEHICLE,STRAIGHT & LEVEL,DARK-HWY NOT LIGHTED,False,2017-12-02 18:22:00-05:00,38.1443103,-85.8581917,True,False,SATURDAY,1266,2017,12,2,18,22,False
LOUISVILLE METRO POLICE DEPT,,6600.0,GRADE,LN,,2.387,,,,,,,2,1,RAINING,WET,False,LOCAL STREET,COLLISION WITH BICYCLIST,SINGLE VEHICLE,STRAIGHT & LEVEL,DARK-HWY LIGHTED/OFF,False,2017-12-05 07:07:00-05:00,38.1538153,-85.7336441,True,False,TUESDAY,1267,2017,12,5,7,7,False
LOUISVILLE METRO POLICE DEPT,,6600.0,GRADE,LN,,2.387,,,,,,,2,1,RAINING,WET,False,LOCAL STREET,COLLISION WITH BICYCLIST,SINGLE VEHICLE,STRAIGHT & LEVEL,DARK-HWY LIGHTED/OFF,False,2017-12-05 07:07:00-05:00,38.1538153,-85.7336441,True,False,TUESDAY,1268,2017,12,5,7,7,False
LOUISVILLE METRO POLICE DEPT,,,JEANINE,DR,,0.413,,WOODED,,,,,2,1,CLOUDY,DRY,False,LOCAL STREET,COLLISION WITH BICYCLE,SINGLE VEHICLE,STRAIGHT & LEVEL,DUSK,False,2017-12-14 17:09:00-05:00,38.1636178,-85.6880079,True,False,THURSDAY,1269,2017,12,14,17,9,False
LOUISVILLE METRO POLICE DEPT,KY0864,,POPLAR LEVEL,RD,,8.064,,JEFFERSON,,,,,2,1,CLEAR,DRY,False,STATE,COLLISION WITH BICYCLE,SINGLE VEHICLE,STRAIGHT & LEVEL,DARK-HWY LIGHTED/OFF,False,2017-12-19 10:00:00-05:00,38.1600301,-85.6714798,True,False,TUESDAY,1270,2017,12,19,10,0,True
LOUISVILLE METRO POLICE DEPT,,,WOODGATE,LN,,0.778,,ARJAY,,,,,2,1,CLEAR,DRY,False,LOCAL STREET,COLLISION WITH BICYCLE,SINGLE VEHICLE,STRAIGHT & LEVEL,DARK (UNKNOWN ROADWAY LIGHTING),False,2017-12-21 19:56:00-05:00,38.1982569,-85.6263092,True,False,THURSDAY,1271,2017,12,21,19,56,False
LOUISVILLE METRO POLICE DEPT,,,TRADE PORT,DR,,0.424,,,,,,,2,1,RAINING,WATER (STANDING OR MOVING),False,LOCAL STREET,COLLISION WITH BICYCLIST,SINGLE VEHICLE,STRAIGHT & LEVEL,DARK-HWY LIGHTED/OFF,False,2017-12-22 21:51:00-05:00,38.1248191,-85.8906576,False,False,FRIDAY,1272,2017,12,22,21,51,False
LOUISVILLE METRO POLICE DEPT,KY1851,,HUTCHERSON,DR,,0.119,,,,,,,2,1,CLEAR,DRY,False,STATE,COLLISION WITH BICYCLE IN INTERSECTION,SINGLE VEHICLE,STRAIGHT & GRADE,DAYLIGHT,False,2016-04-15 23:28:00-04:00,38.0913224,-85.7011182,False,True,FRIDAY,1273,2016,4,15,23,28,False
LOUISVILLE METRO POLICE DEPT,KY1020,,NATIONAL,TPKE,,5.589,,,,GERBER,,NEW VENTURE,2,1,CLEAR,DRY,False,STATE,COLLISION WITH BICYCLIST NON INTERSECTION,SINGLE VEHICLE,STRAIGHT & GRADE,DAYLIGHT,False,2016-08-22 16:15:00-04:00,38.1516974,-85.7643535,True,False,MONDAY,1274,2016,8,22,16,15,False
LOUISVILLE METRO POLICE DEPT,US0031W,16600,DIXIE,HWY,,1.319,,,,,,,2,1,CLOUDY,DRY,False,STATE,COLLISION WITH BICYCLIST NON INTERSECTION,SINGLE VEHICLE,STRAIGHT & LEVEL,DARK-HWY LIGHTED/ON,False,2016-10-03 22:04:00-04:00,38.0144727,-85.9251568,True,False,MONDAY,1275,2016,10,3,22,4,False
LOUISVILLE METRO POLICE DEPT,US0031E,,BARDSTOWN,RD,,3.803,,,,CAPTAIN,,GLENMARY FARM,2,1,CLEAR,DRY,False,STATE,COLLISION WITH BICYCLE IN INTERSECTION,SINGLE VEHICLE,STRAIGHT & LEVEL,DAYLIGHT,False,2016-11-06 15:30:00-05:00,38.1266292,-85.5753851,False,True,SUNDAY,1276,2016,11,6,15,30,False
LOUISVILLE METRO POLICE DEPT,KY0155,,TAYLORSVILLE,RD,,14.561,,,I 0264,I264 E EXIT17A OFF RAMP TO KY155,,FURMAN,2,1,CLEAR,DRY,False,STATE,COLLISION WITH BICYCLIST NON INTERSECTION,SINGLE VEHICLE,STRAIGHT & GRADE,DAYLIGHT,False,2017-03-23 08:08:00-04:00,38.221237,-85.648508,True,False,THURSDAY,1277,2017,3,23,8,8,False
LOUISVILLE METRO POLICE DEPT,US0060A,,LEXINGTON,RD,,9.226,,STILZ,,,,,1,0,CLEAR,DRY,False,STATE,,SINGLE VEHICLE,CURVE & LEVEL,DARK-HWY LIGHTED/ON,False,2017-10-14 03:56:00-04:00,38.2486564,-85.6805963,True,False,SATURDAY,1278,2017,10,14,3,56,False
LOUISVILLE METRO POLICE DEPT,,,FLOYD,ST,S,1.684,,ORMSBY,,,,,2,1,CLOUDY,WET,False,LOCAL ROAD,,SINGLE VEHICLE,STRAIGHT & LEVEL,DAYLIGHT,False,2018-01-08 16:16:00-05:00,38.2314878,-85.7521548,True,False,MONDAY,1279,2018,1,8,16,16,False
LOUISVILLE METRO POLICE DEPT,KY0907,,VALLEY STATION,RD,,0.714,,,,,,,2,1,CLEAR,DRY,False,STATE,,SINGLE VEHICLE,STRAIGHT & LEVEL,DAYLIGHT,False,2018-03-02 17:16:00-05:00,38.1056003,-85.8543875,True,False,FRIDAY,1280,2018,3,2,17,16,False
LOUISVILLE METRO POLICE DEPT,US0031E,,BARDSTOWN,RD,,11.346,,BASHFORD MANOR,,,,,2,1,CLEAR,DRY,False,STATE,,SINGLE VEHICLE,STRAIGHT & LEVEL,DARK-HWY LIGHTED/OFF,False,2018-04-05 21:09:00-04:00,38.2029986,-85.6644104,True,False,THURSDAY,1281,2018,4,5,21,9,True
LOUISVILLE METRO POLICE DEPT,KY1065,,OUTER,LOOP,,6.046,KY0061,PRESTON,,,,,2,1,CLEAR,DRY,False,STATE,COLLISION WITH BICYCLE IN INTERSECTION,SINGLE VEHICLE,STRAIGHT & LEVEL,DUSK,False,2018-04-29 20:50:00-04:00,38.138463,-85.6868521,True,False,SUNDAY,1282,2018,4,29,20,50,True
LOUISVILLE METRO POLICE DEPT,,,BEECH,ST,,0.786,,,,WILSON,,DR WILLIAM G WEATHERS,2,1,CLOUDY,DRY,False,LOCAL ROAD,,SINGLE VEHICLE,STRAIGHT & LEVEL,DAYLIGHT,False,2018-05-04 16:09:00-04:00,38.2276723,-85.8047807,True,False,FRIDAY,1283,2018,5,4,16,9,False
LOUISVILLE METRO POLICE DEPT,,6005,GLORIA,LN,,0.049,,,,,,,2,1,CLEAR,DRY,False,LOCAL ROAD,COLLISION WITH BICYCLIST NON INTERSECTION,SINGLE VEHICLE,STRAIGHT & LEVEL,DAYLIGHT,False,2018-05-26 16:45:00-04:00,38.16323845,-85.70578097,True,False,SATURDAY,1284,2018,5,26,16,45,False
LOUISVILLE METRO POLICE DEPT,KY1931,3636,MANSLICK,RD,,8.072,,,,,,,2,1,CLOUDY,DRY,False,STATE,COLLISION WITH BICYCLIST NON INTERSECTION,SINGLE VEHICLE,CURVE & LEVEL,DARK-HWY NOT LIGHTED,False,2018-06-22 22:40:00-04:00,38.1911706,-85.80087701,True,False,FRIDAY,1285,2018,6,22,22,40,False
LOUISVILLE METRO POLICE DEPT,KY1747,,FERN VALLEY,RD,,3.267,,,,JEFFERSON,KY1747,KY1747 CROSSOVER,2,1,CLOUDY,DRY,False,STATE,COLLISION WITH BICYCLIST NON INTERSECTION,SINGLE VEHICLE,STRAIGHT & LEVEL,DARK-HWY NOT LIGHTED,False,2018-07-25 22:53:00-04:00,38.1569777,-85.67270365,False,True,WEDNESDAY,1286,2018,7,25,22,53,False
LOUISVILLE METRO POLICE DEPT,KY0061,,PRESTON,HWY,,6.556,,,,LORETTA,,KREMER,3,2,CLEAR,DRY,True,STATE,COLLISION WITH PEDESTRIAN NON - INTERSECTION,ANGLE,STRAIGHT & LEVEL,OTHER,False,2018-08-28 22:20:00-04:00,38.17119556,-85.7091038,False,True,TUESDAY,1287,2018,8,28,22,20,False
LOUISVILLE METRO POLICE DEPT,KY1447,,WESTPORT,RD,,3.418,,,,CREEK,,OLD WESTPORT,2,1,CLEAR,DRY,True,STATE,COLLISION WITH BICYCLIST NON INTERSECTION,SINGLE VEHICLE,STRAIGHT & GRADE,DARK-HWY NOT LIGHTED,False,2018-08-30 04:04:00-04:00,38.27659047,-85.6022913,False,True,THURSDAY,1288,2018,8,30,4,4,False
LOUISVILLE METRO POLICE DEPT,,3305,GREENWOOD,AVE,,1.243,,,,,,,2,1,CLEAR,DRY,False,LOCAL ROAD,COLLISION WITH BICYCLIST NON INTERSECTION,SINGLE VEHICLE,STRAIGHT & LEVEL,DAYLIGHT,False,2018-08-30 19:54:00-04:00,38.24302955,-85.80804455,True,False,THURSDAY,1289,2018,8,30,19,54,False
LOUISVILLE METRO POLICE DEPT,KY0841,,GENE SNYDER,FWY,,1.636,,,US0031W,US31W N RAMP TO KY841 E,KY0841,KY841 RAMP TO  STONESTREET RD,2,1,CLEAR,DRY,False,STATE,COLLISION WITH BICYCLIST NON INTERSECTION,SINGLE VEHICLE,STRAIGHT & LEVEL,DARK-HWY LIGHTED/OFF,False,2018-09-17 00:12:00-04:00,38.08829957,-85.84604917,False,True,MONDAY,1290,2018,9,17,0,12,False
LOUISVILLE METRO POLICE DEPT,,,PAGES,LN,W,0.109,,,,KERRY,US0031W,DIXIE,2,1,CLOUDY,WET,False,LOCAL ROAD,,SINGLE VEHICLE,STRAIGHT & LEVEL,DAYLIGHT,False,2018-09-26 09:18:00-04:00,38.1303723,-85.8498403,True,False,WEDNESDAY,1291,2018,9,26,9,18,False
LOUISVILLE METRO POLICE DEPT,KY1747,,FERN VALLEY,RD,,3.178,,,,,,,2,1,FOG WITH RAIN,WET,False,STATE,,SINGLE VEHICLE,STRAIGHT & LEVEL,DARK-HWY NOT LIGHTED,False,2018-11-01 23:29:00-04:00,38.1570984,-85.6743159,False,True,THURSDAY,1292,2018,11,1,23,29,False
LOUISVILLE METRO POLICE DEPT,,,PEE WEE REESE,RD,,0.004,KY0155,TAYLORSVILLE,,,,,2,1,CLEAR,DRY,True,LOCAL ROAD,COLLISION WITH BICYCLE IN INTERSECTION,SINGLE VEHICLE,STRAIGHT & LEVEL,DAYLIGHT,False,2018-11-07 12:48:00-05:00,38.22293549,-85.66846628,True,False,WEDNESDAY,1293,2018,11,7,12,48,False
LOUISVILLE METRO POLICE DEPT,KY2054,,ALGONQUIN,PKWY,,3.047,,,,COLORADO,,COMPTON,2,1,CLEAR,DRY,False,STATE,COLLISION WITH BICYCLIST NON INTERSECTION,SINGLE VEHICLE,CURVE & LEVEL,DUSK,False,2018-11-17 17:47:00-05:00,38.21344516,-85.77239938,False,True,SATURDAY,1294,2018,11,17,17,47,False
LOUISVILLE METRO POLICE DEPT,KY0864,,POPLAR LEVEL,RD,,9.875,,,,HUNTINGTON PARK,,PRODUCE,2,1,CLEAR,DRY,False,STATE,COLLISION WITH BICYCLIST NON INTERSECTION,SINGLE VEHICLE,STRAIGHT & LEVEL,DAYLIGHT,False,2018-11-21 11:16:00-05:00,38.17917741,-85.69210133,True,False,WEDNESDAY,1295,2018,11,21,11,16,False
LOUISVILLE METRO POLICE DEPT,,3611,PARTHENIA,AVE,,0.644,,,,,,,2,1,CLEAR,DRY,True,LOCAL ROAD,COLLISION WITH BICYCLIST NON INTERSECTION,SINGLE VEHICLE,STRAIGHT & LEVEL,DARK-HWY NOT LIGHTED,False,2019-01-05 01:45:00-05:00,38.19415953,-85.79224716,False,True,SATURDAY,1296,2019,1,5,1,45,False
LOUISVILLE METRO POLICE DEPT,,4325,DOVER,RD,,0.56,,,,,,,2,1,CLOUDY,DRY,True,LOCAL ROAD,COLLISION WITH BICYCLIST NON INTERSECTION,SINGLE VEHICLE,STRAIGHT & LEVEL,DARK-HWY NOT LIGHTED,False,2019-03-28 21:41:00-04:00,38.18642906,-85.83311005,True,False,THURSDAY,1297,2019,3,28,21,41,False
LOUISVILLE METRO POLICE DEPT,,,RUDY,LN,,0.289,,,,TWO SPRINGS,,MERRIFIELD,2,1,CLEAR,DRY,False,LOCAL ROAD,COLLISION WITH BICYCLIST NON INTERSECTION,SINGLE VEHICLE,STRAIGHT & LEVEL,DAYLIGHT,True,2019-04-12 13:41:00-04:00,38.27500229,-85.63508298,True,False,FRIDAY,1298,2019,4,12,13,41,False
LOUISVILLE METRO POLICE DEPT,,,RUDY,LN,,0.289,,,,TWO SPRINGS,,MERRIFIELD,2,1,CLEAR,DRY,False,LOCAL ROAD,COLLISION WITH BICYCLIST NON INTERSECTION,SINGLE VEHICLE,STRAIGHT & LEVEL,DAYLIGHT,True,2019-04-12 13:41:00-04:00,38.27500229,-85.63508298,True,False,FRIDAY,1299,2019,4,12,13,41,False
LOUISVILLE METRO POLICE DEPT,KY1020,,3RD,ST,S,11.488,,ST CATHERINE,,,,,2,1,CLEAR,DRY,True,STATE,COLLISION WITH PEDESTRIAN IN INTERSECTION,SINGLE VEHICLE,CURVE & LEVEL,DAYLIGHT,False,2019-04-23 12:26:00-04:00,38.23722912,-85.75820702,True,False,TUESDAY,1300,2019,4,23,12,26,False
LOUISVILLE METRO POLICE DEPT,US0060,,FRANKFORT,AVE,,0.926,,JANE,,,,,2,1,CLEAR,DRY,False,STATE,COLLISION WITH BICYCLE IN INTERSECTION,SINGLE VEHICLE,STRAIGHT & LEVEL,DAYLIGHT,False,2019-05-16 19:19:00-04:00,38.25336845,-85.70332341,True,False,THURSDAY,1301,2019,5,16,19,19,False
LOUISVILLE METRO POLICE DEPT,,2803,WYANDOTTE,AVE,,0.036,,,,,,,2,1,CLEAR,DRY,False,LOCAL ROAD,COLLISION WITH BICYCLIST NON INTERSECTION,SINGLE VEHICLE,STRAIGHT & LEVEL,DAYLIGHT,False,2019-05-27 16:12:00-04:00,38.22486978,-85.80242383,True,False,MONDAY,1302,2019,5,27,16,12,False
LOUISVILLE METRO POLICE DEPT,,,RIVER,RD,,1.042,,INDIAN HILLS,,,,,2,1,CLEAR,DRY,False,LOCAL ROAD,COLLISION WITH BICYCLE IN INTERSECTION,SINGLE VEHICLE,STRAIGHT & LEVEL,DAYLIGHT,False,2019-06-02 10:07:00-04:00,38.28934787,-85.68231391,True,False,SUNDAY,1303,2019,6,2,10,7,False
LOUISVILLE METRO POLICE DEPT,KY1450,,BLUE LICK,RD,,0.739,,HILLPARK,,,,,2,1,CLEAR,DRY,True,STATE,COLLISION WITH BICYCLE IN INTERSECTION,SINGLE VEHICLE,STRAIGHT & LEVEL,DARK-HWY NOT LIGHTED,False,2019-08-10 23:48:00-04:00,38.09645071,-85.69658439,True,False,SATURDAY,1304,2019,8,10,23,48,False
LYNDON POLICE DEPARTMENT,KY2050,708,LYNDON,LN,,0.126,,,,,,,2,1,CLOUDY,DRY,False,STATE,COLLISION WITH BICYCLIST NON INTERSECTION,SINGLE VEHICLE,STRAIGHT & LEVEL,DARK-HWY LIGHTED/ON,False,2019-09-20 05:11:00-04:00,38.26026409,-85.60523228,True,False,FRIDAY,1305,2019,9,20,5,11,False