investigating_agency,roadway_number,building_number,roadway_name,roadway_suffix,roadway_direction,milepoint,intersection_roadway_number,intersection_roadway_name,between_street_number_1,between_street_name_1,between_street_number_2,between_street_name_2,units_involved,motor_vehicles_involved,weather,roadway_condition,hit_and_run_indicator,roadway_type,directional_analysis,manner_of_collision,roadway_character,light_condition,secondary_collision_indicator,date,latitude,longitude,injury_indicator,fatality_indicator,day_of_week,accident_id,year,month,day,hour,minute,lighted_signal_indicator
LOUISVILLE METRO POLICE DEPT,KY1747,,FERN VALLEY,RD,,1.376,,,,INDUSTRIAL,,ULRICH,2,1,CLEAR,DRY,True,STATE,COLLISION WITH BICYCLIST NON INTERSECTION,SINGLE VEHICLE,STRAIGHT & LEVEL,DARK-HWY NOT LIGHTED,False,2019-09-26 04:02:00-04:00,38.15700504,-85.70714888,False,True,THURSDAY,1306,2019,9,26,4,2,False
LOUISVILLE METRO POLICE DEPT,,,CARDINAL,BLVD,W,0.181,KY1020,3RD,,,,,2,1,CLEAR,DRY,False,LOCAL ROAD,COLLISION WITH BICYCLE IN INTERSECTION,SINGLE VEHICLE,STRAIGHT & LEVEL,DAYLIGHT,False,2019-10-10 14:22:00-04:00,38.2205531,-85.76117736,True,False,THURSDAY,1307,2019,10,10,14,22,True
LOUISVILLE METRO POLICE DEPT,US0031W,,DIXIE,HWY,,12.194,,ST PAULS CHURCH,,,,,2,1,CLEAR,DRY,False,STATE,COLLISION WITH BICYCLE IN INTERSECTION,SINGLE VEHICLE,STRAIGHT & LEVEL,DAYLIGHT,False,2019-10-19 12:36:00-04:00,38.15200995,-85.83626511,True,False,SATURDAY,1308,2019,10,19,12,36,True
LOUISVILLE METRO POLICE DEPT,KY2055,,MANSLICK,RD,W,3.655,,STAR REST,,,,,2,1,CLEAR,DRY,True,STATE,COLLISION WITH BICYCLE IN INTERSECTION,SINGLE VEHICLE,CURVE & LEVEL,DARK-HWY LIGHTED/ON,False,2019-12-19 18:36:00-05:00,38.11843012,-85.79383405,True,False,THURSDAY,1309,2019,12,19,18,36,False
LOUISVILLE METRO POLICE DEPT,,,PHILLIPS,LN,,0.271,,,,,,,2,1,CLEAR,WET,False,LOCAL ROAD,COLLISION WITH BICYCLIST NON INTERSECTION,SINGLE VEHICLE,STRAIGHT & LEVEL,DARK-HWY LIGHTED/ON,False,2020-02-26 20:47:00-05:00,38.19002918,-85.74714369,True,False,WEDNESDAY,1310,2020,2,26,20,47,False
LOUISVILLE METRO POLICE DEPT,KY1934,,CANE RUN,RD,,9.236,,,KY2049,CRUMS,,HARTLAGE,2,1,CLEAR,DRY,True,STATE,COLLISION WITH BICYCLIST NON INTERSECTION,SINGLE VEHICLE,STRAIGHT & LEVEL,DAYLIGHT,False,2020-04-24 15:54:00-04:00,38.19990254,-85.83672835,True,False,FRIDAY,1311,2020,4,24,15,54,False
LOUISVILLE METRO POLICE DEPT,KY0061,,PRESTON,ST,S,10.125,US0060A,EASTERN,,,,,4,3,CLOUDY,WET,False,STATE,COLLISION WITH BICYCLE IN INTERSECTION,ANGLE,STRAIGHT & LEVEL,DARK-HWY LIGHTED/ON,False,2020-05-15 21:16:00-04:00,38.21456271,-85.7430708,True,False,FRIDAY,1312,2020,5,15,21,16,False
LOUISVILLE METRO POLICE DEPT,,5116,PAGES,LN,W,0.286,,,,,,,2,1,RAINING,WET,False,LOCAL ROAD,COLLISION WITH BICYCLIST NON INTERSECTION,SINGLE VEHICLE,STRAIGHT & LEVEL,DAYLIGHT,False,2020-07-05 19:06:00-04:00,38.13034967,-85.85308706,True,False,SUNDAY,1313,2020,7,5,19,6,False
LOUISVILLE METRO POLICE DEPT,,,26TH,ST,S,1.302,,GREENWOOD,,,,,2,1,CLOUDY,WET,True,LOCAL ROAD,COLLISION WITH BICYCLE IN INTERSECTION,SINGLE VEHICLE,STRAIGHT & LEVEL,DAYLIGHT,False,2020-07-23 20:53:00-04:00,38.24193574,-85.79574447,True,False,THURSDAY,1314,2020,7,23,20,53,False
LOUISVILLE METRO POLICE DEPT,,,DIXIE,HWY,,1.604,,,,LEE,,LEE,2,1,CLEAR,DRY,False,LOCAL ROAD,COLLISION WITH BICYCLIST NON INTERSECTION,SINGLE VEHICLE,STRAIGHT & LEVEL,DAYLIGHT,False,2020-09-10 10:10:00-04:00,38.22668024,-85.79113155,True,False,THURSDAY,1315,2020,9,10,10,10,False
LOUISVILLE METRO POLICE DEPT,KY3064,,NORTHWESTERN,PKWY,,1.244,,,,,,,2,1,CLEAR,DRY,False,STATE,COLLISION WITH BICYCLIST NON INTERSECTION,SINGLE VEHICLE,STRAIGHT & LEVEL,DARK-HWY LIGHTED/ON,False,2020-10-06 22:26:00-04:00,38.27476782,-85.80348581,True,False,TUESDAY,1316,2020,10,6,22,26,False
LOUISVILLE METRO POLICE DEPT,KY1020,,NATIONAL,TPKE,,4.29,,TOLLS,,,,,2,1,CLEAR,DRY,False,STATE,COLLISION WITH BICYCLE IN INTERSECTION,SINGLE VEHICLE,STRAIGHT & LEVEL,DARK-HWY NOT LIGHTED,False,2020-11-11 01:24:00-05:00,38.13576578,-85.75241181,True,False,WEDNESDAY,1317,2020,11,11,1,24,False
LOUISVILLE METRO POLICE DEPT,,,6TH,ST,S,0.742,US0150,BROADWAY,,,,,2,1,CLEAR,DRY,True,LOCAL ROAD,COLLISION WITH BICYCLE IN INTERSECTION,SINGLE VEHICLE,STRAIGHT & LEVEL,DARK-HWY LIGHTED/ON,False,2020-12-31 22:12:00-05:00,38.24632388,-85.7617172,True,False,THURSDAY,1318,2020,12,31,22,12,False
LOUISVILLE METRO POLICE DEPT,,,BLUEGRASS,AVE,,0.68,,,,,,,2,1,CLEAR,DRY,False,LOCAL ROAD,COLLISION WITH BICYCLIST NON INTERSECTION,SINGLE VEHICLE,STRAIGHT & LEVEL,DAYLIGHT,False,2021-03-07 15:18:00-05:00,38.17945919,-85.78642288,True,False,SUNDAY,1319,2021,3,7,15,18,False
LOUISVILLE METRO POLICE DEPT,US0060A,1540,BERRY,BLVD,,1.038,,,,,,,2,1,CLEAR,DRY,True,STATE,COLLISION WITH BICYCLIST NON INTERSECTION,SINGLE VEHICLE,STRAIGHT & LEVEL,DARK-HWY LIGHTED/ON,False,2021-05-02 01:12:00-04:00,38.19659194,-85.79084908,True,False,SUNDAY,1320,2021,5,2,1,12,False
LOUISVILLE METRO POLICE DEPT,KY1932,,BRECKENRIDGE,LN,,3.065,,BERKSHIRE,,,,,2,1,OTHER,DRY,False,STATE,COLLISION WITH BICYCLE IN INTERSECTION,SINGLE VEHICLE,STRAIGHT & LEVEL,DARK (UNKNOWN ROADWAY LIGHTING),False,2021-05-11 00:40:00-04:00,38.2224753,-85.63269116,True,False,TUESDAY,1321,2021,5,11,0,40,False
LOUISVILLE METRO POLICE DEPT,,,STRAWBERRY,LN,,0.731,,EILER,,,,,2,1,CLEAR,DRY,True,LOCAL ROAD,COLLISION WITH BICYCLE IN INTERSECTION,SINGLE VEHICLE,STRAIGHT & LEVEL,DARK-HWY NOT LIGHTED,False,2021-05-18 03:25:00-04:00,38.16529151,-85.75480214,True,False,TUESDAY,1322,2021,5,18,3,25,False
LOUISVILLE METRO POLICE DEPT,,,HANCOCK,ST,S,0.693,US0150,BROADWAY,,,,,2,1,CLEAR,DRY,True,LOCAL ROAD,COLLISION WITH PEDESTRIAN IN INTERSECTION,SINGLE VEHICLE,STRAIGHT & LEVEL,DUSK,False,2021-05-21 07:08:00-04:00,38.2450422,-85.74360737,True,False,FRIDAY,1323,2021,5,21,7,8,False
LOUISVILLE METRO POLICE DEPT,KY1747,3215,FERN VALLEY,RD,,1.495,,,,,,,2,1,CLEAR,DRY,False,STATE,COLLISION WITH BICYCLIST NON INTERSECTION,SINGLE VEHICLE,STRAIGHT & LEVEL,DAYLIGHT,False,2021-05-24 18:09:00-04:00,38.15704546,-85.70497155,True,False,MONDAY,1324,2021,5,24,18,9,False
LOUISVILLE METRO POLICE DEPT,US0031W,7600,DIXIE,HWY,,11.64,,,,,,,3,1,RAINING,WET,False,STATE,COLLISION WITH BICYCLIST NON INTERSECTION,SINGLE VEHICLE,STRAIGHT & LEVEL,DARK-HWY NOT LIGHTED,False,2021-06-02 01:51:00-04:00,38.14291255,-85.8399874,False,True,WEDNESDAY,1325,2021,6,2,1,51,False
LOUISVILLE METRO POLICE DEPT,US0031W,7600,DIXIE,HWY,,11.64,,,,,,,3,1,RAINING,WET,False,STATE,COLLISION WITH BICYCLIST NON INTERSECTION,SINGLE VEHICLE,STRAIGHT & LEVEL,DARK-HWY NOT LIGHTED,False,2021-06-02 01:51:00-04:00,38.14291255,-85.8399874,True,False,WEDNESDAY,1326,2021,6,2,1,51,False
LOUISVILLE METRO POLICE DEPT,,1307,CLARA,AVE,,0.035,,,,,,,2,1,CLEAR,DRY,False,LOCAL ROAD,COLLISION WITH BICYCLIST NON INTERSECTION,SINGLE VEHICLE,STRAIGHT & LEVEL,DAYLIGHT,False,2021-06-28 18:00:00-04:00,38.19976102,-85.78328067,True,False,MONDAY,1327,2021,6,28,18,0,False
LOUISVILLE METRO POLICE DEPT,,2907,MARKET,ST,W,0.688,,29TH,,,,,2,1,CLEAR,DRY,True,LOCAL ROAD,COLLISION WITH BICYCLE IN INTERSECTION,SINGLE VEHICLE,STRAIGHT & LEVEL,DUSK,False,2021-07-04 21:27:00-04:00,38.2600609,-85.79897838,True,False,SUNDAY,1328,2021,7,4,21,27,False
LOUISVILLE METRO POLICE DEPT,,3100,RIVER,RD,,0.163,,,,,,,2,1,RAINING,WET,False,LOCAL ROAD,COLLISION WITH BICYCLIST NON INTERSECTION,SINGLE VEHICLE,STRAIGHT & LEVEL,DAWN,False,2021-07-10 06:05:00-04:00,38.28071243,-85.69456457,True,False,SATURDAY,1329,2021,7,10,6,5,False
LOUISVILLE METRO POLICE DEPT,,,26TH,ST,S,0.087,,MARKET,,,,,2,1,CLEAR,DRY,True,LOCAL ROAD,COLLISION WITH BICYCLE IN INTERSECTION,SINGLE VEHICLE,STRAIGHT & LEVEL,DARK-HWY LIGHTED/ON,False,2021-08-14 01:43:00-04:00,38.25949921,-85.79374753,True,False,SATURDAY,1330,2021,8,14,1,43,False
LOUISVILLE METRO POLICE DEPT,,,GARLAND,AVE,,1.76,,28TH,,,,,2,1,CLEAR,DRY,True,LOCAL ROAD,COLLISION WITH BICYCLE IN INTERSECTION,SINGLE VEHICLE,STRAIGHT & LEVEL,DAYLIGHT,False,2021-08-24 16:29:00-04:00,38.24496253,-85.79907815,True,False,TUESDAY,1331,2021,8,24,16,29,True
LOUISVILLE METRO POLICE DEPT,,7123,GRADE,LN,,3.102,,,,,,,2,1,RAINING,WET,True,LOCAL ROAD,COLLISION WITH BICYCLIST NON INTERSECTION,SINGLE VEHICLE,STRAIGHT & LEVEL,DARK-HWY LIGHTED/OFF,False,2021-08-30 21:05:00-04:00,38.14252642,-85.73850772,False,True,MONDAY,1332,2021,8,30,21,5,False
LOUISVILLE METRO POLICE DEPT,KY1020,,NATIONAL,TPKE,,4.278,,TOLLS,,,,,2,1,RAINING,WET,False,STATE,COLLISION WITH BICYCLE IN INTERSECTION,SINGLE VEHICLE,STRAIGHT & LEVEL,DAYLIGHT,False,2021-09-19 17:23:00-04:00,38.13561156,-85.75231654,False,True,SUNDAY,1333,2021,9,19,17,23,False
LOUISVILLE METRO POLICE DEPT,,,24TH,ST,S,0.531,,CHESTNUT,,,,,2,1,CLEAR,DRY,False,LOCAL ROAD,COLLISION WITH BICYCLE IN INTERSECTION,SINGLE VEHICLE,STRAIGHT & LEVEL,DARK-HWY LIGHTED/ON,False,2021-09-20 21:12:00-04:00,38.25274365,-85.79191514,True,False,MONDAY,1334,2021,9,20,21,12,False
SHIVELY POLICE DEPARTMENT,KY1931,3200,7TH STREET,RD,,8.821,,,,,,,2,1,CLEAR,DRY,True,STATE,COLLISION WITH BICYCLIST NON INTERSECTION,SINGLE VEHICLE,STRAIGHT & LEVEL,DAYLIGHT,False,2021-09-23 17:06:00-04:00,38.20024902,-85.79540761,False,True,THURSDAY,1335,2021,9,23,17,6,False
LOUISVILLE METRO POLICE DEPT,US0031W,,22ND,ST,S,18.399,,,,WOODLAND,,STANDARD,2,1,CLEAR,DRY,False,STATE,COLLISION WITH BICYCLIST NON INTERSECTION,SINGLE VEHICLE,STRAIGHT & GRADE,DARK-HWY NOT LIGHTED,False,2021-11-04 19:16:00-04:00,38.23216589,-85.79155393,True,False,THURSDAY,1336,2021,11,4,19,16,False
LOUISVILLE METRO POLICE DEPT,KY2048,,DUTCHMANS,LN,,0.234,,GAST,,,,,2,1,CLEAR,DRY,False,STATE,COLLISION WITH BICYCLE IN INTERSECTION,SINGLE VEHICLE,STRAIGHT & LEVEL,DAYLIGHT,False,2021-11-16 01:40:00-05:00,38.22419746,-85.65463154,True,False,TUESDAY,1337,2021,11,16,1,40,False
ST. MATTHEWS POLICE DEPARTMENT,,,BROWNS,LN,,0.733,,,,HILLSBORO,,SPRINGHILL,2,1,RAINING,WET,True,LOCAL ROAD,COLLISION WITH BICYCLIST NON INTERSECTION,SINGLE VEHICLE,STRAIGHT & LEVEL,DARK-HWY NOT LIGHTED,False,2021-12-06 06:22:00-05:00,38.24326735,-85.64012803,True,False,MONDAY,1338,2021,12,6,6,22,False
LOUISVILLE METRO POLICE DEPT,KY0907,,SOUTHSIDE,DR,,7.036,KY1020,NATIONAL,,,,,2,1,CLOUDY,DRY,False,STATE,COLLISION WITH BICYCLE IN INTERSECTION,SINGLE VEHICLE,STRAIGHT & LEVEL,DAYLIGHT,False,2021-12-23 16:05:00-05:00,38.15253447,-85.76563646,True,False,THURSDAY,1339,2021,12,23,16,5,False
LOUISVILLE METRO POLICE DEPT,,,MARKET,ST,W,0.832,,,,,,,2,1,CLOUDY,DRY,True,LOCAL ROAD,COLLISION WITH BICYCLIST NON INTERSECTION,SINGLE VEHICLE,STRAIGHT & LEVEL,DAYLIGHT,False,2022-01-02 14:13:00-05:00,38.26036316,-85.80158418,True,False,SUNDAY,1340,2022,1,2,14,13,False
LOUISVILLE METRO POLICE DEPT,,,3RD,ST,S,0.552,,LANSING,,,,,2,1,CLEAR,DRY,True,LOCAL ROAD,OTHER INTERSECTION COLLISIONS,SINGLE VEHICLE,STRAIGHT & LEVEL,DARK-HWY NOT LIGHTED,False,2022-01-02 19:28:00-05:00,38.19257578,-85.76494974,True,False,SUNDAY,1341,2022,1,2,19,28,False
LOUISVILLE METRO POLICE DEPT,KY1727,6600,TERRY,RD,,2.292,,,,,,,2,1,CLOUDY,DRY,True,STATE,COLLISION WITH BICYCLIST NON INTERSECTION,SINGLE VEHICLE,STRAIGHT & LEVEL,DARK-HWY NOT LIGHTED,False,2022-02-21 20:29:00-05:00,38.15448135,-85.86872195,False,True,MONDAY,1342,2022,2,21,20,29,False
LOUISVILLE METRO POLICE DEPT,KY0155,,TAYLORSVILLE,RD,,14.795,I 0264,I264 W EXIT17A OFF RAMP TO KY155 S,,,,,2,1,CLOUDY,DRY,False,STATE,OTHER INTERSECTION COLLISIONS,SINGLE VEHICLE,STRAIGHT & LEVEL,DAYLIGHT,False,2022-04-21 15:00:00-04:00,38.22159715,-85.65281677,True,False,THURSDAY,1343,2022,4,21,15,0,False
LOUISVILLE METRO POLICE DEPT,,,ZORN,AVE,,1.584,I 0071,I71 S EXIT2 ON RAMP FROM  ZORN AVE,,,,,2,1,CLEAR,DRY,False,LOCAL ROAD,COLLISION WITH BICYCLE IN INTERSECTION,SINGLE VEHICLE,STRAIGHT & LEVEL,DAYLIGHT,False,2022-04-24 19:47:00-04:00,38.27522185,-85.69768777,True,False,SUNDAY,1344,2022,4,24,19,47,False
LOUISVILLE METRO POLICE DEPT,,,PAGES,LN,E,1.176,,,,,,,1,0,CLEAR,DRY,True,LOCAL ROAD,1 VEHICLE ENTERING/LEAVING ENTRANCE,ANGLE,STRAIGHT & LEVEL,DAYLIGHT,False,2022-05-17 17:35:00-04:00,38.11700138,-85.83544687,True,False,TUESDAY,1345,2022,5,17,17,35,False
LOUISVILLE METRO POLICE DEPT,,2819,RODMAN,ST,,0.208,,,,,,,2,1,CLEAR,DRY,True,LOCAL ROAD,COLLISION WITH BICYCLIST NON INTERSECTION,SINGLE VEHICLE,STRAIGHT & LEVEL,DAYLIGHT,False,2022-06-22 14:42:00-04:00,38.20870017,-85.77000137,True,False,WEDNESDAY,1346,2022,6,22,14,42,False
LOUISVILLE METRO POLICE DEPT,US0031W,,DIXIE,HWY,,0.248,,,,US31W RAMP FROM KY841,,US31W,2,1,CLEAR,DRY,False,STATE,COLLISION WITH BICYCLIST NON INTERSECTION,SINGLE VEHICLE,CURVE & LEVEL,DAYLIGHT,False,2022-06-27 16:59:00-04:00,38.09328054,-85.87415593,False,True,MONDAY,1347,2022,6,27,16,59,False
SHIVELY POLICE DEPARTMENT,KY2051,2400B,ROCKFORD,LN,,1.087,,,,,,,2,1,CLEAR,DRY,False,STATE,COLLISION WITH BICYCLIST NON INTERSECTION,SINGLE VEHICLE,STRAIGHT & LEVEL,DARK-HWY LIGHTED/OFF,False,2022-06-28 01:11:00-04:00,38.17646922,-85.84291334,True,False,TUESDAY,1348,2022,6,28,1,11,False
LOUISVILLE METRO POLICE DEPT,KY0864,,POPLAR LEVEL,RD,,11.009,,,,,,,1,0,CLEAR,DRY,False,STATE,OTHER ROADWAY OR MID-BLOCK COLLISION,SINGLE VEHICLE,STRAIGHT & LEVEL,DARK-HWY LIGHTED/ON,False,2022-06-30 23:56:00-04:00,38.19159858,-85.70528129,True,False,THURSDAY,1349,2022,6,30,23,56,False
LOUISVILLE METRO POLICE DEPT,,,ARCADE,AVE,,0.343,,UTAH,,,,,1,1,CLEAR,DRY,True,LOCAL ROAD,COLLISION WITH BICYCLE IN INTERSECTION,SINGLE VEHICLE,STRAIGHT & LEVEL,DAYLIGHT,False,2022-07-10 17:31:00-04:00,38.20640539,-85.78471095,True,False,SUNDAY,1350,2022,7,10,17,31,False
LOUISVILLE METRO POLICE DEPT,KY1727,,TERRY,RD,,1.999,,RIVER POINTE,,,,,5,4,CLOUDY,DRY,True,STATE,COLLISION WITH BICYCLE IN INTERSECTION,HEAD ON,STRAIGHT & LEVEL,DARK-HWY NOT LIGHTED,False,2022-07-17 02:28:00-04:00,38.15033382,-85.86990369,False,True,SUNDAY,1351,2022,7,17,2,28,False
LOUISVILLE METRO POLICE DEPT,,4731,3RD,ST,S,1.347,,,,,,,2,1,CLEAR,DRY,False,LOCAL ROAD,COLLISION WITH BICYCLIST NON INTERSECTION,SINGLE VEHICLE,STRAIGHT & LEVEL,DARK-HWY LIGHTED/ON,False,2022-07-17 21:16:00-04:00,38.18115045,-85.76631558,True,False,SUNDAY,1352,2022,7,17,21,16,False
LOUISVILLE METRO POLICE DEPT,,1100B,HOMEVIEW,DR,,0.263,,,,,,,2,1,CLEAR,DRY,True,LOCAL ROAD,COLLISION WITH BICYCLIST NON INTERSECTION,SINGLE VEHICLE,STRAIGHT & LEVEL,DAYLIGHT,False,2022-08-11 15:31:00-04:00,38.20508533,-85.77826683,True,False,THURSDAY,1353,2022,8,11,15,31,False
LOUISVILLE METRO POLICE DEPT,KY2048,,DUTCHMANS,LN,,0.227,,GAST,,,,,2,1,CLEAR,DRY,False,STATE,COLLISION WITH BICYCLE IN INTERSECTION,SINGLE VEHICLE,STRAIGHT & LEVEL,DAYLIGHT,False,2022-08-17 14:46:00-04:00,38.22415874,-85.65468992,True,False,WEDNESDAY,1354,2022,8,17,14,46,False
LOUISVILLE METRO POLICE DEPT,,,NORRIS,PL,,0.393,,DEERWOOD,,,,,2,1,CLEAR,DRY,False,LOCAL ROAD,COLLISION WITH BICYCLE IN INTERSECTION,SINGLE VEHICLE,STRAIGHT & HILLCREST,DAWN,False,2022-09-11 19:30:00-04:00,38.22698007,-85.70841093,True,False,SUNDAY,1355,2022,9,11,19,30,False
LOUISVILLE METRO POLICE DEPT,,,32ND,ST,S,1.215,,KENTUCKY,,,,,2,1,CLEAR,DRY,True,LOCAL ROAD,COLLISION WITH BICYCLE IN INTERSECTION,SINGLE VEHICLE,STRAIGHT & LEVEL,DAYLIGHT,False,2022-09-21 12:18:00-04:00,38.24420417,-85.80596595,True,False,WEDNESDAY,1356,2022,9,21,12,18,False
LOUISVILLE METRO POLICE DEPT,KY1065,2200,OUTER,LOOP,,3.819,,,,,,,2,1,CLEAR,DRY,False,STATE,COLLISION WITH BICYCLIST NON INTERSECTION,SINGLE VEHICLE,STRAIGHT & LEVEL,DARK (UNKNOWN ROADWAY LIGHTING),False,2022-09-28 05:29:00-04:00,38.13265984,-85.72616727,True,False,WEDNESDAY,1357,2022,9,28,5,29,False
SHIVELY POLICE DEPARTMENT,KY2049,2211,CRUMS,LN,,1.384,,,,,,,2,1,CLEAR,DRY,False,STATE,COLLISION WITH BICYCLIST NON INTERSECTION,SINGLE VEHICLE,STRAIGHT & LEVEL,DARK-HWY LIGHTED/ON,False,2022-10-03 21:11:00-04:00,38.1944999,-85.81306161,True,False,MONDAY,1358,2022,10,3,21,11,False
LOUISVILLE METRO POLICE DEPT,KY1865,,NEW CUT,RD,,3.775,,KENWOOD,,,,,2,1,CLEAR,DRY,False,STATE,COLLISION WITH BICYCLE IN INTERSECTION,SINGLE VEHICLE,STRAIGHT & LEVEL,DARK-HWY LIGHTED/ON,False,2022-10-21 22:35:00-04:00,38.16161384,-85.77917151,True,False,FRIDAY,1359,2022,10,21,22,35,False
LOUISVILLE METRO POLICE DEPT,KY0061,,PRESTON,HWY,,3.708,,LAMBERT,,,,,2,1,CLEAR,DRY,True,STATE,COLLISION WITH BICYCLE IN INTERSECTION,SINGLE VEHICLE,STRAIGHT & LEVEL,DARK-HWY NOT LIGHTED,False,2022-11-01 20:17:00-04:00,38.1350234,-85.68490408,False,True,TUESDAY,1360,2022,11,1,20,17,False
LOUISVILLE METRO POLICE DEPT,US0031W,10101,DIXIE,HWY,,8.918,,,,,,,2,1,CLEAR,DRY,True,STATE,COLLISION WITH BICYCLIST NON INTERSECTION,SINGLE VEHICLE,STRAIGHT & LEVEL,DARK-HWY NOT LIGHTED,False,2022-11-09 02:45:00-05:00,38.11124573,-85.8642182,True,False,WEDNESDAY,1361,2022,11,9,2,45,False
LOUISVILLE METRO POLICE DEPT,KY1020,,NATIONAL,TPKE,,1.904,,FARMERS,,,,,2,1,CLEAR,DRY,False,STATE,COLLISION WITH BICYCLE IN INTERSECTION,SINGLE VEHICLE,STRAIGHT & LEVEL,DAYLIGHT,False,2022-11-14 15:36:00-05:00,38.10344391,-85.73983383,False,True,MONDAY,1362,2022,11,14,15,36,False
LOUISVILLE METRO POLICE DEPT,KY0155,,TAYLORSVILLE,RD,,16.205,,BROADMEADE,,,,,2,1,CLEAR,DRY,False,STATE,COLLISION WITH BICYCLE IN INTERSECTION,SINGLE VEHICLE,STRAIGHT & LEVEL,DAYLIGHT,False,2023-01-27 14:45:00-05:00,38.22370186,-85.67865636,True,False,FRIDAY,1363,2023,1,27,14,45,False
LOUISVILLE METRO POLICE DEPT,KY0841,,GENE SNYDER,FWY,,9.459,,,KY0841,KY841 CROSSOVER,I 0065,I65 S EXIT125 RAMP FROM KY481,2,1,CLEAR,DRY,False,STATE,COLLISION WITH BICYCLIST NON INTERSECTION,SINGLE VEHICLE,STRAIGHT & LEVEL,DAYLIGHT,False,2023-02-13 16:39:00-05:00,38.11419064,-85.71575301,False,True,MONDAY,1364,2023,2,13,16,39,False
LOUISVILLE METRO POLICE DEPT,KY1865,,NEW CUT,RD,,2.672,KY0907,SOUTHSIDE,,,,,2,1,CLEAR,DRY,False,STATE,COLLISION WITH BICYCLE IN INTERSECTION,SINGLE VEHICLE,STRAIGHT & LEVEL,DAYLIGHT,False,2023-02-21 16:09:00-05:00,38.14578799,-85.77531827,True,False,TUESDAY,1365,2023,2,21,16,9,False
LOUISVILLE METRO POLICE DEPT,,,LOUIS COLEMAN JR,DR,,0.772,,BROADWAY,,,,,2,1,CLEAR,DRY,True,LOCAL ROAD,COLLISION WITH BICYCLE IN INTERSECTION,SINGLE VEHICLE,STRAIGHT & LEVEL,DAYLIGHT,False,2023-06-20 19:30:00-04:00,38.24984892,-85.8078801,True,False,TUESDAY,1366,2023,6,20,19,30,False
LOUISVILLE METRO POLICE DEPT,US0060A,1643,BERRY,BLVD,,0.92,,,,,,,2,1,CLEAR,DRY,True,STATE,COLLISION WITH BICYCLIST NON INTERSECTION,SINGLE VEHICLE,STRAIGHT & LEVEL,DARK-HWY LIGHTED/ON,False,2023-07-22 01:47:00-04:00,38.19665319,-85.79289735,True,False,SATURDAY,1367,2023,7,22,1,47,False
LOUISVILLE METRO POLICE DEPT,,,KRAMERS,LN,,0.507,,,,,,,2,1,CLEAR,DRY,False,LOCAL ROAD,COLLISION WITH BICYCLIST NON INTERSECTION,SINGLE VEHICLE,STRAIGHT & LEVEL,DAYLIGHT,False,2023-08-10 16:15:00-04:00,38.20392845,-85.8434775,True,False,THURSDAY,1368,2023,8,10,16,15,False
LYNDON POLICE DEPARTMENT,,,LA GRANGE,RD,,0.706,,,,BLUE VALE,,AUTUMN RIDGE,3,2,CLEAR,DRY,False,LOCAL ROAD,COLLISION WITH BICYCLIST NON INTERSECTION,ANGLE,STRAIGHT & LEVEL,DAYLIGHT,False,2023-08-15 07:19:00-04:00,38.26539706,-85.59463847,False,True,TUESDAY,1369,2023,8,15,7,19,False
LOUISVILLE METRO POLICE DEPT,,,FEGENBUSH,LN,,0.233,,NORFOLK,,,,,2,1,CLEAR,DRY,False,LOCAL ROAD,COLLISION WITH BICYCLE IN INTERSECTION,SINGLE VEHICLE,STRAIGHT & LEVEL,DAYLIGHT,False,2023-08-21 14:57:00-04:00,38.18387487,-85.63826634,True,False,MONDAY,1370,2023,8,21,14,57,False
LOUISVILLE METRO POLICE DEPT,,,DELOR,AVE,,0.937,,PACKARD,,,,,2,1,CLEAR,DRY,False,LOCAL ROAD,COLLISION WITH BICYCLE IN INTERSECTION,SINGLE VEHICLE,STRAIGHT & LEVEL,DAYLIGHT,False,2023-08-30 07:49:00-04:00,38.210348,-85.73353629,True,False,WEDNESDAY,1371,2023,8,30,7,49,False
LOUISVILLE METRO POLICE DEPT,,,OLD BROWNSBORO HILLS,RD,,0.131,,,,,,,2,1,CLEAR,DRY,True,LOCAL ROAD,COLLISION WITH BICYCLIST NON INTERSECTION,SINGLE VEHICLE,STRAIGHT & LEVEL,DAYLIGHT,False,2023-09-01 16:20:00-04:00,38.30124306,-85.59547943,False,True,FRIDAY,1372,2023,9,1,16,20,False
LOUISVILLE METRO POLICE DEPT,KY1065,,OUTER,LOOP,,6.22,,,,CAROL,,NOLTEMEYER WYNDE,2,1,CLEAR,DRY,False,STATE,COLLISION WITH PEDESTRIAN NON - INTERSECTION,SINGLE VEHICLE,STRAIGHT & LEVEL,DARK-HWY NOT LIGHTED,False,2023-09-22 23:25:00-04:00,38.13826052,-85.68378317,False,True,FRIDAY,1373,2023,9,22,23,25,False